ts_client,phase,type,thread_id,query_name,latency_ms,freshness_ms,extra
1768291120164,monitor,OLAP_FRESHNESS,-1,MONITOR_QUERY,0,1768291120147,
1768291120212,htap,OLAP_QUERY,4,MAIN_OLAP,21,1768291120148,
1768291120212,htap,OLAP_QUERY,1,MAIN_OLAP,35,1768291120148,
1768291120255,htap,OLAP_QUERY,3,MAIN_OLAP,43,1768291120148,
1768291120263,htap,OLAP_QUERY,0,MAIN_OLAP,75,1768291120148,
1768291120265,htap,OLAP_QUERY,2,MAIN_OLAP,67,1768291120148,
1768291120416,htap,OLTP_BATCH,5,BATCH,213,,statements=1002
1768291120417,htap,OLTP_BATCH,2,BATCH,213,,statements=1002
1768291120418,htap,OLTP_BATCH,0,BATCH,214,,statements=1002
1768291120441,htap,OLTP_BATCH,9,BATCH,239,,statements=1002
1768291120446,htap,OLTP_BATCH,3,BATCH,244,,statements=1002
1768291120452,htap,OLTP_BATCH,1,BATCH,248,,statements=1002
1768291120489,htap,OLTP_BATCH,7,BATCH,288,,statements=1002
1768291120493,htap,OLTP_BATCH,8,BATCH,291,,statements=1002
1768291120511,htap,OLTP_BATCH,4,BATCH,309,,statements=1002
1768291120520,htap,OLTP_BATCH,6,BATCH,319,,statements=1002
1768291120539,htap,OLTP_BATCH,0,BATCH,95,,statements=1002
1768291120551,htap,OLTP_BATCH,1,BATCH,95,,statements=1002
1768291120562,htap,OLTP_BATCH,2,BATCH,120,,statements=1002
1768291120582,htap,OLTP_BATCH,3,BATCH,132,,statements=1002
1768291120599,htap,OLTP_BATCH,5,BATCH,158,,statements=1002
1768291120606,htap,OLTP_BATCH,9,BATCH,160,,statements=1002
1768291120664,htap,OLTP_BATCH,4,BATCH,149,,statements=1002
1768291120676,htap,OLTP_BATCH,1,BATCH,122,,statements=1002
1768291120689,htap,OLTP_BATCH,8,BATCH,182,,statements=1002
1768291120691,htap,OLTP_BATCH,7,BATCH,199,,statements=1002
1768291120696,htap,OLTP_BATCH,0,BATCH,150,,statements=1002
1768291120727,htap,OLTP_BATCH,2,BATCH,162,,statements=1002
1768291120735,htap,OLTP_BATCH,6,BATCH,209,,statements=1002
1768291120769,htap,OLTP_BATCH,3,BATCH,184,,statements=1002
1768291120778,htap,OLTP_BATCH,0,BATCH,79,,statements=1002
1768291120802,htap,OLAP_QUERY,4,MAIN_OLAP,36,361,
1768291120809,htap,OLTP_BATCH,5,BATCH,205,,statements=1002
1768291120827,htap,OLAP_QUERY,3,MAIN_OLAP,39,405,
1768291120845,htap,OLAP_QUERY,1,MAIN_OLAP,63,361,
1768291120851,htap,OLTP_BATCH,4,BATCH,183,,statements=1002
1768291120857,htap,OLTP_BATCH,9,BATCH,247,,statements=1002
1768291120876,htap,OLTP_BATCH,1,BATCH,182,,statements=1002
1768291120879,htap,OLAP_QUERY,2,MAIN_OLAP,55,423,
1768291120880,htap,OLAP_QUERY,0,MAIN_OLAP,38,409,
1768291120922,htap,OLTP_BATCH,0,BATCH,125,,statements=1002
1768291120926,htap,OLTP_BATCH,2,BATCH,196,,statements=1002
1768291120982,htap,OLTP_BATCH,6,BATCH,244,,statements=1002
1768291120988,htap,OLTP_BATCH,7,BATCH,292,,statements=1002
1768291121015,htap,OLTP_BATCH,8,BATCH,321,,statements=1002
1768291121030,htap,OLTP_BATCH,1,BATCH,151,,statements=1002
1768291121053,htap,OLTP_BATCH,0,BATCH,128,,statements=1002
1768291121065,htap,OLTP_BATCH,5,BATCH,253,,statements=1002
1768291121065,htap,OLTP_BATCH,3,BATCH,292,,statements=1002
1768291121080,htap,OLTP_BATCH,4,BATCH,223,,statements=1002
1768291121101,htap,OLTP_BATCH,2,BATCH,172,,statements=1002
1768291121174,monitor,OLAP_FRESHNESS,-1,MONITOR_QUERY,0,811,
1768291121180,htap,OLTP_BATCH,0,BATCH,124,,statements=1002
1768291121186,htap,OLTP_BATCH,9,BATCH,324,,statements=1002
1768291121196,htap,OLTP_BATCH,1,BATCH,163,,statements=1002
1768291121262,htap,OLTP_BATCH,7,BATCH,271,,statements=1002
1768291121267,htap,OLTP_BATCH,6,BATCH,282,,statements=1002
1768291121285,htap,OLTP_BATCH,2,BATCH,181,,statements=1002
1768291121289,htap,OLTP_BATCH,3,BATCH,222,,statements=1002
1768291121325,htap,OLTP_BATCH,0,BATCH,143,,statements=1002
1768291121332,htap,OLAP_QUERY,4,MAIN_OLAP,11,957,
1768291121339,htap,OLTP_BATCH,4,BATCH,256,,statements=1002
1768291121347,htap,OLTP_BATCH,1,BATCH,148,,statements=1002
1768291121360,htap,OLTP_BATCH,8,BATCH,342,,statements=1002
1768291121367,htap,OLAP_QUERY,3,MAIN_OLAP,17,973,
1768291121379,htap,OLAP_QUERY,1,MAIN_OLAP,20,991,
1768291121417,htap,OLAP_QUERY,2,MAIN_OLAP,25,1025,
1768291121424,htap,OLAP_QUERY,0,MAIN_OLAP,35,1027,
1768291121444,htap,OLTP_BATCH,5,BATCH,377,,statements=1002
1768291121472,htap,OLTP_BATCH,0,BATCH,145,,statements=1002
1768291121499,htap,OLTP_BATCH,3,BATCH,208,,statements=1002
1768291121518,htap,OLTP_BATCH,2,BATCH,231,,statements=1002
1768291121544,htap,OLTP_BATCH,9,BATCH,355,,statements=1002
1768291121562,htap,OLTP_BATCH,1,BATCH,212,,statements=1002
1768291121612,htap,OLTP_BATCH,6,BATCH,343,,statements=1002
1768291121626,htap,OLTP_BATCH,7,BATCH,361,,statements=1002
1768291121642,htap,OLTP_BATCH,4,BATCH,301,,statements=1002
1768291121649,htap,OLTP_BATCH,0,BATCH,174,,statements=1002
1768291121730,htap,OLTP_BATCH,2,BATCH,210,,statements=1002
1768291121753,htap,OLTP_BATCH,5,BATCH,306,,statements=1002
1768291121771,htap,OLTP_BATCH,8,BATCH,407,,statements=1002
1768291121804,htap,OLTP_BATCH,1,BATCH,240,,statements=1002
1768291121811,htap,OLTP_BATCH,3,BATCH,309,,statements=1002
1768291121814,htap,OLTP_BATCH,0,BATCH,162,,statements=1002
1768291121865,htap,OLAP_QUERY,4,MAIN_OLAP,24,1468,
1768291121897,htap,OLAP_QUERY,3,MAIN_OLAP,16,1503,
1768291121901,htap,OLAP_QUERY,1,MAIN_OLAP,12,1515,
1768291121945,htap,OLAP_QUERY,2,MAIN_OLAP,16,1553,
1768291121951,htap,OLAP_QUERY,0,MAIN_OLAP,16,1561,
1768291121965,htap,OLTP_BATCH,4,BATCH,321,,statements=1002
1768291121981,htap,OLTP_BATCH,9,BATCH,434,,statements=1002
1768291122020,htap,OLTP_BATCH,6,BATCH,405,,statements=1002
1768291122030,htap,OLTP_BATCH,1,BATCH,223,,statements=1002
1768291122031,htap,OLTP_BATCH,2,BATCH,298,,statements=1002
1768291122042,htap,OLTP_BATCH,7,BATCH,413,,statements=1002
1768291122067,htap,OLTP_BATCH,0,BATCH,251,,statements=1002
1768291122158,htap,OLTP_BATCH,5,BATCH,403,,statements=1002
1768291122187,monitor,OLAP_FRESHNESS,-1,MONITOR_QUERY,0,1811,
1768291122223,htap,OLTP_BATCH,1,BATCH,190,,statements=1002
1768291122227,htap,OLTP_BATCH,0,BATCH,157,,statements=1002
1768291122250,htap,OLTP_BATCH,3,BATCH,437,,statements=1002
1768291122276,htap,OLTP_BATCH,8,BATCH,502,,statements=1002
1768291122295,htap,OLTP_BATCH,2,BATCH,262,,statements=1002
1768291122346,htap,OLTP_BATCH,4,BATCH,378,,statements=1002
1768291122382,htap,OLAP_QUERY,4,MAIN_OLAP,9,1931,
1768291122387,htap,OLTP_BATCH,0,BATCH,157,,statements=1002
1768291122419,htap,OLAP_QUERY,3,MAIN_OLAP,13,1963,
1768291122420,htap,OLAP_QUERY,1,MAIN_OLAP,11,1967,
1768291122430,htap,OLTP_BATCH,1,BATCH,205,,statements=1002
1768291122432,htap,OLTP_BATCH,6,BATCH,409,,statements=1002
1768291122466,htap,OLAP_QUERY,2,MAIN_OLAP,8,2011,
1768291122468,htap,OLAP_QUERY,0,MAIN_OLAP,10,2017,
1768291122485,htap,OLTP_BATCH,7,BATCH,441,,statements=1002
1768291122486,htap,OLTP_BATCH,9,BATCH,492,,statements=1002
1768291122500,htap,OLTP_BATCH,5,BATCH,340,,statements=1002
1768291122533,htap,OLTP_BATCH,0,BATCH,144,,statements=1002
1768291122556,htap,OLTP_BATCH,3,BATCH,304,,statements=1002
1768291122556,htap,OLTP_BATCH,2,BATCH,243,,statements=1002
1768291122628,htap,OLTP_BATCH,1,BATCH,196,,statements=1002
1768291122663,htap,OLTP_BATCH,0,BATCH,128,,statements=1002
1768291122669,htap,OLTP_BATCH,4,BATCH,321,,statements=1002
1768291122757,htap,OLTP_BATCH,8,BATCH,478,,statements=1002
1768291122828,htap,OLTP_BATCH,6,BATCH,394,,statements=1002
1768291122860,htap,OLTP_BATCH,2,BATCH,301,,statements=1002
1768291122885,htap,OLTP_BATCH,3,BATCH,326,,statements=1002
1768291122892,htap,OLTP_BATCH,0,BATCH,214,,statements=1002
1768291122908,htap,OLTP_BATCH,1,BATCH,278,,statements=1002
1768291122923,htap,OLAP_QUERY,4,MAIN_OLAP,25,2448,
1768291122949,htap,OLTP_BATCH,5,BATCH,447,,statements=1002
1768291122956,htap,OLAP_QUERY,1,MAIN_OLAP,16,2486,
1768291122969,htap,OLAP_QUERY,3,MAIN_OLAP,39,2485,
1768291122988,htap,OLAP_QUERY,0,MAIN_OLAP,11,2535,
1768291122993,htap,OLAP_QUERY,2,MAIN_OLAP,17,2532,
1768291122998,htap,OLTP_BATCH,7,BATCH,511,,statements=1002
1768291123071,htap,OLTP_BATCH,9,BATCH,583,,statements=1002
1768291123089,htap,OLTP_BATCH,4,BATCH,418,,statements=1002
1768291123103,htap,OLTP_BATCH,0,BATCH,209,,statements=1002
1768291123146,htap,OLTP_BATCH,2,BATCH,284,,statements=1002
1768291123178,htap,OLTP_BATCH,1,BATCH,267,,statements=1002
1768291123196,monitor,OLAP_FRESHNESS,-1,MONITOR_QUERY,0,2711,
1768291123270,htap,OLTP_BATCH,3,BATCH,383,,statements=1002
1768291123277,htap,OLTP_BATCH,8,BATCH,517,,statements=1002
1768291123317,htap,OLTP_BATCH,0,BATCH,212,,statements=1002
1768291123355,htap,OLTP_BATCH,6,BATCH,525,,statements=1002
1768291123402,htap,OLTP_BATCH,5,BATCH,451,,statements=1002
1768291123402,htap,OLTP_BATCH,1,BATCH,222,,statements=1002
1768291123417,htap,OLTP_BATCH,2,BATCH,269,,statements=1002
1768291123454,htap,OLAP_QUERY,4,MAIN_OLAP,10,2949,
1768291123478,htap,OLAP_QUERY,1,MAIN_OLAP,10,2980,
1768291123480,htap,OLTP_BATCH,0,BATCH,161,,statements=1002
1768291123486,htap,OLAP_QUERY,3,MAIN_OLAP,10,2993,
1768291123497,htap,OLTP_BATCH,7,BATCH,497,,statements=1002
1768291123505,htap,OLTP_BATCH,4,BATCH,414,,statements=1002
1768291123517,htap,OLAP_QUERY,0,MAIN_OLAP,9,3012,
1768291123519,htap,OLAP_QUERY,2,MAIN_OLAP,12,3017,
1768291123609,htap,OLTP_BATCH,3,BATCH,337,,statements=1002
1768291123633,htap,OLTP_BATCH,9,BATCH,560,,statements=1002
1768291123646,htap,OLTP_BATCH,0,BATCH,163,,statements=1002
1768291123657,htap,OLTP_BATCH,1,BATCH,252,,statements=1002
1768291123680,htap,OLTP_BATCH,2,BATCH,261,,statements=1002
1768291123825,htap,OLTP_BATCH,6,BATCH,468,,statements=1002
1768291123825,htap,OLTP_BATCH,0,BATCH,177,,statements=1002
1768291123858,htap,OLTP_BATCH,5,BATCH,454,,statements=1002
1768291123866,htap,OLTP_BATCH,8,BATCH,586,,statements=1002
1768291123907,htap,OLTP_BATCH,1,BATCH,247,,statements=1002
1768291123934,htap,OLTP_BATCH,4,BATCH,426,,statements=1002
1768291123976,htap,OLAP_QUERY,4,MAIN_OLAP,11,3390,
1768291123983,htap,OLTP_BATCH,3,BATCH,371,,statements=1002
1768291124009,htap,OLTP_BATCH,0,BATCH,180,,statements=1002
1768291124012,htap,OLTP_BATCH,2,BATCH,330,,statements=1002
1768291124016,htap,OLAP_QUERY,1,MAIN_OLAP,12,3414,
1768291124031,htap,OLAP_QUERY,3,MAIN_OLAP,17,3422,
1768291124047,htap,OLAP_QUERY,2,MAIN_OLAP,19,3455,
1768291124055,htap,OLAP_QUERY,0,MAIN_OLAP,26,3454,
1768291124112,htap,OLTP_BATCH,7,BATCH,613,,statements=1002
1768291124171,htap,OLTP_BATCH,1,BATCH,262,,statements=1002
1768291124206,monitor,OLAP_FRESHNESS,-1,MONITOR_QUERY,0,3632,
1768291124213,htap,OLTP_BATCH,0,BATCH,201,,statements=1002
1768291124256,htap,OLTP_BATCH,9,BATCH,620,,statements=1002
1768291124344,htap,OLTP_BATCH,5,BATCH,483,,statements=1002
1768291124368,htap,OLTP_BATCH,2,BATCH,353,,statements=1002
1768291124369,htap,OLTP_BATCH,6,BATCH,541,,statements=1002
1768291124370,htap,OLTP_BATCH,4,BATCH,434,,statements=1002
1768291124381,htap,OLTP_BATCH,3,BATCH,394,,statements=1002
1768291124396,htap,OLTP_BATCH,0,BATCH,181,,statements=1002
1768291124433,htap,OLTP_BATCH,1,BATCH,259,,statements=1002
1768291124471,htap,OLTP_BATCH,8,BATCH,603,,statements=1002
1768291124503,htap,OLAP_QUERY,4,MAIN_OLAP,11,3913,
1768291124541,htap,OLAP_QUERY,1,MAIN_OLAP,12,3952,
1768291124561,htap,OLAP_QUERY,3,MAIN_OLAP,20,3967,
1768291124562,htap,OLTP_BATCH,0,BATCH,163,,statements=1002
1768291124570,htap,OLAP_QUERY,2,MAIN_OLAP,9,3983,
1768291124584,htap,OLAP_QUERY,0,MAIN_OLAP,16,3991,
1768291124712,htap,OLTP_BATCH,7,BATCH,598,,statements=1002
1768291124749,htap,OLTP_BATCH,1,BATCH,314,,statements=1002
1768291124758,htap,OLTP_BATCH,2,BATCH,387,,statements=1002
1768291124775,htap,OLTP_BATCH,3,BATCH,392,,statements=1002
1768291124805,htap,OLTP_BATCH,0,BATCH,240,,statements=1002
1768291124833,htap,OLTP_BATCH,5,BATCH,487,,statements=1002
1768291124851,htap,OLTP_BATCH,4,BATCH,478,,statements=1002
1768291124953,htap,OLTP_BATCH,6,BATCH,581,,statements=1002
1768291124964,htap,OLTP_BATCH,9,BATCH,706,,statements=1002
1768291125000,htap,OLTP_BATCH,0,BATCH,193,,statements=1002
1768291125017,htap,OLAP_QUERY,4,MAIN_OLAP,8,4420,
1768291125038,htap,OLTP_BATCH,1,BATCH,287,,statements=1002
1768291125055,htap,OLTP_BATCH,8,BATCH,581,,statements=1002
1768291125060,htap,OLAP_QUERY,1,MAIN_OLAP,9,4458,
1768291125079,htap,OLAP_QUERY,3,MAIN_OLAP,11,4478,
1768291125091,htap,OLAP_QUERY,2,MAIN_OLAP,13,4487,
1768291125097,htap,OLAP_QUERY,0,MAIN_OLAP,6,4502,
1768291125120,htap,OLTP_BATCH,2,BATCH,359,,statements=1002
1768291125171,htap,OLTP_BATCH,3,BATCH,393,,statements=1002
1768291125203,htap,OLTP_BATCH,0,BATCH,201,,statements=1002
1768291125216,monitor,OLAP_FRESHNESS,-1,MONITOR_QUERY,0,4623,
1768291125300,htap,OLTP_BATCH,7,BATCH,585,,statements=1002
1768291125305,htap,OLTP_BATCH,4,BATCH,448,,statements=1002
1768291125325,htap,OLTP_BATCH,5,BATCH,490,,statements=1002
1768291125340,htap,OLTP_BATCH,1,BATCH,299,,statements=1002
1768291125390,htap,OLTP_BATCH,0,BATCH,184,,statements=1002
1768291125508,htap,OLTP_BATCH,2,BATCH,387,,statements=1002
1768291125534,htap,OLAP_QUERY,4,MAIN_OLAP,10,4801,
1768291125576,htap,OLAP_QUERY,1,MAIN_OLAP,8,4844,
1768291125602,htap,OLTP_BATCH,6,BATCH,647,,statements=1002
1768291125606,htap,OLAP_QUERY,3,MAIN_OLAP,9,4863,
1768291125617,htap,OLTP_BATCH,0,BATCH,225,,statements=1002
1768291125633,htap,OLAP_QUERY,0,MAIN_OLAP,21,4881,
1768291125637,htap,OLAP_QUERY,2,MAIN_OLAP,29,4876,
1768291125654,htap,OLTP_BATCH,1,BATCH,312,,statements=1002
1768291125659,htap,OLTP_BATCH,9,BATCH,693,,statements=1002
1768291125706,htap,OLTP_BATCH,3,BATCH,532,,statements=1002
1768291125848,htap,OLTP_BATCH,0,BATCH,229,,statements=1002
1768291125856,htap,OLTP_BATCH,8,BATCH,799,,statements=1002
1768291125909,htap,OLTP_BATCH,4,BATCH,601,,statements=1002
1768291125930,htap,OLTP_BATCH,2,BATCH,420,,statements=1002
1768291125976,htap,OLTP_BATCH,1,BATCH,320,,statements=1002
1768291126030,htap,OLTP_BATCH,5,BATCH,703,,statements=1002
1768291126037,htap,OLTP_BATCH,7,BATCH,735,,statements=1002
1768291126055,htap,OLAP_QUERY,4,MAIN_OLAP,14,5318,
1768291126075,htap,OLTP_BATCH,0,BATCH,225,,statements=1002
1768291126094,htap,OLAP_QUERY,1,MAIN_OLAP,13,5360,
1768291126129,htap,OLAP_QUERY,3,MAIN_OLAP,8,5390,
1768291126152,htap,OLAP_QUERY,0,MAIN_OLAP,11,5417,
1768291126154,htap,OLAP_QUERY,2,MAIN_OLAP,9,5422,
1768291126196,htap,OLTP_BATCH,3,BATCH,488,,statements=1002
1768291126234,monitor,OLAP_FRESHNESS,-1,MONITOR_QUERY,0,5500,
1768291126268,htap,OLTP_BATCH,6,BATCH,664,,statements=1002
1768291126309,htap,OLTP_BATCH,0,BATCH,232,,statements=1002
1768291126338,htap,OLTP_BATCH,1,BATCH,360,,statements=1002
1768291126370,htap,OLTP_BATCH,2,BATCH,438,,statements=1002
1768291126479,htap,OLTP_BATCH,9,BATCH,817,,statements=1002
1768291126492,htap,OLTP_BATCH,4,BATCH,581,,statements=1002
1768291126579,htap,OLAP_QUERY,4,MAIN_OLAP,10,5736,
1768291126593,htap,OLTP_BATCH,0,BATCH,282,,statements=1002
1768291126619,htap,OLAP_QUERY,1,MAIN_OLAP,9,5776,
1768291126645,htap,OLAP_QUERY,3,MAIN_OLAP,9,5810,
1768291126667,htap,OLAP_QUERY,0,MAIN_OLAP,9,5833,
1768291126676,htap,OLAP_QUERY,2,MAIN_OLAP,11,5836,
1768291126685,htap,OLTP_BATCH,5,BATCH,652,,statements=1002
1768291126711,htap,OLTP_BATCH,1,BATCH,370,,statements=1002
1768291126735,htap,OLTP_BATCH,3,BATCH,537,,statements=1002
1768291126800,htap,OLTP_BATCH,8,BATCH,942,,statements=1002
1768291126841,htap,OLTP_BATCH,2,BATCH,468,,statements=1002
1768291126866,htap,OLTP_BATCH,7,BATCH,827,,statements=1002
1768291126873,htap,OLTP_BATCH,0,BATCH,278,,statements=1002
1768291127028,htap,OLTP_BATCH,6,BATCH,758,,statements=1002
1768291127078,htap,OLTP_BATCH,1,BATCH,365,,statements=1002
1768291127081,htap,OLTP_BATCH,4,BATCH,586,,statements=1002
1768291127117,htap,OLAP_QUERY,4,MAIN_OLAP,20,6144,
1768291127118,htap,OLTP_BATCH,0,BATCH,242,,statements=1002
1768291127136,htap,OLAP_QUERY,1,MAIN_OLAP,10,6184,
1768291127174,htap,OLAP_QUERY,3,MAIN_OLAP,15,6211,
1768291127206,htap,OLAP_QUERY,0,MAIN_OLAP,12,6233,
1768291127213,htap,OLAP_QUERY,2,MAIN_OLAP,23,6241,
1768291127249,monitor,OLAP_FRESHNESS,-1,MONITOR_QUERY,0,6299,
1768291127314,htap,OLTP_BATCH,2,BATCH,471,,statements=1002
1768291127337,htap,OLTP_BATCH,0,BATCH,217,,statements=1002
1768291127350,htap,OLTP_BATCH,3,BATCH,613,,statements=1002
1768291127368,htap,OLTP_BATCH,5,BATCH,680,,statements=1002
1768291127423,htap,OLTP_BATCH,9,BATCH,942,,statements=1002
1768291127423,htap,OLTP_BATCH,1,BATCH,343,,statements=1002
1768291127588,htap,OLTP_BATCH,0,BATCH,248,,statements=1002
1768291127634,htap,OLAP_QUERY,4,MAIN_OLAP,10,6682,
1768291127649,htap,OLTP_BATCH,8,BATCH,847,,statements=1002
1768291127657,htap,OLAP_QUERY,1,MAIN_OLAP,10,6701,
1768291127689,htap,OLAP_QUERY,3,MAIN_OLAP,8,6739,
1768291127700,htap,OLTP_BATCH,7,BATCH,832,,statements=1002
1768291127704,htap,OLTP_BATCH,4,BATCH,621,,statements=1002
1768291127725,htap,OLAP_QUERY,0,MAIN_OLAP,9,6771,
1768291127727,htap,OLAP_QUERY,2,MAIN_OLAP,8,6778,
1768291127732,htap,OLTP_BATCH,2,BATCH,415,,statements=1002
1768291127745,htap,OLTP_BATCH,6,BATCH,715,,statements=1002
1768291127828,htap,OLTP_BATCH,0,BATCH,238,,statements=1002
1768291127834,htap,OLTP_BATCH,1,BATCH,408,,statements=1002
1768291127858,htap,OLTP_BATCH,3,BATCH,506,,statements=1002
1768291128000,htap,OLTP_BATCH,5,BATCH,631,,statements=1002
1768291128074,htap,OLTP_BATCH,0,BATCH,244,,statements=1002
1768291128142,htap,OLTP_BATCH,1,BATCH,306,,statements=1002
1768291128155,htap,OLAP_QUERY,4,MAIN_OLAP,8,6940,
1768291128171,htap,OLAP_QUERY,1,MAIN_OLAP,9,6963,
1768291128204,htap,OLAP_QUERY,3,MAIN_OLAP,8,6995,
1768291128241,htap,OLTP_BATCH,2,BATCH,507,,statements=1002
1768291128242,htap,OLAP_QUERY,0,MAIN_OLAP,10,7031,
1768291128244,htap,OLAP_QUERY,2,MAIN_OLAP,10,7034,
1768291128255,monitor,OLAP_FRESHNESS,-1,MONITOR_QUERY,0,7055,
1768291128273,htap,OLTP_BATCH,4,BATCH,567,,statements=1002
1768291128344,htap,OLTP_BATCH,0,BATCH,268,,statements=1002
1768291128380,htap,OLTP_BATCH,3,BATCH,520,,statements=1002
1768291128398,htap,OLTP_BATCH,9,BATCH,973,,statements=1002
1768291128491,htap,OLTP_BATCH,7,BATCH,788,,statements=1002
1768291128513,htap,OLTP_BATCH,1,BATCH,368,,statements=1002
1768291128538,htap,OLTP_BATCH,6,BATCH,791,,statements=1002
1768291128582,htap,OLTP_BATCH,8,BATCH,931,,statements=1002
1768291128615,htap,OLTP_BATCH,0,BATCH,269,,statements=1002
1768291128674,htap,OLAP_QUERY,4,MAIN_OLAP,9,7175,
1768291128685,htap,OLAP_QUERY,1,MAIN_OLAP,8,7191,
1768291128686,htap,OLTP_BATCH,2,BATCH,443,,statements=1002
1768291128718,htap,OLAP_QUERY,3,MAIN_OLAP,9,7224,
1768291128768,htap,OLAP_QUERY,0,MAIN_OLAP,12,7263,
1768291128768,htap,OLAP_QUERY,2,MAIN_OLAP,10,7265,
1768291128790,htap,OLTP_BATCH,5,BATCH,788,,statements=1002
1768291128870,htap,OLTP_BATCH,1,BATCH,355,,statements=1002
1768291128877,htap,OLTP_BATCH,0,BATCH,260,,statements=1002
1768291128915,htap,OLTP_BATCH,4,BATCH,640,,statements=1002
1768291128941,htap,OLTP_BATCH,3,BATCH,560,,statements=1002
1768291129159,htap,OLTP_BATCH,0,BATCH,280,,statements=1002
1768291129196,htap,OLAP_QUERY,4,MAIN_OLAP,13,7694,
1768291129207,htap,OLAP_QUERY,1,MAIN_OLAP,14,7705,
1768291129226,htap,OLTP_BATCH,2,BATCH,537,,statements=1002
1768291129232,htap,OLAP_QUERY,3,MAIN_OLAP,8,7738,
1768291129255,htap,OLTP_BATCH,1,BATCH,383,,statements=1002
1768291129261,monitor,OLAP_FRESHNESS,-1,MONITOR_QUERY,0,7775,
1768291129282,htap,OLAP_QUERY,2,MAIN_OLAP,9,7788,
1768291129287,htap,OLAP_QUERY,0,MAIN_OLAP,13,7788,
1768291129336,htap,OLTP_BATCH,6,BATCH,796,,statements=1002
1768291129371,htap,OLTP_BATCH,7,BATCH,878,,statements=1002
1768291129422,htap,OLTP_BATCH,9,BATCH,1022,,statements=1002
1768291129450,htap,OLTP_BATCH,0,BATCH,287,,statements=1002
1768291129470,htap,OLTP_BATCH,8,BATCH,886,,statements=1002
1768291129525,htap,OLTP_BATCH,3,BATCH,582,,statements=1002
1768291129554,htap,OLTP_BATCH,4,BATCH,636,,statements=1002
1768291129575,htap,OLTP_BATCH,5,BATCH,783,,statements=1002
1768291129685,htap,OLTP_BATCH,1,BATCH,429,,statements=1002
1768291129725,htap,OLAP_QUERY,4,MAIN_OLAP,23,8036,
1768291129740,htap,OLAP_QUERY,1,MAIN_OLAP,22,8047,
1768291129742,htap,OLTP_BATCH,0,BATCH,290,,statements=1002
1768291129748,htap,OLAP_QUERY,3,MAIN_OLAP,10,8072,
1768291129771,htap,OLTP_BATCH,2,BATCH,543,,statements=1002
1768291129808,htap,OLAP_QUERY,2,MAIN_OLAP,14,8122,
1768291129812,htap,OLAP_QUERY,0,MAIN_OLAP,15,8127,
1768291130007,htap,OLTP_BATCH,0,BATCH,263,,statements=1002
1768291130110,htap,OLTP_BATCH,3,BATCH,583,,statements=1002
1768291130116,htap,OLTP_BATCH,1,BATCH,429,,statements=1002
1768291130238,htap,OLTP_BATCH,4,BATCH,682,,statements=1002
1768291130240,htap,OLTP_BATCH,7,BATCH,867,,statements=1002
1768291130242,htap,OLTP_BATCH,6,BATCH,904,,statements=1002
1768291130245,htap,OLAP_QUERY,4,MAIN_OLAP,10,8565,
1768291130256,htap,OLAP_QUERY,1,MAIN_OLAP,9,8580,
1768291130264,htap,OLAP_QUERY,3,MAIN_OLAP,10,8588,
1768291130269,monitor,OLAP_FRESHNESS,-1,MONITOR_QUERY,0,8601,
1768291130303,htap,OLTP_BATCH,0,BATCH,294,,statements=1002
1768291130328,htap,OLAP_QUERY,2,MAIN_OLAP,10,8234,
1768291130337,htap,OLAP_QUERY,0,MAIN_OLAP,11,8238,
1768291130387,htap,OLTP_BATCH,2,BATCH,614,,statements=1002
1768291130456,htap,OLTP_BATCH,8,BATCH,983,,statements=1002
1768291130456,htap,OLTP_BATCH,5,BATCH,878,,statements=1002
1768291130469,htap,OLTP_BATCH,9,BATCH,1045,,statements=1002
1768291130579,htap,OLTP_BATCH,0,BATCH,273,,statements=1002
1768291130594,htap,OLTP_BATCH,1,BATCH,476,,statements=1002
1768291130764,htap,OLAP_QUERY,4,MAIN_OLAP,10,8670,
1768291130778,htap,OLAP_QUERY,1,MAIN_OLAP,15,8681,
1768291130784,htap,OLAP_QUERY,3,MAIN_OLAP,13,8690,
1768291130855,htap,OLAP_QUERY,2,MAIN_OLAP,17,8753,
1768291130859,htap,OLTP_BATCH,3,BATCH,746,,statements=1002
1768291130869,htap,OLAP_QUERY,0,MAIN_OLAP,22,8762,
1768291130895,htap,OLTP_BATCH,2,BATCH,506,,statements=1002
1768291130899,htap,OLTP_BATCH,0,BATCH,318,,statements=1002
1768291130904,htap,OLTP_BATCH,4,BATCH,664,,statements=1002
1768291130990,htap,OLTP_BATCH,1,BATCH,394,,statements=1002
1768291131149,htap,OLTP_BATCH,6,BATCH,905,,statements=1002
1768291131178,htap,OLTP_BATCH,0,BATCH,277,,statements=1002
1768291131276,monitor,OLAP_FRESHNESS,-1,MONITOR_QUERY,0,8704,
1768291131293,htap,OLAP_QUERY,4,MAIN_OLAP,11,8699,
1768291131306,htap,OLAP_QUERY,1,MAIN_OLAP,20,8713,
1768291131308,htap,OLAP_QUERY,3,MAIN_OLAP,17,8719,
1768291131312,htap,OLTP_BATCH,5,BATCH,854,,statements=1002
1768291131382,htap,OLAP_QUERY,2,MAIN_OLAP,10,8791,
1768291131388,htap,OLAP_QUERY,0,MAIN_OLAP,13,8804,
1768291131406,htap,OLTP_BATCH,2,BATCH,510,,statements=1002
1768291131408,htap,OLTP_BATCH,7,BATCH,1166,,statements=1002
1768291131427,htap,OLTP_BATCH,1,BATCH,435,,statements=1002
1768291131477,htap,OLTP_BATCH,0,BATCH,296,,statements=1002
1768291131492,htap,OLTP_BATCH,3,BATCH,631,,statements=1002
1768291131540,htap,OLTP_BATCH,9,BATCH,1069,,statements=1002
1768291131622,htap,OLTP_BATCH,4,BATCH,715,,statements=1002
1768291131634,htap,OLTP_BATCH,8,BATCH,1176,,statements=1002
1768291131750,htap,OLTP_BATCH,0,BATCH,272,,statements=1002
1768291131821,htap,OLAP_QUERY,4,MAIN_OLAP,12,9228,
1768291131833,htap,OLAP_QUERY,1,MAIN_OLAP,17,9242,
1768291131841,htap,OLAP_QUERY,3,MAIN_OLAP,16,9243,
1768291131907,htap,OLAP_QUERY,0,MAIN_OLAP,11,8564,
1768291131912,htap,OLAP_QUERY,2,MAIN_OLAP,17,8558,
1768291131946,htap,OLTP_BATCH,2,BATCH,538,,statements=1002
1768291131963,htap,OLTP_BATCH,1,BATCH,534,,statements=1002
1768291132078,htap,OLTP_BATCH,0,BATCH,326,,statements=1002
1768291132184,htap,OLTP_BATCH,3,BATCH,689,,statements=1002
1768291132201,htap,OLTP_BATCH,5,BATCH,887,,statements=1002
1768291132277,htap,OLTP_BATCH,6,BATCH,1126,,statements=1002
1768291132282,monitor,OLAP_FRESHNESS,-1,MONITOR_QUERY,0,8952,
1768291132332,htap,OLTP_BATCH,1,BATCH,368,,statements=1002
1768291132341,htap,OLAP_QUERY,4,MAIN_OLAP,10,8997,
1768291132356,htap,OLAP_QUERY,1,MAIN_OLAP,13,9010,
1768291132362,htap,OLAP_QUERY,3,MAIN_OLAP,15,9017,
1768291132417,htap,OLTP_BATCH,0,BATCH,337,,statements=1002
1768291132423,htap,OLAP_QUERY,0,MAIN_OLAP,10,9083,
1768291132430,htap,OLAP_QUERY,2,MAIN_OLAP,12,9089,
1768291132476,htap,OLTP_BATCH,7,BATCH,1066,,statements=1002
1768291132532,htap,OLTP_BATCH,4,BATCH,908,,statements=1002
1768291132666,htap,OLTP_BATCH,2,BATCH,719,,statements=1002
1768291132683,htap,OLTP_BATCH,9,BATCH,1140,,statements=1002
1768291132705,htap,OLTP_BATCH,1,BATCH,372,,statements=1002
1768291132758,htap,OLTP_BATCH,0,BATCH,339,,statements=1002
1768291132761,htap,OLTP_BATCH,8,BATCH,1125,,statements=1002
1768291132858,htap,OLAP_QUERY,4,MAIN_OLAP,12,8821,
1768291132879,htap,OLAP_QUERY,1,MAIN_OLAP,12,8836,
1768291132887,htap,OLAP_QUERY,3,MAIN_OLAP,19,8843,
1768291132910,htap,OLTP_BATCH,3,BATCH,724,,statements=1002
1768291132940,htap,OLAP_QUERY,0,MAIN_OLAP,11,8903,
1768291132957,htap,OLAP_QUERY,2,MAIN_OLAP,12,8910,
1768291133066,htap,OLTP_BATCH,5,BATCH,863,,statements=1002
1768291133077,htap,OLTP_BATCH,0,BATCH,317,,statements=1002
1768291133149,htap,OLTP_BATCH,1,BATCH,442,,statements=1002
1768291133285,htap,OLTP_BATCH,4,BATCH,751,,statements=1002
1768291133292,monitor,OLAP_FRESHNESS,-1,MONITOR_QUERY,0,9262,
1768291133303,htap,OLTP_BATCH,2,BATCH,635,,statements=1002
1768291133372,htap,OLTP_BATCH,6,BATCH,1093,,statements=1002
1768291133381,htap,OLAP_QUERY,4,MAIN_OLAP,11,9338,
1768291133395,htap,OLAP_QUERY,1,MAIN_OLAP,10,9359,
1768291133405,htap,OLAP_QUERY,3,MAIN_OLAP,11,9368,
1768291133444,htap,OLTP_BATCH,0,BATCH,365,,statements=1002
1768291133471,htap,OLAP_QUERY,0,MAIN_OLAP,18,9421,
1768291133493,htap,OLAP_QUERY,2,MAIN_OLAP,27,9016,
1768291133583,htap,OLTP_BATCH,1,BATCH,432,,statements=1002
1768291133642,htap,OLTP_BATCH,7,BATCH,1164,,statements=1002
1768291133648,htap,OLTP_BATCH,3,BATCH,737,,statements=1002
1768291133711,htap,OLTP_BATCH,0,BATCH,265,,statements=1002
1768291133917,htap,OLAP_QUERY,1,MAIN_OLAP,11,9454,
1768291133919,htap,OLAP_QUERY,4,MAIN_OLAP,14,9440,
1768291133939,htap,OLAP_QUERY,3,MAIN_OLAP,13,9464,
1768291134009,htap,OLAP_QUERY,0,MAIN_OLAP,20,9530,
1768291134016,htap,OLAP_QUERY,2,MAIN_OLAP,17,9552,
1768291134023,htap,OLTP_BATCH,2,BATCH,718,,statements=1002
1768291134031,htap,OLTP_BATCH,9,BATCH,1345,,statements=1002
1768291134067,htap,OLTP_BATCH,0,BATCH,354,,statements=1002
1768291134095,htap,OLTP_BATCH,1,BATCH,509,,statements=1002
1768291134107,htap,OLTP_BATCH,5,BATCH,1039,,statements=1002
1768291134178,htap,OLTP_BATCH,4,BATCH,891,,statements=1002
1768291134207,htap,OLTP_BATCH,8,BATCH,1444,,statements=1002
1768291134304,monitor,OLAP_FRESHNESS,-1,MONITOR_QUERY,0,9081,
1768291134360,htap,OLTP_BATCH,0,BATCH,291,,statements=1002
1768291134445,htap,OLAP_QUERY,1,MAIN_OLAP,21,9206,
1768291134447,htap,OLTP_BATCH,3,BATCH,797,,statements=1002
1768291134448,htap,OLAP_QUERY,4,MAIN_OLAP,22,9208,
1768291134467,htap,OLAP_QUERY,3,MAIN_OLAP,22,9228,
1768291134528,htap,OLAP_QUERY,0,MAIN_OLAP,14,9298,
1768291134538,htap,OLAP_QUERY,2,MAIN_OLAP,16,9306,
1768291134571,htap,OLTP_BATCH,1,BATCH,474,,statements=1002
1768291134659,htap,OLTP_BATCH,7,BATCH,1014,,statements=1002
1768291134683,htap,OLTP_BATCH,0,BATCH,321,,statements=1002
1768291134703,htap,OLTP_BATCH,6,BATCH,1328,,statements=1002
1768291134724,htap,OLTP_BATCH,2,BATCH,699,,statements=1002
1768291134971,htap,OLAP_QUERY,1,MAIN_OLAP,17,9734,
1768291134978,htap,OLAP_QUERY,4,MAIN_OLAP,19,9737,
1768291134987,htap,OLTP_BATCH,0,BATCH,302,,statements=1002
1768291134987,htap,OLAP_QUERY,3,MAIN_OLAP,11,9756,
1768291135054,htap,OLAP_QUERY,0,MAIN_OLAP,20,9817,
1768291135057,htap,OLAP_QUERY,2,MAIN_OLAP,13,9828,
1768291135106,htap,OLTP_BATCH,4,BATCH,925,,statements=1002
1768291135180,htap,OLTP_BATCH,1,BATCH,607,,statements=1002
1768291135203,htap,OLTP_BATCH,5,BATCH,1093,,statements=1002
1768291135288,htap,OLTP_BATCH,9,BATCH,1255,,statements=1002
1768291135304,htap,OLTP_BATCH,3,BATCH,854,,statements=1002
1768291135311,monitor,OLAP_FRESHNESS,-1,MONITOR_QUERY,0,9220,
1768291135340,htap,OLTP_BATCH,0,BATCH,351,,statements=1002
1768291135493,htap,OLTP_BATCH,8,BATCH,1284,,statements=1002
1768291135496,htap,OLAP_QUERY,1,MAIN_OLAP,13,9387,
1768291135531,htap,OLTP_BATCH,2,BATCH,805,,statements=1002
1768291135533,htap,OLAP_QUERY,4,MAIN_OLAP,23,9394,
1768291135540,htap,OLAP_QUERY,3,MAIN_OLAP,36,9403,
1768291135575,htap,OLAP_QUERY,0,MAIN_OLAP,14,9470,
1768291135579,htap,OLAP_QUERY,2,MAIN_OLAP,16,9474,
1768291135730,htap,OLTP_BATCH,0,BATCH,388,,statements=1002
1768291135731,htap,OLTP_BATCH,1,BATCH,548,,statements=1002
1768291135768,htap,OLTP_BATCH,6,BATCH,1063,,statements=1002
1768291135845,htap,OLTP_BATCH,7,BATCH,1182,,statements=1002
1768291136022,htap,OLAP_QUERY,1,MAIN_OLAP,21,8871,
1768291136028,htap,OLTP_BATCH,4,BATCH,920,,statements=1002
1768291136052,htap,OLTP_BATCH,0,BATCH,320,,statements=1002
1768291136060,htap,OLAP_QUERY,4,MAIN_OLAP,18,8908,
1768291136065,htap,OLAP_QUERY,3,MAIN_OLAP,17,8916,
1768291136105,htap,OLAP_QUERY,0,MAIN_OLAP,20,8950,
1768291136110,htap,OLAP_QUERY,2,MAIN_OLAP,25,8954,
1768291136195,htap,OLTP_BATCH,2,BATCH,661,,statements=1002
1768291136196,htap,OLTP_BATCH,3,BATCH,889,,statements=1002
1768291136268,htap,OLTP_BATCH,1,BATCH,534,,statements=1002
1768291136296,htap,OLTP_BATCH,5,BATCH,1091,,statements=1002
1768291136317,monitor,OLAP_FRESHNESS,-1,MONITOR_QUERY,0,9186,
1768291136468,htap,OLTP_BATCH,0,BATCH,413,,statements=1002
1768291136548,htap,OLAP_QUERY,1,MAIN_OLAP,11,9398,
1768291136593,htap,OLAP_QUERY,3,MAIN_OLAP,21,9440,
1768291136595,htap,OLAP_QUERY,4,MAIN_OLAP,27,9436,
1768291136630,htap,OLAP_QUERY,2,MAIN_OLAP,13,9485,
1768291136631,htap,OLAP_QUERY,0,MAIN_OLAP,20,9480,
1768291136780,htap,OLTP_BATCH,0,BATCH,310,,statements=1002
1768291136809,htap,OLTP_BATCH,8,BATCH,1314,,statements=1002
1768291136840,htap,OLTP_BATCH,9,BATCH,1549,,statements=1002
1768291136871,htap,OLTP_BATCH,2,BATCH,674,,statements=1002
1768291136875,htap,OLTP_BATCH,6,BATCH,1105,,statements=1002
1768291136925,htap,OLTP_BATCH,1,BATCH,655,,statements=1002
1768291136942,htap,OLTP_BATCH,4,BATCH,912,,statements=1002
1768291137072,htap,OLAP_QUERY,1,MAIN_OLAP,19,8967,
1768291137091,htap,OLTP_BATCH,7,BATCH,1244,,statements=1002
1768291137114,htap,OLTP_BATCH,0,BATCH,332,,statements=1002
1768291137117,htap,OLTP_BATCH,3,BATCH,919,,statements=1002
1768291137118,htap,OLAP_QUERY,3,MAIN_OLAP,19,9013,
1768291137133,htap,OLAP_QUERY,4,MAIN_OLAP,32,9015,
1768291137162,htap,OLAP_QUERY,2,MAIN_OLAP,22,9050,
1768291137162,htap,OLAP_QUERY,0,MAIN_OLAP,25,9050,
1768291137322,monitor,OLAP_FRESHNESS,-1,MONITOR_QUERY,0,9236,
1768291137496,htap,OLTP_BATCH,0,BATCH,380,,statements=1002
1768291137535,htap,OLTP_BATCH,2,BATCH,661,,statements=1002
1768291137601,htap,OLTP_BATCH,5,BATCH,1303,,statements=1002
1768291137601,htap,OLTP_BATCH,1,BATCH,674,,statements=1002
1768291137616,htap,OLAP_QUERY,1,MAIN_OLAP,36,8688,
1768291137639,htap,OLAP_QUERY,3,MAIN_OLAP,16,8734,
1768291137656,htap,OLAP_QUERY,4,MAIN_OLAP,15,8751,
1768291137694,htap,OLAP_QUERY,2,MAIN_OLAP,22,8778,
1768291137700,htap,OLAP_QUERY,0,MAIN_OLAP,32,8778,
1768291137867,htap,OLTP_BATCH,4,BATCH,923,,statements=1002
1768291137889,htap,OLTP_BATCH,0,BATCH,391,,statements=1002
1768291138007,htap,OLTP_BATCH,3,BATCH,888,,statements=1002
1768291138142,htap,OLAP_QUERY,1,MAIN_OLAP,20,9232,
1768291138164,htap,OLAP_QUERY,3,MAIN_OLAP,20,9255,
1768291138190,htap,OLAP_QUERY,4,MAIN_OLAP,28,9272,
1768291138208,htap,OLTP_BATCH,6,BATCH,1331,,statements=1002
1768291138212,htap,OLTP_BATCH,2,BATCH,675,,statements=1002
1768291138217,htap,OLTP_BATCH,8,BATCH,1406,,statements=1002
1768291138226,htap,OLAP_QUERY,0,MAIN_OLAP,21,9316,
1768291138227,htap,OLAP_QUERY,2,MAIN_OLAP,26,9310,
1768291138288,htap,OLTP_BATCH,9,BATCH,1446,,statements=1002
1768291138302,htap,OLTP_BATCH,0,BATCH,410,,statements=1002
1768291138311,htap,OLTP_BATCH,1,BATCH,708,,statements=1002
1768291138328,monitor,OLAP_FRESHNESS,-1,MONITOR_QUERY,0,8309,
1768291138333,htap,OLTP_BATCH,7,BATCH,1240,,statements=1002
1768291138664,htap,OLAP_QUERY,1,MAIN_OLAP,16,8628,
1768291138675,htap,OLTP_BATCH,0,BATCH,371,,statements=1002
1768291138687,htap,OLAP_QUERY,3,MAIN_OLAP,19,8650,
1768291138708,htap,OLAP_QUERY,4,MAIN_OLAP,13,8676,
1768291138713,htap,OLTP_BATCH,5,BATCH,1110,,statements=1002
1768291138762,htap,OLAP_QUERY,2,MAIN_OLAP,23,8713,
1768291138772,htap,OLAP_QUERY,0,MAIN_OLAP,15,8712,
1768291138929,htap,OLTP_BATCH,1,BATCH,616,,statements=1002
1768291138933,htap,OLTP_BATCH,4,BATCH,1063,,statements=1002
1768291139020,htap,OLTP_BATCH,2,BATCH,806,,statements=1002
1768291139060,htap,OLTP_BATCH,3,BATCH,1051,,statements=1002
1768291139093,htap,OLTP_BATCH,0,BATCH,416,,statements=1002
1768291139185,htap,OLAP_QUERY,1,MAIN_OLAP,16,7979,
1768291139227,htap,OLAP_QUERY,3,MAIN_OLAP,26,8002,
1768291139244,htap,OLAP_QUERY,4,MAIN_OLAP,20,8023,
1768291139294,htap,OLAP_QUERY,2,MAIN_OLAP,24,8077,
1768291139309,htap,OLAP_QUERY,0,MAIN_OLAP,29,8087,
1768291139334,monitor,OLAP_FRESHNESS,-1,MONITOR_QUERY,0,8143,
1768291139461,htap,OLTP_BATCH,0,BATCH,367,,statements=1002
1768291139556,htap,OLTP_BATCH,1,BATCH,625,,statements=1002
1768291139620,htap,OLTP_BATCH,7,BATCH,1285,,statements=1002
1768291139641,htap,OLTP_BATCH,6,BATCH,1431,,statements=1002
1768291139708,htap,OLAP_QUERY,1,MAIN_OLAP,17,8500,
1768291139713,htap,OLTP_BATCH,8,BATCH,1495,,statements=1002
1768291139752,htap,OLAP_QUERY,3,MAIN_OLAP,17,8542,
1768291139791,htap,OLTP_BATCH,9,BATCH,1501,,statements=1002
1768291139798,htap,OLAP_QUERY,4,MAIN_OLAP,35,8559,
1768291139832,htap,OLAP_QUERY,2,MAIN_OLAP,19,8609,
1768291139836,htap,OLAP_QUERY,0,MAIN_OLAP,22,8624,
1768291139843,htap,OLTP_BATCH,0,BATCH,379,,statements=1002
1768291139866,htap,OLTP_BATCH,5,BATCH,1151,,statements=1002
1768291139891,htap,OLTP_BATCH,2,BATCH,869,,statements=1002
1768291140030,htap,OLTP_BATCH,3,BATCH,967,,statements=1002
1768291140078,htap,OLTP_BATCH,4,BATCH,1143,,statements=1002
1768291140082,htap,OLTP_BATCH,1,BATCH,523,,statements=1002
1768291140228,htap,OLAP_QUERY,1,MAIN_OLAP,14,7784,
1768291140267,htap,OLTP_BATCH,0,BATCH,422,,statements=1002
1768291140279,htap,OLAP_QUERY,3,MAIN_OLAP,21,7829,
1768291140321,htap,OLAP_QUERY,4,MAIN_OLAP,17,7874,
1768291140349,monitor,OLAP_FRESHNESS,-1,MONITOR_QUERY,0,7910,
1768291140359,htap,OLAP_QUERY,0,MAIN_OLAP,18,7912,
1768291140362,htap,OLAP_QUERY,2,MAIN_OLAP,22,7908,
1768291140617,htap,OLTP_BATCH,0,BATCH,349,,statements=1002
1768291140753,htap,OLAP_QUERY,1,MAIN_OLAP,21,7010,
1768291140770,htap,OLTP_BATCH,1,BATCH,686,,statements=1002
1768291140808,htap,OLAP_QUERY,3,MAIN_OLAP,24,7061,
1768291140851,htap,OLAP_QUERY,4,MAIN_OLAP,18,7103,
1768291140876,htap,OLTP_BATCH,2,BATCH,982,,statements=1002
1768291140891,htap,OLAP_QUERY,2,MAIN_OLAP,24,7144,
1768291140904,htap,OLAP_QUERY,0,MAIN_OLAP,26,7142,
1768291140981,htap,OLTP_BATCH,3,BATCH,949,,statements=1002
1768291141029,htap,OLTP_BATCH,5,BATCH,1161,,statements=1002
1768291141037,htap,OLTP_BATCH,0,BATCH,418,,statements=1002
1768291141079,htap,OLTP_BATCH,7,BATCH,1456,,statements=1002
1768291141125,htap,OLTP_BATCH,6,BATCH,1481,,statements=1002
1768291141130,htap,OLTP_BATCH,4,BATCH,1049,,statements=1002
1768291141228,htap,OLTP_BATCH,8,BATCH,1513,,statements=1002
1768291141276,htap,OLAP_QUERY,1,MAIN_OLAP,16,7535,
1768291141330,htap,OLAP_QUERY,3,MAIN_OLAP,17,7590,
1768291141355,monitor,OLAP_FRESHNESS,-1,MONITOR_QUERY,0,7631,
1768291141384,htap,OLAP_QUERY,4,MAIN_OLAP,17,7633,
1768291141387,htap,OLTP_BATCH,1,BATCH,614,,statements=1002
1768291141435,htap,OLAP_QUERY,0,MAIN_OLAP,22,7687,
1768291141441,htap,OLAP_QUERY,2,MAIN_OLAP,33,7676,
1768291141502,htap,OLTP_BATCH,9,BATCH,1709,,statements=1002
1768291141502,htap,OLTP_BATCH,0,BATCH,463,,statements=1002
1768291141824,htap,OLAP_QUERY,1,MAIN_OLAP,21,6429,
1768291141848,htap,OLTP_BATCH,2,BATCH,970,,statements=1002
1768291141863,htap,OLAP_QUERY,3,MAIN_OLAP,16,6483,
1768291141918,htap,OLAP_QUERY,4,MAIN_OLAP,28,6538,
1768291141928,htap,OLTP_BATCH,0,BATCH,424,,statements=1002
1768291141975,htap,OLAP_QUERY,2,MAIN_OLAP,24,6594,
1768291141978,htap,OLAP_QUERY,0,MAIN_OLAP,34,6588,
1768291141987,htap,OLTP_BATCH,1,BATCH,598,,statements=1002
1768291142009,htap,OLTP_BATCH,3,BATCH,1026,,statements=1002
1768291142243,htap,OLTP_BATCH,5,BATCH,1211,,statements=1002
1768291142335,htap,OLTP_BATCH,0,BATCH,406,,statements=1002
1768291142352,htap,OLAP_QUERY,1,MAIN_OLAP,22,5205,
1768291142360,monitor,OLAP_FRESHNESS,-1,MONITOR_QUERY,0,5236,
1768291142373,htap,OLTP_BATCH,6,BATCH,1246,,statements=1002
1768291142390,htap,OLAP_QUERY,3,MAIN_OLAP,16,5244,
1768291142413,htap,OLTP_BATCH,4,BATCH,1281,,statements=1002
1768291142440,htap,OLAP_QUERY,4,MAIN_OLAP,17,5299,
1768291142522,htap,OLAP_QUERY,2,MAIN_OLAP,41,5357,
1768291142536,htap,OLAP_QUERY,0,MAIN_OLAP,49,5359,
1768291142565,htap,OLTP_BATCH,1,BATCH,575,,statements=1002
1768291142659,htap,OLTP_BATCH,0,BATCH,322,,statements=1002
1768291142699,htap,OLTP_BATCH,7,BATCH,1617,,statements=1002
1768291142730,htap,OLTP_BATCH,2,BATCH,880,,statements=1002
1768291142780,htap,OLTP_BATCH,8,BATCH,1550,,statements=1002
1768291142814,htap,OLTP_BATCH,3,BATCH,803,,statements=1002
1768291142818,htap,OLTP_BATCH,9,BATCH,1314,,statements=1002
1768291142837,htap,OLTP_BATCH,5,BATCH,592,,statements=1002
1768291142838,htap,OLTP_BATCH,1,BATCH,271,,statements=1002
1768291142839,htap,OLTP_BATCH,0,BATCH,179,,statements=1002
1768291142839,htap,OLTP_BATCH,6,BATCH,464,,statements=1002
1768291142842,htap,OLTP_BATCH,4,BATCH,427,,statements=1002
1768291142850,htap,OLTP_BATCH,2,BATCH,118,,statements=1002
1768291142857,htap,OLTP_BATCH,7,BATCH,156,,statements=1002
1768291142876,htap,OLAP_QUERY,1,MAIN_OLAP,19,5733,
1768291142878,htap,OLTP_BATCH,8,BATCH,96,,statements=1002
1768291142879,htap,OLTP_BATCH,3,BATCH,63,,statements=1002
1768291142888,htap,OLTP_BATCH,9,BATCH,68,,statements=1002
1768291142902,htap,OLTP_BATCH,5,BATCH,62,,statements=1002
1768291142905,htap,OLTP_BATCH,0,BATCH,65,,statements=1002
1768291142909,htap,OLTP_BATCH,1,BATCH,69,,statements=1002
1768291142909,htap,OLTP_BATCH,6,BATCH,67,,statements=1002
1768291142911,htap,OLTP_BATCH,4,BATCH,67,,statements=1002
1768291142911,htap,OLTP_BATCH,2,BATCH,59,,statements=1002
1768291142918,htap,OLTP_BATCH,7,BATCH,60,,statements=1002
1768291142919,htap,OLAP_QUERY,3,MAIN_OLAP,21,5772,
1768291142942,htap,OLTP_BATCH,8,BATCH,61,,statements=1002
1768291142943,htap,OLTP_BATCH,3,BATCH,62,,statements=1002
1768291142947,htap,OLTP_BATCH,9,BATCH,56,,statements=1002
1768291142968,htap,OLAP_QUERY,4,MAIN_OLAP,22,5821,
1768291142977,htap,OLTP_BATCH,4,BATCH,64,,statements=1002
1768291142977,htap,OLTP_BATCH,5,BATCH,73,,statements=1002
1768291142978,htap,OLTP_BATCH,6,BATCH,67,,statements=1002
1768291142978,htap,OLTP_BATCH,0,BATCH,71,,statements=1002
1768291142978,htap,OLTP_BATCH,1,BATCH,67,,statements=1002
1768291142984,htap,OLTP_BATCH,7,BATCH,64,,statements=1002
1768291142986,htap,OLTP_BATCH,2,BATCH,73,,statements=1002
1768291143002,htap,OLTP_BATCH,8,BATCH,58,,statements=1002
1768291143003,htap,OLTP_BATCH,3,BATCH,58,,statements=1002
1768291143005,htap,OLTP_BATCH,9,BATCH,56,,statements=1002
1768291143038,htap,OLTP_BATCH,0,BATCH,59,,statements=1002
1768291143041,htap,OLTP_BATCH,1,BATCH,61,,statements=1002
1768291143045,htap,OLTP_BATCH,5,BATCH,66,,statements=1002
1768291143045,htap,OLTP_BATCH,4,BATCH,66,,statements=1002
1768291143049,htap,OLTP_BATCH,7,BATCH,63,,statements=1002
1768291143049,htap,OLTP_BATCH,6,BATCH,69,,statements=1002
1768291143050,htap,OLTP_BATCH,2,BATCH,63,,statements=1002
1768291143059,htap,OLAP_QUERY,2,MAIN_OLAP,17,5903,
1768291143074,htap,OLAP_QUERY,0,MAIN_OLAP,24,4728,
1768291143074,htap,OLTP_BATCH,3,BATCH,69,,statements=1002
1768291143076,htap,OLTP_BATCH,8,BATCH,72,,statements=1002
1768291143080,htap,OLTP_BATCH,9,BATCH,73,,statements=1002
1768291143113,htap,OLTP_BATCH,6,BATCH,62,,statements=1002
1768291143114,htap,OLTP_BATCH,7,BATCH,63,,statements=1002
1768291143117,htap,OLTP_BATCH,0,BATCH,77,,statements=1002
1768291143118,htap,OLTP_BATCH,5,BATCH,71,,statements=1002
1768291143118,htap,OLTP_BATCH,4,BATCH,71,,statements=1002
1768291143121,htap,OLTP_BATCH,1,BATCH,78,,statements=1002
1768291143122,htap,OLTP_BATCH,2,BATCH,70,,statements=1002
1768291143139,htap,OLTP_BATCH,3,BATCH,62,,statements=1002
1768291143143,htap,OLTP_BATCH,8,BATCH,65,,statements=1002
1768291143145,htap,OLTP_BATCH,9,BATCH,63,,statements=1002
1768291143172,htap,OLTP_BATCH,6,BATCH,57,,statements=1002
1768291143176,htap,OLTP_BATCH,7,BATCH,60,,statements=1002
1768291143179,htap,OLTP_BATCH,5,BATCH,59,,statements=1002
1768291143182,htap,OLTP_BATCH,4,BATCH,62,,statements=1002
1768291143183,htap,OLTP_BATCH,0,BATCH,64,,statements=1002
1768291143189,htap,OLTP_BATCH,1,BATCH,66,,statements=1002
1768291143192,htap,OLTP_BATCH,2,BATCH,68,,statements=1002
1768291143205,htap,OLTP_BATCH,8,BATCH,60,,statements=1002
1768291143207,htap,OLTP_BATCH,3,BATCH,66,,statements=1002
1768291143209,htap,OLTP_BATCH,9,BATCH,61,,statements=1002
1768291143234,htap,OLTP_BATCH,6,BATCH,60,,statements=1002
1768291143237,htap,OLTP_BATCH,5,BATCH,56,,statements=1002
1768291143243,htap,OLTP_BATCH,7,BATCH,65,,statements=1002
1768291143248,htap,OLTP_BATCH,4,BATCH,64,,statements=1002
1768291143253,htap,OLTP_BATCH,0,BATCH,68,,statements=1002
1768291143260,htap,OLTP_BATCH,2,BATCH,66,,statements=1002
1768291143262,htap,OLTP_BATCH,1,BATCH,71,,statements=1002
1768291143272,htap,OLTP_BATCH,8,BATCH,64,,statements=1002
1768291143277,htap,OLTP_BATCH,3,BATCH,67,,statements=1002
1768291143287,htap,OLTP_BATCH,9,BATCH,76,,statements=1002
1768291143315,htap,OLTP_BATCH,6,BATCH,79,,statements=1002
1768291143315,htap,OLTP_BATCH,5,BATCH,76,,statements=1002
1768291143316,htap,OLTP_BATCH,7,BATCH,71,,statements=1002
1768291143316,htap,OLTP_BATCH,4,BATCH,66,,statements=1002
1768291143319,htap,OLTP_BATCH,0,BATCH,64,,statements=1002
1768291143322,htap,OLTP_BATCH,1,BATCH,58,,statements=1002
1768291143325,htap,OLTP_BATCH,2,BATCH,63,,statements=1002
1768291143339,htap,OLTP_BATCH,8,BATCH,64,,statements=1002
1768291143345,htap,OLTP_BATCH,9,BATCH,56,,statements=1002
1768291143347,htap,OLTP_BATCH,3,BATCH,68,,statements=1002
1768291143367,monitor,OLAP_FRESHNESS,-1,MONITOR_QUERY,0,5051,
1768291143376,htap,OLTP_BATCH,4,BATCH,58,,statements=1002
1768291143376,htap,OLTP_BATCH,7,BATCH,58,,statements=1002
1768291143379,htap,OLTP_BATCH,6,BATCH,62,,statements=1002
1768291143383,htap,OLTP_BATCH,5,BATCH,65,,statements=1002
1768291143386,htap,OLTP_BATCH,1,BATCH,62,,statements=1002
1768291143391,htap,OLTP_BATCH,2,BATCH,64,,statements=1002
1768291143400,htap,OLTP_BATCH,0,BATCH,79,,statements=1002
1768291143400,htap,OLTP_BATCH,8,BATCH,59,,statements=1002
1768291143408,htap,OLTP_BATCH,3,BATCH,59,,statements=1002
1768291143411,htap,OLAP_QUERY,1,MAIN_OLAP,29,5068,
1768291143421,htap,OLTP_BATCH,9,BATCH,74,,statements=1002
1768291143439,htap,OLTP_BATCH,7,BATCH,60,,statements=1002
1768291143442,htap,OLTP_BATCH,5,BATCH,57,,statements=1002
1768291143445,htap,OLAP_QUERY,3,MAIN_OLAP,20,5110,
1768291143448,htap,OLTP_BATCH,4,BATCH,70,,statements=1002
1768291143452,htap,OLTP_BATCH,6,BATCH,70,,statements=1002
1768291143454,htap,OLTP_BATCH,1,BATCH,66,,statements=1002
1768291143458,htap,OLTP_BATCH,2,BATCH,64,,statements=1002
1768291143471,htap,OLTP_BATCH,3,BATCH,61,,statements=1002
1768291143474,htap,OLTP_BATCH,8,BATCH,72,,statements=1002
1768291143479,htap,OLTP_BATCH,0,BATCH,77,,statements=1002
1768291143491,htap,OLAP_QUERY,4,MAIN_OLAP,18,5159,
1768291143502,htap,OLTP_BATCH,9,BATCH,79,,statements=1002
1768291143509,htap,OLTP_BATCH,4,BATCH,59,,statements=1002
1768291143509,htap,OLTP_BATCH,5,BATCH,65,,statements=1002
1768291143513,htap,OLTP_BATCH,7,BATCH,72,,statements=1002
1768291143518,htap,OLTP_BATCH,6,BATCH,64,,statements=1002
1768291143523,htap,OLTP_BATCH,1,BATCH,67,,statements=1002
1768291143526,htap,OLTP_BATCH,2,BATCH,66,,statements=1002
1768291143537,htap,OLTP_BATCH,3,BATCH,65,,statements=1002
1768291143545,htap,OLTP_BATCH,0,BATCH,64,,statements=1002
1768291143557,htap,OLTP_BATCH,8,BATCH,81,,statements=1002
1768291143558,htap,OLTP_BATCH,9,BATCH,55,,statements=1002
1768291143570,htap,OLTP_BATCH,4,BATCH,59,,statements=1002
1768291143579,htap,OLTP_BATCH,5,BATCH,68,,statements=1002
1768291143582,htap,OLTP_BATCH,7,BATCH,68,,statements=1002
1768291143588,htap,OLTP_BATCH,6,BATCH,67,,statements=1002
1768291143588,htap,OLAP_QUERY,2,MAIN_OLAP,18,5250,
1768291143592,htap,OLTP_BATCH,1,BATCH,67,,statements=1002
1768291143592,htap,OLTP_BATCH,2,BATCH,64,,statements=1002
1768291143603,htap,OLAP_QUERY,0,MAIN_OLAP,22,5265,
1768291143604,htap,OLTP_BATCH,3,BATCH,66,,statements=1002
1768291143608,htap,OLTP_BATCH,0,BATCH,60,,statements=1002
1768291143618,htap,OLTP_BATCH,8,BATCH,60,,statements=1002
1768291143619,htap,OLTP_BATCH,9,BATCH,59,,statements=1002
1768291143629,htap,OLTP_BATCH,4,BATCH,56,,statements=1002
1768291143640,htap,OLTP_BATCH,5,BATCH,59,,statements=1002
1768291143643,htap,OLTP_BATCH,7,BATCH,59,,statements=1002
1768291143650,htap,OLTP_BATCH,6,BATCH,60,,statements=1002
1768291143651,htap,OLTP_BATCH,1,BATCH,57,,statements=1002
1768291143657,htap,OLTP_BATCH,2,BATCH,63,,statements=1002
1768291143663,htap,OLTP_BATCH,3,BATCH,57,,statements=1002
1768291143678,htap,OLTP_BATCH,9,BATCH,57,,statements=1002
1768291143678,htap,OLTP_BATCH,8,BATCH,58,,statements=1002
1768291143680,htap,OLTP_BATCH,0,BATCH,70,,statements=1002
1768291143701,htap,OLTP_BATCH,5,BATCH,59,,statements=1002
1768291143702,htap,OLTP_BATCH,4,BATCH,70,,statements=1002
1768291143702,htap,OLTP_BATCH,7,BATCH,57,,statements=1002
1768291143716,htap,OLTP_BATCH,6,BATCH,64,,statements=1002
1768291143717,htap,OLTP_BATCH,1,BATCH,64,,statements=1002
1768291143727,htap,OLTP_BATCH,2,BATCH,68,,statements=1002
1768291143743,htap,OLTP_BATCH,3,BATCH,78,,statements=1002
1768291143743,htap,OLTP_BATCH,9,BATCH,64,,statements=1002
1768291143744,htap,OLTP_BATCH,8,BATCH,64,,statements=1002
1768291143751,htap,OLTP_BATCH,0,BATCH,69,,statements=1002
1768291143765,htap,OLTP_BATCH,4,BATCH,61,,statements=1002
1768291143765,htap,OLTP_BATCH,7,BATCH,61,,statements=1002
1768291143779,htap,OLTP_BATCH,6,BATCH,61,,statements=1002
1768291143782,htap,OLTP_BATCH,5,BATCH,79,,statements=1002
1768291143782,htap,OLTP_BATCH,1,BATCH,63,,statements=1002
1768291143790,htap,OLTP_BATCH,2,BATCH,61,,statements=1002
1768291143802,htap,OLTP_BATCH,9,BATCH,56,,statements=1002
1768291143804,htap,OLTP_BATCH,3,BATCH,59,,statements=1002
1768291143812,htap,OLTP_BATCH,8,BATCH,67,,statements=1002
1768291143821,htap,OLTP_BATCH,0,BATCH,68,,statements=1002
1768291143828,htap,OLTP_BATCH,7,BATCH,61,,statements=1002
1768291143832,htap,OLTP_BATCH,4,BATCH,65,,statements=1002
1768291143840,htap,OLTP_BATCH,6,BATCH,59,,statements=1002
1768291143848,htap,OLTP_BATCH,5,BATCH,63,,statements=1002
1768291143851,htap,OLTP_BATCH,1,BATCH,67,,statements=1002
1768291143856,htap,OLTP_BATCH,2,BATCH,65,,statements=1002
1768291143860,htap,OLTP_BATCH,9,BATCH,56,,statements=1002
1768291143876,htap,OLTP_BATCH,3,BATCH,70,,statements=1002
1768291143884,htap,OLTP_BATCH,8,BATCH,70,,statements=1002
1768291143888,htap,OLTP_BATCH,0,BATCH,64,,statements=1002
1768291143901,htap,OLTP_BATCH,7,BATCH,69,,statements=1002
1768291143911,htap,OLTP_BATCH,1,BATCH,58,,statements=1002
1768291143911,htap,OLTP_BATCH,6,BATCH,69,,statements=1002
1768291143916,htap,OLTP_BATCH,5,BATCH,66,,statements=1002
1768291143925,htap,OLTP_BATCH,4,BATCH,91,,statements=1002
1768291143928,htap,OLTP_BATCH,9,BATCH,66,,statements=1002
1768291143930,htap,OLTP_BATCH,2,BATCH,73,,statements=1002
1768291143939,htap,OLAP_QUERY,1,MAIN_OLAP,22,4444,
1768291143948,htap,OLTP_BATCH,3,BATCH,70,,statements=1002
1768291143948,htap,OLTP_BATCH,8,BATCH,62,,statements=1002
1768291143955,htap,OLTP_BATCH,0,BATCH,65,,statements=1002
1768291143968,htap,OLTP_BATCH,7,BATCH,65,,statements=1002
1768291143976,htap,OLTP_BATCH,1,BATCH,63,,statements=1002
1768291143979,htap,OLAP_QUERY,3,MAIN_OLAP,28,4477,
1768291143980,htap,OLTP_BATCH,5,BATCH,61,,statements=1002
1768291143980,htap,OLTP_BATCH,6,BATCH,67,,statements=1002
1768291143989,htap,OLTP_BATCH,9,BATCH,60,,statements=1002
1768291143992,htap,OLTP_BATCH,4,BATCH,66,,statements=1002
1768291144003,htap,OLTP_BATCH,2,BATCH,71,,statements=1002
1768291144021,htap,OLAP_QUERY,4,MAIN_OLAP,24,4524,
1768291144021,htap,OLTP_BATCH,8,BATCH,71,,statements=1002
1768291144021,htap,OLTP_BATCH,3,BATCH,71,,statements=1002
1768291144022,htap,OLTP_BATCH,0,BATCH,65,,statements=1002
1768291144037,htap,OLTP_BATCH,7,BATCH,67,,statements=1002
1768291144040,htap,OLTP_BATCH,1,BATCH,62,,statements=1002
1768291144046,htap,OLTP_BATCH,5,BATCH,64,,statements=1002
1768291144048,htap,OLTP_BATCH,6,BATCH,65,,statements=1002
1768291144058,htap,OLTP_BATCH,4,BATCH,64,,statements=1002
1768291144059,htap,OLTP_BATCH,9,BATCH,68,,statements=1002
1768291144062,htap,OLTP_BATCH,2,BATCH,57,,statements=1002
1768291144082,htap,OLTP_BATCH,3,BATCH,59,,statements=1002
1768291144082,htap,OLTP_BATCH,8,BATCH,59,,statements=1002
1768291144086,htap,OLTP_BATCH,0,BATCH,62,,statements=1002
1768291144095,htap,OLTP_BATCH,7,BATCH,55,,statements=1002
1768291144105,htap,OLTP_BATCH,1,BATCH,63,,statements=1002
1768291144107,htap,OLTP_BATCH,5,BATCH,59,,statements=1002
1768291144114,htap,OLAP_QUERY,2,MAIN_OLAP,18,4621,
1768291144118,htap,OLTP_BATCH,6,BATCH,68,,statements=1002
1768291144128,htap,OLTP_BATCH,4,BATCH,68,,statements=1002
1768291144132,htap,OLTP_BATCH,2,BATCH,68,,statements=1002
1768291144132,htap,OLTP_BATCH,9,BATCH,70,,statements=1002
1768291144132,htap,OLAP_QUERY,0,MAIN_OLAP,22,4635,
1768291144149,htap,OLTP_BATCH,8,BATCH,65,,statements=1002
1768291144155,htap,OLTP_BATCH,0,BATCH,67,,statements=1002
1768291144165,htap,OLTP_BATCH,3,BATCH,81,,statements=1002
1768291144165,htap,OLTP_BATCH,7,BATCH,67,,statements=1002
1768291144168,htap,OLTP_BATCH,5,BATCH,60,,statements=1002
1768291144185,htap,OLTP_BATCH,1,BATCH,78,,statements=1002
1768291144193,htap,OLTP_BATCH,6,BATCH,72,,statements=1002
1768291144196,htap,OLTP_BATCH,4,BATCH,66,,statements=1002
1768291144199,htap,OLTP_BATCH,9,BATCH,66,,statements=1002
1768291144201,htap,OLTP_BATCH,2,BATCH,67,,statements=1002
1768291144222,htap,OLTP_BATCH,8,BATCH,71,,statements=1002
1768291144225,htap,OLTP_BATCH,0,BATCH,68,,statements=1002
1768291144231,htap,OLTP_BATCH,3,BATCH,63,,statements=1002
1768291144232,htap,OLTP_BATCH,7,BATCH,64,,statements=1002
1768291144232,htap,OLTP_BATCH,5,BATCH,62,,statements=1002
1768291144256,htap,OLTP_BATCH,1,BATCH,68,,statements=1002
1768291144261,htap,OLTP_BATCH,6,BATCH,66,,statements=1002
1768291144265,htap,OLTP_BATCH,4,BATCH,67,,statements=1002
1768291144267,htap,OLTP_BATCH,9,BATCH,66,,statements=1002
1768291144272,htap,OLTP_BATCH,2,BATCH,69,,statements=1002
1768291144287,htap,OLTP_BATCH,0,BATCH,60,,statements=1002
1768291144289,htap,OLTP_BATCH,8,BATCH,65,,statements=1002
1768291144292,htap,OLTP_BATCH,3,BATCH,60,,statements=1002
1768291144298,htap,OLTP_BATCH,5,BATCH,64,,statements=1002
1768291144299,htap,OLTP_BATCH,7,BATCH,65,,statements=1002
1768291144314,htap,OLTP_BATCH,1,BATCH,56,,statements=1002
1768291144327,htap,OLTP_BATCH,6,BATCH,64,,statements=1002
1768291144333,htap,OLTP_BATCH,9,BATCH,65,,statements=1002
1768291144333,htap,OLTP_BATCH,4,BATCH,66,,statements=1002
1768291144341,htap,OLTP_BATCH,2,BATCH,67,,statements=1002
1768291144355,htap,OLTP_BATCH,0,BATCH,66,,statements=1002
1768291144357,htap,OLTP_BATCH,8,BATCH,66,,statements=1002
1768291144362,htap,OLTP_BATCH,3,BATCH,67,,statements=1002
1768291144363,htap,OLTP_BATCH,5,BATCH,63,,statements=1002
1768291144364,htap,OLTP_BATCH,7,BATCH,64,,statements=1002
1768291144373,monitor,OLAP_FRESHNESS,-1,MONITOR_QUERY,0,4899,
1768291144381,htap,OLTP_BATCH,1,BATCH,65,,statements=1002
1768291144394,htap,OLTP_BATCH,6,BATCH,66,,statements=1002
1768291144400,htap,OLTP_BATCH,9,BATCH,65,,statements=1002
1768291144404,htap,OLTP_BATCH,4,BATCH,69,,statements=1002
1768291144412,htap,OLTP_BATCH,2,BATCH,69,,statements=1002
1768291144418,htap,OLTP_BATCH,0,BATCH,61,,statements=1002
1768291144420,htap,OLTP_BATCH,8,BATCH,61,,statements=1002
1768291144430,htap,OLTP_BATCH,5,BATCH,65,,statements=1002
1768291144430,htap,OLTP_BATCH,7,BATCH,64,,statements=1002
1768291144432,htap,OLTP_BATCH,3,BATCH,68,,statements=1002
1768291144451,htap,OLTP_BATCH,1,BATCH,68,,statements=1002
1768291144467,htap,OLTP_BATCH,6,BATCH,71,,statements=1002
1768291144474,htap,OLAP_QUERY,1,MAIN_OLAP,29,4971,
1768291144486,htap,OLTP_BATCH,9,BATCH,84,,statements=1002
1768291144487,htap,OLTP_BATCH,2,BATCH,73,,statements=1002
1768291144490,htap,OLTP_BATCH,4,BATCH,84,,statements=1002
1768291144490,htap,OLTP_BATCH,0,BATCH,70,,statements=1002
1768291144498,htap,OLTP_BATCH,3,BATCH,64,,statements=1002
1768291144501,htap,OLTP_BATCH,8,BATCH,78,,statements=1002
1768291144502,htap,OLTP_BATCH,5,BATCH,70,,statements=1002
1768291144504,htap,OLAP_QUERY,3,MAIN_OLAP,18,5012,
1768291144504,htap,OLTP_BATCH,7,BATCH,72,,statements=1002
1768291144530,htap,OLTP_BATCH,1,BATCH,77,,statements=1002
1768291144535,htap,OLTP_BATCH,6,BATCH,66,,statements=1002
1768291144546,htap,OLTP_BATCH,9,BATCH,58,,statements=1002
1768291144548,htap,OLTP_BATCH,2,BATCH,60,,statements=1002
1768291144558,htap,OLTP_BATCH,0,BATCH,66,,statements=1002
1768291144561,htap,OLAP_QUERY,4,MAIN_OLAP,35,5053,
1768291144563,htap,OLTP_BATCH,4,BATCH,71,,statements=1002
1768291144566,htap,OLTP_BATCH,3,BATCH,66,,statements=1002
1768291144567,htap,OLTP_BATCH,8,BATCH,64,,statements=1002
1768291144575,htap,OLTP_BATCH,5,BATCH,71,,statements=1002
1768291144575,htap,OLTP_BATCH,7,BATCH,70,,statements=1002
1768291144597,htap,OLTP_BATCH,1,BATCH,65,,statements=1002
1768291144598,htap,OLTP_BATCH,6,BATCH,61,,statements=1002
1768291144609,htap,OLTP_BATCH,9,BATCH,61,,statements=1002
1768291144613,htap,OLTP_BATCH,2,BATCH,63,,statements=1002
1768291144624,htap,OLTP_BATCH,0,BATCH,64,,statements=1002
1768291144626,htap,OLTP_BATCH,4,BATCH,61,,statements=1002
1768291144645,htap,OLTP_BATCH,3,BATCH,77,,statements=1002
1768291144645,htap,OLTP_BATCH,8,BATCH,77,,statements=1002
1768291144645,htap,OLTP_BATCH,5,BATCH,68,,statements=1002
1768291144651,htap,OLAP_QUERY,2,MAIN_OLAP,21,5146,
1768291144656,htap,OLTP_BATCH,7,BATCH,79,,statements=1002
1768291144658,htap,OLTP_BATCH,1,BATCH,59,,statements=1002
1768291144662,htap,OLTP_BATCH,6,BATCH,62,,statements=1002
1768291144671,htap,OLTP_BATCH,9,BATCH,61,,statements=1002
1768291144675,htap,OLAP_QUERY,0,MAIN_OLAP,33,5164,
1768291144680,htap,OLTP_BATCH,2,BATCH,66,,statements=1002
1768291144694,htap,OLTP_BATCH,4,BATCH,66,,statements=1002
1768291144697,htap,OLTP_BATCH,0,BATCH,71,,statements=1002
1768291144703,htap,OLTP_BATCH,8,BATCH,56,,statements=1002
1768291144723,htap,OLTP_BATCH,7,BATCH,64,,statements=1002
1768291144726,htap,OLTP_BATCH,3,BATCH,79,,statements=1002
1768291144727,htap,OLTP_BATCH,5,BATCH,80,,statements=1002
1768291144732,htap,OLTP_BATCH,1,BATCH,72,,statements=1002
1768291144734,htap,OLTP_BATCH,9,BATCH,61,,statements=1002
1768291144734,htap,OLTP_BATCH,6,BATCH,70,,statements=1002
1768291144744,htap,OLTP_BATCH,2,BATCH,62,,statements=1002
1768291144757,htap,OLTP_BATCH,4,BATCH,61,,statements=1002
1768291144761,htap,OLTP_BATCH,0,BATCH,62,,statements=1002
1768291144771,htap,OLTP_BATCH,8,BATCH,66,,statements=1002
1768291144787,htap,OLTP_BATCH,7,BATCH,62,,statements=1002
1768291144790,htap,OLTP_BATCH,5,BATCH,61,,statements=1002
1768291144793,htap,OLTP_BATCH,3,BATCH,66,,statements=1002
1768291144795,htap,OLTP_BATCH,9,BATCH,59,,statements=1002
1768291144795,htap,OLTP_BATCH,1,BATCH,61,,statements=1002
1768291144805,htap,OLTP_BATCH,6,BATCH,69,,statements=1002
1768291144807,htap,OLTP_BATCH,2,BATCH,61,,statements=1002
1768291144817,htap,OLTP_BATCH,4,BATCH,58,,statements=1002
1768291144822,htap,OLTP_BATCH,0,BATCH,59,,statements=1002
1768291144835,htap,OLTP_BATCH,8,BATCH,62,,statements=1002
1768291144843,htap,OLTP_BATCH,7,BATCH,54,,statements=1002
1768291144852,htap,OLTP_BATCH,5,BATCH,60,,statements=1002
1768291144858,htap,OLTP_BATCH,3,BATCH,63,,statements=1002
1768291144858,htap,OLTP_BATCH,9,BATCH,61,,statements=1002
1768291144859,htap,OLTP_BATCH,1,BATCH,62,,statements=1002
1768291144862,htap,OLTP_BATCH,6,BATCH,55,,statements=1002
1768291144873,htap,OLTP_BATCH,2,BATCH,64,,statements=1002
1768291144875,htap,OLTP_BATCH,4,BATCH,56,,statements=1002
1768291144889,htap,OLTP_BATCH,0,BATCH,66,,statements=1002
1768291144899,htap,OLTP_BATCH,8,BATCH,62,,statements=1002
1768291144902,htap,OLTP_BATCH,7,BATCH,57,,statements=1002
1768291144920,htap,OLTP_BATCH,3,BATCH,60,,statements=1002
1768291144920,htap,OLTP_BATCH,1,BATCH,59,,statements=1002
1768291144920,htap,OLTP_BATCH,9,BATCH,60,,statements=1002
1768291144925,htap,OLTP_BATCH,6,BATCH,61,,statements=1002
1768291144926,htap,OLTP_BATCH,5,BATCH,72,,statements=1002
1768291144941,htap,OLTP_BATCH,4,BATCH,64,,statements=1002
1768291144941,htap,OLTP_BATCH,2,BATCH,66,,statements=1002
1768291144952,htap,OLTP_BATCH,0,BATCH,61,,statements=1002
1768291144965,htap,OLTP_BATCH,8,BATCH,64,,statements=1002
1768291144967,htap,OLTP_BATCH,7,BATCH,63,,statements=1002
1768291144980,htap,OLTP_BATCH,9,BATCH,58,,statements=1002
1768291144987,htap,OLTP_BATCH,6,BATCH,60,,statements=1002
1768291144987,htap,OLTP_BATCH,1,BATCH,65,,statements=1002
1768291144987,htap,OLTP_BATCH,5,BATCH,60,,statements=1002
1768291144990,htap,OLTP_BATCH,3,BATCH,68,,statements=1002
1768291145000,htap,OLAP_QUERY,1,MAIN_OLAP,21,4351,
1768291145008,htap,OLTP_BATCH,4,BATCH,63,,statements=1002
1768291145011,htap,OLTP_BATCH,2,BATCH,66,,statements=1002
1768291145014,htap,OLTP_BATCH,0,BATCH,59,,statements=1002
1768291145032,htap,OLTP_BATCH,8,BATCH,65,,statements=1002
1768291145033,htap,OLTP_BATCH,7,BATCH,64,,statements=1002
1768291145033,htap,OLAP_QUERY,3,MAIN_OLAP,22,4381,
1768291145045,htap,OLTP_BATCH,9,BATCH,63,,statements=1002
1768291145054,htap,OLTP_BATCH,6,BATCH,65,,statements=1002
1768291145060,htap,OLTP_BATCH,5,BATCH,70,,statements=1002
1768291145064,htap,OLTP_BATCH,3,BATCH,72,,statements=1002
1768291145065,htap,OLTP_BATCH,1,BATCH,75,,statements=1002
1768291145078,htap,OLTP_BATCH,4,BATCH,69,,statements=1002
1768291145087,htap,OLAP_QUERY,4,MAIN_OLAP,21,4438,
1768291145097,htap,OLTP_BATCH,0,BATCH,81,,statements=1002
1768291145097,htap,OLTP_BATCH,2,BATCH,84,,statements=1002
1768291145102,htap,OLTP_BATCH,8,BATCH,69,,statements=1002
1768291145102,htap,OLTP_BATCH,7,BATCH,67,,statements=1002
1768291145105,htap,OLTP_BATCH,9,BATCH,58,,statements=1002
1768291145122,htap,OLTP_BATCH,6,BATCH,66,,statements=1002
1768291145129,htap,OLTP_BATCH,5,BATCH,67,,statements=1002
1768291145138,htap,OLTP_BATCH,1,BATCH,71,,statements=1002
1768291145141,htap,OLTP_BATCH,3,BATCH,74,,statements=1002
1768291145146,htap,OLTP_BATCH,4,BATCH,66,,statements=1002
1768291145162,htap,OLTP_BATCH,9,BATCH,55,,statements=1002
1768291145164,htap,OLTP_BATCH,0,BATCH,66,,statements=1002
1768291145164,htap,OLTP_BATCH,2,BATCH,65,,statements=1002
1768291145165,htap,OLTP_BATCH,8,BATCH,61,,statements=1002
1768291145168,htap,OLTP_BATCH,7,BATCH,65,,statements=1002
1768291145177,htap,OLTP_BATCH,6,BATCH,53,,statements=1002
1768291145183,htap,OLAP_QUERY,2,MAIN_OLAP,24,4528,
1768291145194,htap,OLTP_BATCH,5,BATCH,63,,statements=1002
1768291145196,htap,OLTP_BATCH,1,BATCH,55,,statements=1002
1768291145198,htap,OLAP_QUERY,0,MAIN_OLAP,18,4552,
1768291145207,htap,OLTP_BATCH,3,BATCH,64,,statements=1002
1768291145209,htap,OLTP_BATCH,4,BATCH,62,,statements=1002
1768291145229,htap,OLTP_BATCH,0,BATCH,63,,statements=1002
1768291145229,htap,OLTP_BATCH,2,BATCH,63,,statements=1002
1768291145232,htap,OLTP_BATCH,8,BATCH,65,,statements=1002
1768291145240,htap,OLTP_BATCH,6,BATCH,62,,statements=1002
1768291145240,htap,OLTP_BATCH,9,BATCH,75,,statements=1002
1768291145240,htap,OLTP_BATCH,7,BATCH,70,,statements=1002
1768291145255,htap,OLTP_BATCH,1,BATCH,57,,statements=1002
1768291145257,htap,OLTP_BATCH,5,BATCH,59,,statements=1002
1768291145267,htap,OLTP_BATCH,3,BATCH,58,,statements=1002
1768291145273,htap,OLTP_BATCH,4,BATCH,62,,statements=1002
1768291145282,htap,OLTP_BATCH,2,BATCH,52,,statements=1002
1768291145290,htap,OLTP_BATCH,0,BATCH,60,,statements=1002
1768291145299,htap,OLTP_BATCH,8,BATCH,65,,statements=1002
1768291145302,htap,OLTP_BATCH,7,BATCH,59,,statements=1002
1768291145305,htap,OLTP_BATCH,6,BATCH,64,,statements=1002
1768291145309,htap,OLTP_BATCH,9,BATCH,67,,statements=1002
1768291145319,htap,OLTP_BATCH,1,BATCH,62,,statements=1002
1768291145333,htap,OLTP_BATCH,5,BATCH,74,,statements=1002
1768291145333,htap,OLTP_BATCH,3,BATCH,64,,statements=1002
1768291145336,htap,OLTP_BATCH,4,BATCH,61,,statements=1002
1768291145347,htap,OLTP_BATCH,2,BATCH,64,,statements=1002
1768291145363,htap,OLTP_BATCH,0,BATCH,71,,statements=1002
1768291145367,htap,OLTP_BATCH,7,BATCH,63,,statements=1002
1768291145369,htap,OLTP_BATCH,8,BATCH,68,,statements=1002
1768291145374,htap,OLTP_BATCH,6,BATCH,66,,statements=1002
1768291145374,htap,OLTP_BATCH,9,BATCH,64,,statements=1002
1768291145378,monitor,OLAP_FRESHNESS,-1,MONITOR_QUERY,0,4750,
1768291145384,htap,OLTP_BATCH,1,BATCH,63,,statements=1002
1768291145400,htap,OLTP_BATCH,3,BATCH,64,,statements=1002
1768291145402,htap,OLTP_BATCH,4,BATCH,64,,statements=1002
1768291145404,htap,OLTP_BATCH,5,BATCH,69,,statements=1002
1768291145407,htap,OLTP_BATCH,2,BATCH,58,,statements=1002
1768291145424,htap,OLTP_BATCH,0,BATCH,59,,statements=1002
1768291145434,htap,OLTP_BATCH,8,BATCH,63,,statements=1002
1768291145436,htap,OLTP_BATCH,6,BATCH,60,,statements=1002
1768291145437,htap,OLTP_BATCH,7,BATCH,68,,statements=1002
1768291145443,htap,OLTP_BATCH,9,BATCH,67,,statements=1002
1768291145458,htap,OLTP_BATCH,1,BATCH,71,,statements=1002
1768291145462,htap,OLTP_BATCH,3,BATCH,60,,statements=1002
1768291145466,htap,OLTP_BATCH,5,BATCH,60,,statements=1002
1768291145468,htap,OLTP_BATCH,4,BATCH,64,,statements=1002
1768291145479,htap,OLTP_BATCH,2,BATCH,71,,statements=1002
1768291145488,htap,OLTP_BATCH,0,BATCH,62,,statements=1002
1768291145499,htap,OLTP_BATCH,8,BATCH,63,,statements=1002
1768291145502,htap,OLTP_BATCH,7,BATCH,64,,statements=1002
1768291145510,htap,OLTP_BATCH,6,BATCH,72,,statements=1002
1768291145514,htap,OLTP_BATCH,9,BATCH,69,,statements=1002
1768291145530,htap,OLAP_QUERY,1,MAIN_OLAP,25,3158,
1768291145548,htap,OLTP_BATCH,1,BATCH,87,,statements=1002
1768291145548,htap,OLTP_BATCH,2,BATCH,67,,statements=1002
1768291145549,htap,OLTP_BATCH,4,BATCH,79,,statements=1002
1768291145549,htap,OLTP_BATCH,5,BATCH,80,,statements=1002
1768291145549,htap,OLTP_BATCH,3,BATCH,84,,statements=1002
1768291145552,htap,OLTP_BATCH,0,BATCH,62,,statements=1002
1768291145561,htap,OLAP_QUERY,3,MAIN_OLAP,23,3191,
1768291145563,htap,OLTP_BATCH,8,BATCH,62,,statements=1002
1768291145568,htap,OLTP_BATCH,7,BATCH,64,,statements=1002
1768291145571,htap,OLTP_BATCH,9,BATCH,55,,statements=1002
1768291145577,htap,OLTP_BATCH,6,BATCH,65,,statements=1002
1768291145608,htap,OLTP_BATCH,5,BATCH,57,,statements=1002
1768291145614,htap,OLTP_BATCH,2,BATCH,63,,statements=1002
1768291145615,htap,OLTP_BATCH,0,BATCH,62,,statements=1002
1768291145616,htap,OLTP_BATCH,4,BATCH,65,,statements=1002
1768291145617,htap,OLTP_BATCH,3,BATCH,66,,statements=1002
1768291145620,htap,OLTP_BATCH,1,BATCH,69,,statements=1002
1768291145621,htap,OLAP_QUERY,4,MAIN_OLAP,27,3245,
1768291145626,htap,OLTP_BATCH,8,BATCH,61,,statements=1002
1768291145632,htap,OLTP_BATCH,7,BATCH,62,,statements=1002
1768291145637,htap,OLTP_BATCH,9,BATCH,64,,statements=1002
1768291145641,htap,OLTP_BATCH,6,BATCH,62,,statements=1002
1768291145669,htap,OLTP_BATCH,2,BATCH,54,,statements=1002
1768291145670,htap,OLTP_BATCH,5,BATCH,61,,statements=1002
1768291145686,htap,OLTP_BATCH,0,BATCH,69,,statements=1002
1768291145691,htap,OLTP_BATCH,1,BATCH,68,,statements=1002
1768291145695,htap,OLTP_BATCH,3,BATCH,75,,statements=1002
1768291145695,htap,OLTP_BATCH,8,BATCH,67,,statements=1002
1768291145697,htap,OLTP_BATCH,9,BATCH,59,,statements=1002
1768291145701,htap,OLTP_BATCH,6,BATCH,58,,statements=1002
1768291145702,htap,OLTP_BATCH,4,BATCH,85,,statements=1002
1768291145705,htap,OLTP_BATCH,7,BATCH,71,,statements=1002
1768291145715,htap,OLAP_QUERY,2,MAIN_OLAP,25,3342,
1768291145721,htap,OLAP_QUERY,0,MAIN_OLAP,19,3356,
1768291145735,htap,OLTP_BATCH,2,BATCH,64,,statements=1002
1768291145735,htap,OLTP_BATCH,5,BATCH,63,,statements=1002
1768291145750,htap,OLTP_BATCH,0,BATCH,62,,statements=1002
1768291145759,htap,OLTP_BATCH,1,BATCH,66,,statements=1002
1768291145766,htap,OLTP_BATCH,4,BATCH,62,,statements=1002
1768291145767,htap,OLTP_BATCH,3,BATCH,70,,statements=1002
1768291145769,htap,OLTP_BATCH,7,BATCH,62,,statements=1002
1768291145770,htap,OLTP_BATCH,8,BATCH,74,,statements=1002
1768291145773,htap,OLTP_BATCH,9,BATCH,74,,statements=1002
1768291145773,htap,OLTP_BATCH,6,BATCH,70,,statements=1002
1768291145797,htap,OLTP_BATCH,2,BATCH,60,,statements=1002
1768291145804,htap,OLTP_BATCH,5,BATCH,67,,statements=1002
1768291145815,htap,OLTP_BATCH,0,BATCH,63,,statements=1002
1768291145825,htap,OLTP_BATCH,4,BATCH,57,,statements=1002
1768291145825,htap,OLTP_BATCH,1,BATCH,65,,statements=1002
1768291145830,htap,OLTP_BATCH,9,BATCH,55,,statements=1002
1768291145832,htap,OLTP_BATCH,3,BATCH,63,,statements=1002
1768291145833,htap,OLTP_BATCH,8,BATCH,61,,statements=1002
1768291145840,htap,OLTP_BATCH,7,BATCH,69,,statements=1002
1768291145844,htap,OLTP_BATCH,6,BATCH,68,,statements=1002
1768291145863,htap,OLTP_BATCH,2,BATCH,64,,statements=1002
1768291145863,htap,OLTP_BATCH,5,BATCH,57,,statements=1002
1768291145883,htap,OLTP_BATCH,0,BATCH,65,,statements=1002
1768291145897,htap,OLTP_BATCH,9,BATCH,64,,statements=1002
1768291145900,htap,OLTP_BATCH,1,BATCH,72,,statements=1002
1768291145902,htap,OLTP_BATCH,4,BATCH,75,,statements=1002
1768291145903,htap,OLTP_BATCH,3,BATCH,69,,statements=1002
1768291145921,htap,OLTP_BATCH,7,BATCH,79,,statements=1002
1768291145921,htap,OLTP_BATCH,6,BATCH,75,,statements=1002
1768291145931,htap,OLTP_BATCH,8,BATCH,96,,statements=1002
1768291145935,htap,OLTP_BATCH,2,BATCH,70,,statements=1002
1768291145937,htap,OLTP_BATCH,5,BATCH,72,,statements=1002
1768291145956,htap,OLTP_BATCH,0,BATCH,71,,statements=1002
1768291145963,htap,OLTP_BATCH,9,BATCH,64,,statements=1002
1768291145963,htap,OLTP_BATCH,1,BATCH,61,,statements=1002
1768291145972,htap,OLTP_BATCH,4,BATCH,68,,statements=1002
1768291145973,htap,OLTP_BATCH,3,BATCH,68,,statements=1002
1768291145980,htap,OLTP_BATCH,6,BATCH,56,,statements=1002
1768291146008,htap,OLTP_BATCH,7,BATCH,85,,statements=1002
1768291146008,htap,OLTP_BATCH,8,BATCH,75,,statements=1002
1768291146008,htap,OLTP_BATCH,2,BATCH,71,,statements=1002
1768291146008,htap,OLTP_BATCH,5,BATCH,69,,statements=1002
1768291146020,htap,OLTP_BATCH,0,BATCH,62,,statements=1002
1768291146026,htap,OLTP_BATCH,9,BATCH,61,,statements=1002
1768291146031,htap,OLTP_BATCH,1,BATCH,66,,statements=1002
1768291146037,htap,OLTP_BATCH,6,BATCH,54,,statements=1002
1768291146037,htap,OLTP_BATCH,3,BATCH,62,,statements=1002
1768291146042,htap,OLTP_BATCH,4,BATCH,68,,statements=1002
1768291146052,htap,OLAP_QUERY,1,MAIN_OLAP,18,3688,
1768291146070,htap,OLTP_BATCH,2,BATCH,60,,statements=1002
1768291146070,htap,OLTP_BATCH,7,BATCH,60,,statements=1002
1768291146076,htap,OLTP_BATCH,5,BATCH,66,,statements=1002
1768291146079,htap,OLTP_BATCH,8,BATCH,69,,statements=1002
1768291146087,htap,OLTP_BATCH,9,BATCH,60,,statements=1002
1768291146087,htap,OLTP_BATCH,0,BATCH,64,,statements=1002
1768291146089,htap,OLAP_QUERY,3,MAIN_OLAP,21,3719,
1768291146090,htap,OLTP_BATCH,1,BATCH,57,,statements=1002
1768291146104,htap,OLTP_BATCH,6,BATCH,65,,statements=1002
1768291146104,htap,OLTP_BATCH,3,BATCH,65,,statements=1002
1768291146109,htap,OLTP_BATCH,4,BATCH,65,,statements=1002
1768291146139,htap,OLTP_BATCH,2,BATCH,62,,statements=1002
1768291146141,htap,OLTP_BATCH,7,BATCH,64,,statements=1002
1768291146148,htap,OLTP_BATCH,5,BATCH,70,,statements=1002
1768291146148,htap,OLTP_BATCH,0,BATCH,58,,statements=1002
1768291146148,htap,OLTP_BATCH,9,BATCH,59,,statements=1002
1768291146148,htap,OLTP_BATCH,8,BATCH,67,,statements=1002
1768291146148,htap,OLAP_QUERY,4,MAIN_OLAP,19,3779,
1768291146152,htap,OLTP_BATCH,1,BATCH,61,,statements=1002
1768291146166,htap,OLTP_BATCH,3,BATCH,59,,statements=1002
1768291146171,htap,OLTP_BATCH,6,BATCH,65,,statements=1002
1768291146172,htap,OLTP_BATCH,4,BATCH,62,,statements=1002
1768291146199,htap,OLTP_BATCH,2,BATCH,58,,statements=1002
1768291146203,htap,OLTP_BATCH,9,BATCH,53,,statements=1002
1768291146203,htap,OLTP_BATCH,7,BATCH,60,,statements=1002
1768291146210,htap,OLTP_BATCH,0,BATCH,60,,statements=1002
1768291146211,htap,OLTP_BATCH,5,BATCH,62,,statements=1002
1768291146212,htap,OLTP_BATCH,8,BATCH,62,,statements=1002
1768291146217,htap,OLTP_BATCH,1,BATCH,63,,statements=1002
1768291146229,htap,OLTP_BATCH,3,BATCH,61,,statements=1002
1768291146237,htap,OLTP_BATCH,6,BATCH,65,,statements=1002
1768291146237,htap,OLTP_BATCH,4,BATCH,64,,statements=1002
1768291146249,htap,OLAP_QUERY,0,MAIN_OLAP,20,3884,
1768291146252,htap,OLAP_QUERY,2,MAIN_OLAP,28,3874,
1768291146260,htap,OLTP_BATCH,2,BATCH,60,,statements=1002
1768291146266,htap,OLTP_BATCH,7,BATCH,62,,statements=1002
1768291146268,htap,OLTP_BATCH,9,BATCH,63,,statements=1002
1768291146274,htap,OLTP_BATCH,0,BATCH,63,,statements=1002
1768291146274,htap,OLTP_BATCH,5,BATCH,61,,statements=1002
1768291146275,htap,OLTP_BATCH,8,BATCH,61,,statements=1002
1768291146282,htap,OLTP_BATCH,1,BATCH,62,,statements=1002
1768291146293,htap,OLTP_BATCH,3,BATCH,62,,statements=1002
1768291146310,htap,OLTP_BATCH,6,BATCH,71,,statements=1002
1768291146311,htap,OLTP_BATCH,4,BATCH,71,,statements=1002
1768291146329,htap,OLTP_BATCH,9,BATCH,59,,statements=1002
1768291146330,htap,OLTP_BATCH,7,BATCH,62,,statements=1002
1768291146331,htap,OLTP_BATCH,2,BATCH,69,,statements=1002
1768291146340,htap,OLTP_BATCH,8,BATCH,61,,statements=1002
1768291146341,htap,OLTP_BATCH,5,BATCH,63,,statements=1002
1768291146344,htap,OLTP_BATCH,0,BATCH,66,,statements=1002
1768291146348,htap,OLTP_BATCH,1,BATCH,64,,statements=1002
1768291146355,htap,OLTP_BATCH,3,BATCH,60,,statements=1002
1768291146374,htap,OLTP_BATCH,4,BATCH,61,,statements=1002
1768291146380,htap,OLTP_BATCH,6,BATCH,68,,statements=1002
1768291146384,monitor,OLAP_FRESHNESS,-1,MONITOR_QUERY,0,3591,
1768291146391,htap,OLTP_BATCH,9,BATCH,59,,statements=1002
1768291146395,htap,OLTP_BATCH,7,BATCH,63,,statements=1002
1768291146412,htap,OLTP_BATCH,5,BATCH,69,,statements=1002
1768291146414,htap,OLTP_BATCH,8,BATCH,73,,statements=1002
1768291146417,htap,OLTP_BATCH,1,BATCH,67,,statements=1002
1768291146418,htap,OLTP_BATCH,0,BATCH,72,,statements=1002
1768291146424,htap,OLTP_BATCH,2,BATCH,91,,statements=1002
1768291146426,htap,OLTP_BATCH,3,BATCH,69,,statements=1002
1768291146456,htap,OLTP_BATCH,4,BATCH,80,,statements=1002
1768291146457,htap,OLTP_BATCH,6,BATCH,75,,statements=1002
1768291146457,htap,OLTP_BATCH,9,BATCH,64,,statements=1002
1768291146464,htap,OLTP_BATCH,7,BATCH,67,,statements=1002
1768291146473,htap,OLTP_BATCH,5,BATCH,58,,statements=1002
1768291146474,htap,OLTP_BATCH,8,BATCH,58,,statements=1002
1768291146476,htap,OLTP_BATCH,0,BATCH,56,,statements=1002
1768291146483,htap,OLTP_BATCH,1,BATCH,64,,statements=1002
1768291146491,htap,OLTP_BATCH,2,BATCH,65,,statements=1002
1768291146494,htap,OLTP_BATCH,3,BATCH,66,,statements=1002
1768291146507,htap,OLTP_BATCH,4,BATCH,48,,statements=1002
1768291146514,htap,OLTP_BATCH,9,BATCH,55,,statements=1002
1768291146528,htap,OLTP_BATCH,6,BATCH,69,,statements=1002
1768291146528,htap,OLTP_BATCH,7,BATCH,63,,statements=1002
1768291146539,htap,OLTP_BATCH,5,BATCH,65,,statements=1002
1768291146541,htap,OLTP_BATCH,8,BATCH,66,,statements=1002
1768291146542,htap,OLTP_BATCH,0,BATCH,65,,statements=1002
1768291146547,htap,OLTP_BATCH,1,BATCH,62,,statements=1002
1768291146555,htap,OLTP_BATCH,2,BATCH,63,,statements=1002
1768291146560,htap,OLTP_BATCH,3,BATCH,64,,statements=1002
1768291146576,htap,OLTP_BATCH,4,BATCH,67,,statements=1002
1768291146578,htap,OLTP_BATCH,9,BATCH,62,,statements=1002
1768291146592,htap,OLAP_QUERY,1,MAIN_OLAP,20,3765,
1768291146595,htap,OLTP_BATCH,6,BATCH,65,,statements=1002
1768291146598,htap,OLTP_BATCH,7,BATCH,69,,statements=1002
1768291146607,htap,OLTP_BATCH,8,BATCH,64,,statements=1002
1768291146612,htap,OLTP_BATCH,1,BATCH,63,,statements=1002
1768291146617,htap,OLTP_BATCH,0,BATCH,73,,statements=1002
1768291146619,htap,OLTP_BATCH,5,BATCH,78,,statements=1002
1768291146622,htap,OLTP_BATCH,3,BATCH,59,,statements=1002
1768291146624,htap,OLTP_BATCH,2,BATCH,66,,statements=1002
1768291146637,htap,OLAP_QUERY,3,MAIN_OLAP,43,3802,
1768291146640,htap,OLTP_BATCH,4,BATCH,62,,statements=1002
1768291146640,htap,OLTP_BATCH,9,BATCH,60,,statements=1002
1768291146665,htap,OLTP_BATCH,6,BATCH,68,,statements=1002
1768291146670,htap,OLAP_QUERY,4,MAIN_OLAP,18,3861,
1768291146676,htap,OLTP_BATCH,7,BATCH,76,,statements=1002
1768291146676,htap,OLTP_BATCH,1,BATCH,62,,statements=1002
1768291146676,htap,OLTP_BATCH,8,BATCH,67,,statements=1002
1768291146691,htap,OLTP_BATCH,3,BATCH,67,,statements=1002
1768291146691,htap,OLTP_BATCH,5,BATCH,70,,statements=1002
1768291146692,htap,OLTP_BATCH,0,BATCH,72,,statements=1002
1768291146693,htap,OLTP_BATCH,2,BATCH,67,,statements=1002
1768291146704,htap,OLTP_BATCH,9,BATCH,61,,statements=1002
1768291146711,htap,OLTP_BATCH,4,BATCH,69,,statements=1002
1768291146730,htap,OLTP_BATCH,6,BATCH,63,,statements=1002
1768291146744,htap,OLTP_BATCH,8,BATCH,67,,statements=1002
1768291146744,htap,OLTP_BATCH,1,BATCH,66,,statements=1002
1768291146744,htap,OLTP_BATCH,7,BATCH,66,,statements=1002
1768291146755,htap,OLTP_BATCH,3,BATCH,62,,statements=1002
1768291146756,htap,OLTP_BATCH,2,BATCH,61,,statements=1002
1768291146759,htap,OLTP_BATCH,0,BATCH,65,,statements=1002
1768291146763,htap,OLTP_BATCH,5,BATCH,70,,statements=1002
1768291146771,htap,OLTP_BATCH,9,BATCH,65,,statements=1002
1768291146777,htap,OLTP_BATCH,4,BATCH,64,,statements=1002
1768291146782,htap,OLAP_QUERY,0,MAIN_OLAP,25,3962,
1768291146787,htap,OLAP_QUERY,2,MAIN_OLAP,30,3965,
1768291146791,htap,OLTP_BATCH,6,BATCH,59,,statements=1002
1768291146808,htap,OLTP_BATCH,8,BATCH,63,,statements=1002
1768291146814,htap,OLTP_BATCH,3,BATCH,57,,statements=1002
1768291146814,htap,OLTP_BATCH,7,BATCH,68,,statements=1002
1768291146819,htap,OLTP_BATCH,2,BATCH,61,,statements=1002
1768291146819,htap,OLTP_BATCH,0,BATCH,58,,statements=1002
1768291146823,htap,OLTP_BATCH,1,BATCH,76,,statements=1002
1768291146832,htap,OLTP_BATCH,5,BATCH,67,,statements=1002
1768291146837,htap,OLTP_BATCH,9,BATCH,64,,statements=1002
1768291146845,htap,OLTP_BATCH,4,BATCH,66,,statements=1002
1768291146855,htap,OLTP_BATCH,6,BATCH,61,,statements=1002
1768291146875,htap,OLTP_BATCH,8,BATCH,65,,statements=1002
1768291146893,htap,OLTP_BATCH,3,BATCH,77,,statements=1002
1768291146893,htap,OLTP_BATCH,1,BATCH,68,,statements=1002
1768291146893,htap,OLTP_BATCH,5,BATCH,60,,statements=1002
1768291146894,htap,OLTP_BATCH,7,BATCH,78,,statements=1002
1768291146894,htap,OLTP_BATCH,0,BATCH,73,,statements=1002
1768291146894,htap,OLTP_BATCH,2,BATCH,73,,statements=1002
1768291146894,htap,OLTP_BATCH,9,BATCH,55,,statements=1002
1768291146904,htap,OLTP_BATCH,4,BATCH,57,,statements=1002
1768291146914,htap,OLTP_BATCH,6,BATCH,57,,statements=1002
1768291146937,htap,OLTP_BATCH,8,BATCH,60,,statements=1002
1768291146953,htap,OLTP_BATCH,9,BATCH,56,,statements=1002
1768291146953,htap,OLTP_BATCH,0,BATCH,57,,statements=1002
1768291146955,htap,OLTP_BATCH,1,BATCH,59,,statements=1002
1768291146956,htap,OLTP_BATCH,3,BATCH,61,,statements=1002
1768291146957,htap,OLTP_BATCH,5,BATCH,61,,statements=1002
1768291146958,htap,OLTP_BATCH,7,BATCH,62,,statements=1002
1768291146961,htap,OLTP_BATCH,2,BATCH,65,,statements=1002
1768291146966,htap,OLTP_BATCH,4,BATCH,60,,statements=1002
1768291146968,htap,OLTP_BATCH,6,BATCH,53,,statements=1002
1768291147000,htap,OLTP_BATCH,8,BATCH,61,,statements=1002
1768291147009,htap,OLTP_BATCH,9,BATCH,54,,statements=1002
1768291147012,htap,OLTP_BATCH,0,BATCH,57,,statements=1002
1768291147020,htap,OLTP_BATCH,1,BATCH,64,,statements=1002
1768291147020,htap,OLTP_BATCH,7,BATCH,60,,statements=1002
1768291147024,htap,OLTP_BATCH,5,BATCH,65,,statements=1002
1768291147024,htap,OLTP_BATCH,3,BATCH,66,,statements=1002
1768291147025,htap,OLTP_BATCH,2,BATCH,62,,statements=1002
1768291147026,htap,OLTP_BATCH,6,BATCH,56,,statements=1002
1768291147035,htap,OLTP_BATCH,4,BATCH,68,,statements=1002
1768291147067,htap,OLTP_BATCH,9,BATCH,57,,statements=1002
1768291147074,htap,OLTP_BATCH,0,BATCH,60,,statements=1002
1768291147080,htap,OLTP_BATCH,8,BATCH,78,,statements=1002
1768291147081,htap,OLTP_BATCH,7,BATCH,59,,statements=1002
1768291147088,htap,OLTP_BATCH,3,BATCH,62,,statements=1002
1768291147089,htap,OLTP_BATCH,5,BATCH,64,,statements=1002
1768291147091,htap,OLTP_BATCH,2,BATCH,64,,statements=1002
1768291147092,htap,OLTP_BATCH,1,BATCH,70,,statements=1002
1768291147094,htap,OLTP_BATCH,6,BATCH,66,,statements=1002
1768291147095,htap,OLTP_BATCH,4,BATCH,58,,statements=1002
1768291147122,htap,OLAP_QUERY,1,MAIN_OLAP,20,4175,
1768291147133,htap,OLTP_BATCH,9,BATCH,64,,statements=1002
1768291147138,htap,OLTP_BATCH,0,BATCH,62,,statements=1002
1768291147153,htap,OLTP_BATCH,7,BATCH,70,,statements=1002
1768291147153,htap,OLTP_BATCH,5,BATCH,61,,statements=1002
1768291147156,htap,OLTP_BATCH,2,BATCH,63,,statements=1002
1768291147157,htap,OLTP_BATCH,6,BATCH,60,,statements=1002
1768291147158,htap,OLTP_BATCH,8,BATCH,76,,statements=1002
1768291147159,htap,OLTP_BATCH,3,BATCH,68,,statements=1002
1768291147160,htap,OLTP_BATCH,4,BATCH,63,,statements=1002
1768291147160,htap,OLTP_BATCH,1,BATCH,66,,statements=1002
1768291147165,htap,OLAP_QUERY,3,MAIN_OLAP,23,4220,
1768291147197,htap,OLTP_BATCH,9,BATCH,61,,statements=1002
1768291147207,htap,OLAP_QUERY,4,MAIN_OLAP,27,4254,
1768291147207,htap,OLTP_BATCH,0,BATCH,67,,statements=1002
1768291147214,htap,OLTP_BATCH,3,BATCH,53,,statements=1002
1768291147222,htap,OLTP_BATCH,1,BATCH,60,,statements=1002
1768291147223,htap,OLTP_BATCH,7,BATCH,65,,statements=1002
1768291147224,htap,OLTP_BATCH,4,BATCH,61,,statements=1002
1768291147224,htap,OLTP_BATCH,8,BATCH,64,,statements=1002
1768291147226,htap,OLTP_BATCH,5,BATCH,68,,statements=1002
1768291147229,htap,OLTP_BATCH,6,BATCH,71,,statements=1002
1768291147231,htap,OLTP_BATCH,2,BATCH,73,,statements=1002
1768291147264,htap,OLTP_BATCH,9,BATCH,65,,statements=1002
1768291147274,htap,OLTP_BATCH,0,BATCH,65,,statements=1002
1768291147279,htap,OLTP_BATCH,3,BATCH,63,,statements=1002
1768291147291,htap,OLTP_BATCH,4,BATCH,65,,statements=1002
1768291147291,htap,OLTP_BATCH,1,BATCH,67,,statements=1002
1768291147292,htap,OLTP_BATCH,8,BATCH,66,,statements=1002
1768291147297,htap,OLTP_BATCH,7,BATCH,72,,statements=1002
1768291147297,htap,OLTP_BATCH,6,BATCH,67,,statements=1002
1768291147297,htap,OLTP_BATCH,2,BATCH,64,,statements=1002
1768291147303,htap,OLTP_BATCH,5,BATCH,75,,statements=1002
1768291147320,htap,OLAP_QUERY,0,MAIN_OLAP,26,4365,
1768291147329,htap,OLAP_QUERY,2,MAIN_OLAP,27,4370,
1768291147342,htap,OLTP_BATCH,9,BATCH,76,,statements=1002
1768291147343,htap,OLTP_BATCH,0,BATCH,67,,statements=1002
1768291147351,htap,OLTP_BATCH,3,BATCH,70,,statements=1002
1768291147359,htap,OLTP_BATCH,1,BATCH,66,,statements=1002
1768291147362,htap,OLTP_BATCH,4,BATCH,69,,statements=1002
1768291147365,htap,OLTP_BATCH,8,BATCH,71,,statements=1002
1768291147371,htap,OLTP_BATCH,6,BATCH,71,,statements=1002
1768291147376,htap,OLTP_BATCH,5,BATCH,71,,statements=1002
1768291147376,htap,OLTP_BATCH,2,BATCH,76,,statements=1002
1768291147376,htap,OLTP_BATCH,7,BATCH,76,,statements=1002
1768291147389,monitor,OLAP_FRESHNESS,-1,MONITOR_QUERY,0,4467,
1768291147411,htap,OLTP_BATCH,9,BATCH,67,,statements=1002
1768291147415,htap,OLTP_BATCH,0,BATCH,71,,statements=1002
1768291147418,htap,OLTP_BATCH,3,BATCH,65,,statements=1002
1768291147424,htap,OLTP_BATCH,1,BATCH,63,,statements=1002
1768291147433,htap,OLTP_BATCH,5,BATCH,55,,statements=1002
1768291147433,htap,OLTP_BATCH,6,BATCH,60,,statements=1002
1768291147437,htap,OLTP_BATCH,8,BATCH,70,,statements=1002
1768291147444,htap,OLTP_BATCH,7,BATCH,65,,statements=1002
1768291147447,htap,OLTP_BATCH,4,BATCH,83,,statements=1002
1768291147458,htap,OLTP_BATCH,2,BATCH,80,,statements=1002
1768291147480,htap,OLTP_BATCH,9,BATCH,66,,statements=1002
1768291147481,htap,OLTP_BATCH,0,BATCH,65,,statements=1002
1768291147489,htap,OLTP_BATCH,3,BATCH,69,,statements=1002
1768291147490,htap,OLTP_BATCH,1,BATCH,64,,statements=1002
1768291147493,htap,OLTP_BATCH,5,BATCH,58,,statements=1002
1768291147506,htap,OLTP_BATCH,7,BATCH,60,,statements=1002
1768291147507,htap,OLTP_BATCH,6,BATCH,72,,statements=1002
1768291147513,htap,OLTP_BATCH,8,BATCH,74,,statements=1002
1768291147523,htap,OLTP_BATCH,4,BATCH,74,,statements=1002
1768291147532,htap,OLTP_BATCH,2,BATCH,72,,statements=1002
1768291147544,htap,OLTP_BATCH,0,BATCH,62,,statements=1002
1768291147553,htap,OLTP_BATCH,9,BATCH,71,,statements=1002
1768291147555,htap,OLTP_BATCH,5,BATCH,61,,statements=1002
1768291147555,htap,OLTP_BATCH,1,BATCH,63,,statements=1002
1768291147562,htap,OLTP_BATCH,3,BATCH,71,,statements=1002
1768291147571,htap,OLTP_BATCH,6,BATCH,62,,statements=1002
1768291147572,htap,OLTP_BATCH,7,BATCH,64,,statements=1002
1768291147574,htap,OLTP_BATCH,8,BATCH,58,,statements=1002
1768291147584,htap,OLTP_BATCH,4,BATCH,59,,statements=1002
1768291147599,htap,OLTP_BATCH,2,BATCH,65,,statements=1002
1768291147604,htap,OLTP_BATCH,0,BATCH,58,,statements=1002
1768291147616,htap,OLTP_BATCH,9,BATCH,62,,statements=1002
1768291147617,htap,OLTP_BATCH,5,BATCH,60,,statements=1002
1768291147620,htap,OLTP_BATCH,3,BATCH,56,,statements=1002
1768291147621,htap,OLTP_BATCH,1,BATCH,64,,statements=1002
1768291147628,htap,OLTP_BATCH,6,BATCH,55,,statements=1002
1768291147629,htap,OLTP_BATCH,7,BATCH,55,,statements=1002
1768291147640,htap,OLTP_BATCH,8,BATCH,64,,statements=1002
1768291147650,htap,OLTP_BATCH,4,BATCH,64,,statements=1002
1768291147651,htap,OLAP_QUERY,1,MAIN_OLAP,24,4705,
1768291147663,htap,OLTP_BATCH,2,BATCH,62,,statements=1002
1768291147672,htap,OLTP_BATCH,0,BATCH,66,,statements=1002
1768291147683,htap,OLTP_BATCH,5,BATCH,64,,statements=1002
1768291147685,htap,OLTP_BATCH,9,BATCH,67,,statements=1002
1768291147689,htap,OLTP_BATCH,1,BATCH,66,,statements=1002
1768291147690,htap,OLTP_BATCH,3,BATCH,68,,statements=1002
1768291147690,htap,OLAP_QUERY,3,MAIN_OLAP,20,4748,
1768291147694,htap,OLTP_BATCH,6,BATCH,64,,statements=1002
1768291147694,htap,OLTP_BATCH,7,BATCH,63,,statements=1002
1768291147701,htap,OLTP_BATCH,8,BATCH,59,,statements=1002
1768291147716,htap,OLTP_BATCH,4,BATCH,65,,statements=1002
1768291147731,htap,OLTP_BATCH,2,BATCH,66,,statements=1002
1768291147735,htap,OLTP_BATCH,0,BATCH,61,,statements=1002
1768291147735,htap,OLAP_QUERY,4,MAIN_OLAP,22,4790,
1768291147747,htap,OLTP_BATCH,9,BATCH,60,,statements=1002
1768291147750,htap,OLTP_BATCH,1,BATCH,60,,statements=1002
1768291147752,htap,OLTP_BATCH,6,BATCH,56,,statements=1002
1768291147757,htap,OLTP_BATCH,3,BATCH,63,,statements=1002
1768291147759,htap,OLTP_BATCH,5,BATCH,75,,statements=1002
1768291147762,htap,OLTP_BATCH,8,BATCH,59,,statements=1002
1768291147778,htap,OLTP_BATCH,7,BATCH,81,,statements=1002
1768291147782,htap,OLTP_BATCH,4,BATCH,64,,statements=1002
1768291147792,htap,OLTP_BATCH,2,BATCH,59,,statements=1002
1768291147799,htap,OLTP_BATCH,0,BATCH,63,,statements=1002
1768291147807,htap,OLTP_BATCH,9,BATCH,58,,statements=1002
1768291147819,htap,OLTP_BATCH,1,BATCH,66,,statements=1002
1768291147821,htap,OLTP_BATCH,3,BATCH,62,,statements=1002
1768291147823,htap,OLTP_BATCH,8,BATCH,59,,statements=1002
1768291147824,htap,OLTP_BATCH,5,BATCH,63,,statements=1002
1768291147826,htap,OLTP_BATCH,6,BATCH,72,,statements=1002
1768291147839,htap,OLTP_BATCH,7,BATCH,60,,statements=1002
1768291147841,htap,OLTP_BATCH,4,BATCH,57,,statements=1002
1768291147855,htap,OLTP_BATCH,2,BATCH,61,,statements=1002
1768291147862,htap,OLAP_QUERY,0,MAIN_OLAP,33,4903,
1768291147862,htap,OLAP_QUERY,2,MAIN_OLAP,21,4912,
1768291147867,htap,OLTP_BATCH,0,BATCH,65,,statements=1002
1768291147867,htap,OLTP_BATCH,9,BATCH,59,,statements=1002
1768291147890,htap,OLTP_BATCH,3,BATCH,67,,statements=1002
1768291147891,htap,OLTP_BATCH,8,BATCH,66,,statements=1002
1768291147891,htap,OLTP_BATCH,1,BATCH,70,,statements=1002
1768291147895,htap,OLTP_BATCH,5,BATCH,69,,statements=1002
1768291147896,htap,OLTP_BATCH,6,BATCH,68,,statements=1002
1768291147911,htap,OLTP_BATCH,4,BATCH,68,,statements=1002
1768291147912,htap,OLTP_BATCH,7,BATCH,72,,statements=1002
1768291147925,htap,OLTP_BATCH,2,BATCH,68,,statements=1002
1768291147939,htap,OLTP_BATCH,0,BATCH,70,,statements=1002
1768291147940,htap,OLTP_BATCH,9,BATCH,71,,statements=1002
1768291147951,htap,OLTP_BATCH,3,BATCH,59,,statements=1002
1768291147956,htap,OLTP_BATCH,8,BATCH,62,,statements=1002
1768291147956,htap,OLTP_BATCH,5,BATCH,59,,statements=1002
1768291147958,htap,OLTP_BATCH,1,BATCH,64,,statements=1002
1768291147964,htap,OLTP_BATCH,6,BATCH,66,,statements=1002
1768291147974,htap,OLTP_BATCH,7,BATCH,60,,statements=1002
1768291147974,htap,OLTP_BATCH,4,BATCH,61,,statements=1002
1768291147996,htap,OLTP_BATCH,2,BATCH,69,,statements=1002
1768291148003,htap,OLTP_BATCH,0,BATCH,62,,statements=1002
1768291148005,htap,OLTP_BATCH,9,BATCH,64,,statements=1002
1768291148015,htap,OLTP_BATCH,3,BATCH,62,,statements=1002
1768291148021,htap,OLTP_BATCH,1,BATCH,61,,statements=1002
1768291148021,htap,OLTP_BATCH,5,BATCH,63,,statements=1002
1768291148026,htap,OLTP_BATCH,8,BATCH,68,,statements=1002
1768291148030,htap,OLTP_BATCH,6,BATCH,64,,statements=1002
1768291148035,htap,OLTP_BATCH,7,BATCH,59,,statements=1002
1768291148054,htap,OLTP_BATCH,4,BATCH,78,,statements=1002
1768291148057,htap,OLTP_BATCH,2,BATCH,59,,statements=1002
1768291148070,htap,OLTP_BATCH,0,BATCH,65,,statements=1002
1768291148074,htap,OLTP_BATCH,9,BATCH,67,,statements=1002
1768291148082,htap,OLTP_BATCH,3,BATCH,65,,statements=1002
1768291148091,htap,OLTP_BATCH,5,BATCH,68,,statements=1002
1768291148091,htap,OLTP_BATCH,1,BATCH,68,,statements=1002
1768291148093,htap,OLTP_BATCH,8,BATCH,66,,statements=1002
1768291148095,htap,OLTP_BATCH,6,BATCH,63,,statements=1002
1768291148098,htap,OLTP_BATCH,7,BATCH,61,,statements=1002
1768291148118,htap,OLTP_BATCH,2,BATCH,59,,statements=1002
1768291148123,htap,OLTP_BATCH,4,BATCH,67,,statements=1002
1768291148134,htap,OLTP_BATCH,0,BATCH,62,,statements=1002
1768291148136,htap,OLTP_BATCH,9,BATCH,60,,statements=1002
1768291148164,htap,OLTP_BATCH,5,BATCH,71,,statements=1002
1768291148165,htap,OLTP_BATCH,1,BATCH,72,,statements=1002
1768291148165,htap,OLTP_BATCH,6,BATCH,69,,statements=1002
1768291148165,htap,OLTP_BATCH,8,BATCH,70,,statements=1002
1768291148168,htap,OLTP_BATCH,3,BATCH,84,,statements=1002
1768291148181,htap,OLTP_BATCH,7,BATCH,81,,statements=1002
1768291148188,htap,OLAP_QUERY,1,MAIN_OLAP,28,5168,
1768291148191,htap,OLTP_BATCH,2,BATCH,71,,statements=1002
1768291148194,htap,OLTP_BATCH,4,BATCH,69,,statements=1002
1768291148205,htap,OLTP_BATCH,0,BATCH,68,,statements=1002
1768291148205,htap,OLTP_BATCH,9,BATCH,67,,statements=1002
1768291148221,htap,OLAP_QUERY,3,MAIN_OLAP,24,5207,
1768291148252,htap,OLTP_BATCH,5,BATCH,85,,statements=1002
1768291148253,htap,OLTP_BATCH,1,BATCH,86,,statements=1002
1768291148253,htap,OLTP_BATCH,7,BATCH,70,,statements=1002
1768291148253,htap,OLTP_BATCH,8,BATCH,86,,statements=1002
1768291148253,htap,OLTP_BATCH,3,BATCH,84,,statements=1002
1768291148253,htap,OLTP_BATCH,6,BATCH,86,,statements=1002
1768291148259,htap,OLTP_BATCH,4,BATCH,63,,statements=1002
1768291148259,htap,OLTP_BATCH,2,BATCH,66,,statements=1002
1768291148259,htap,OLAP_QUERY,4,MAIN_OLAP,17,5252,
1768291148271,htap,OLTP_BATCH,0,BATCH,64,,statements=1002
1768291148278,htap,OLTP_BATCH,9,BATCH,71,,statements=1002
1768291148321,htap,OLTP_BATCH,3,BATCH,62,,statements=1002
1768291148321,htap,OLTP_BATCH,5,BATCH,67,,statements=1002
1768291148321,htap,OLTP_BATCH,6,BATCH,61,,statements=1002
1768291148322,htap,OLTP_BATCH,1,BATCH,62,,statements=1002
1768291148325,htap,OLTP_BATCH,7,BATCH,65,,statements=1002
1768291148327,htap,OLTP_BATCH,8,BATCH,67,,statements=1002
1768291148328,htap,OLTP_BATCH,4,BATCH,67,,statements=1002
1768291148331,htap,OLTP_BATCH,2,BATCH,70,,statements=1002
1768291148335,htap,OLTP_BATCH,0,BATCH,62,,statements=1002
1768291148348,htap,OLTP_BATCH,9,BATCH,68,,statements=1002
1768291148381,htap,OLTP_BATCH,1,BATCH,57,,statements=1002
1768291148383,htap,OLTP_BATCH,3,BATCH,60,,statements=1002
1768291148388,htap,OLTP_BATCH,5,BATCH,65,,statements=1002
1768291148388,htap,OLTP_BATCH,7,BATCH,61,,statements=1002
1768291148392,htap,OLTP_BATCH,2,BATCH,60,,statements=1002
1768291148393,htap,OLAP_QUERY,2,MAIN_OLAP,23,5379,
1768291148395,htap,OLTP_BATCH,4,BATCH,65,,statements=1002
1768291148396,htap,OLTP_BATCH,0,BATCH,59,,statements=1002
1768291148397,htap,OLTP_BATCH,8,BATCH,68,,statements=1002
1768291148398,htap,OLAP_QUERY,0,MAIN_OLAP,26,5379,
1768291148400,htap,OLTP_BATCH,6,BATCH,77,,statements=1002
1768291148400,monitor,OLAP_FRESHNESS,-1,MONITOR_QUERY,0,5406,
1768291148422,htap,OLTP_BATCH,9,BATCH,72,,statements=1002
1768291148452,htap,OLTP_BATCH,3,BATCH,66,,statements=1002
1768291148457,htap,OLTP_BATCH,5,BATCH,67,,statements=1002
1768291148457,htap,OLTP_BATCH,1,BATCH,74,,statements=1002
1768291148466,htap,OLTP_BATCH,8,BATCH,67,,statements=1002
1768291148466,htap,OLTP_BATCH,4,BATCH,69,,statements=1002
1768291148469,htap,OLTP_BATCH,7,BATCH,78,,statements=1002
1768291148470,htap,OLTP_BATCH,2,BATCH,76,,statements=1002
1768291148472,htap,OLTP_BATCH,0,BATCH,74,,statements=1002
1768291148480,htap,OLTP_BATCH,6,BATCH,78,,statements=1002
1768291148489,htap,OLTP_BATCH,9,BATCH,66,,statements=1002
1768291148516,htap,OLTP_BATCH,3,BATCH,62,,statements=1002
1768291148516,htap,OLTP_BATCH,5,BATCH,57,,statements=1002
1768291148518,htap,OLTP_BATCH,1,BATCH,59,,statements=1002
1768291148529,htap,OLTP_BATCH,4,BATCH,60,,statements=1002
1768291148532,htap,OLTP_BATCH,2,BATCH,60,,statements=1002
1768291148536,htap,OLTP_BATCH,0,BATCH,62,,statements=1002
1768291148540,htap,OLTP_BATCH,8,BATCH,71,,statements=1002
1768291148543,htap,OLTP_BATCH,7,BATCH,72,,statements=1002
1768291148546,htap,OLTP_BATCH,6,BATCH,64,,statements=1002
1768291148552,htap,OLTP_BATCH,9,BATCH,61,,statements=1002
1768291148579,htap,OLTP_BATCH,3,BATCH,61,,statements=1002
1768291148581,htap,OLTP_BATCH,1,BATCH,62,,statements=1002
1768291148584,htap,OLTP_BATCH,5,BATCH,65,,statements=1002
1768291148589,htap,OLTP_BATCH,4,BATCH,59,,statements=1002
1768291148598,htap,OLTP_BATCH,2,BATCH,64,,statements=1002
1768291148601,htap,OLTP_BATCH,7,BATCH,56,,statements=1002
1768291148601,htap,OLTP_BATCH,0,BATCH,62,,statements=1002
1768291148604,htap,OLTP_BATCH,8,BATCH,62,,statements=1002
1768291148611,htap,OLTP_BATCH,9,BATCH,57,,statements=1002
1768291148614,htap,OLTP_BATCH,6,BATCH,67,,statements=1002
1768291148646,htap,OLTP_BATCH,1,BATCH,63,,statements=1002
1768291148651,htap,OLTP_BATCH,3,BATCH,70,,statements=1002
1768291148655,htap,OLTP_BATCH,5,BATCH,69,,statements=1002
1768291148659,htap,OLTP_BATCH,4,BATCH,68,,statements=1002
1768291148665,htap,OLTP_BATCH,2,BATCH,66,,statements=1002
1768291148667,htap,OLTP_BATCH,7,BATCH,64,,statements=1002
1768291148668,htap,OLTP_BATCH,0,BATCH,64,,statements=1002
1768291148700,htap,OLTP_BATCH,8,BATCH,94,,statements=1002
1768291148703,htap,OLTP_BATCH,9,BATCH,89,,statements=1002
1768291148705,htap,OLTP_BATCH,6,BATCH,88,,statements=1002
1768291148710,htap,OLTP_BATCH,1,BATCH,62,,statements=1002
1768291148711,htap,OLAP_QUERY,1,MAIN_OLAP,19,5629,
1768291148721,htap,OLTP_BATCH,3,BATCH,68,,statements=1002
1768291148726,htap,OLTP_BATCH,4,BATCH,65,,statements=1002
1768291148731,htap,OLTP_BATCH,5,BATCH,74,,statements=1002
1768291148733,htap,OLTP_BATCH,2,BATCH,66,,statements=1002
1768291148740,htap,OLTP_BATCH,7,BATCH,71,,statements=1002
1768291148740,htap,OLTP_BATCH,0,BATCH,70,,statements=1002
1768291148747,htap,OLAP_QUERY,3,MAIN_OLAP,20,5662,
1768291148764,htap,OLTP_BATCH,9,BATCH,59,,statements=1002
1768291148767,htap,OLTP_BATCH,6,BATCH,60,,statements=1002
1768291148773,htap,OLTP_BATCH,1,BATCH,61,,statements=1002
1768291148783,htap,OLTP_BATCH,8,BATCH,82,,statements=1002
1768291148784,htap,OLAP_QUERY,4,MAIN_OLAP,21,5700,
1768291148791,htap,OLTP_BATCH,3,BATCH,68,,statements=1002
1768291148797,htap,OLTP_BATCH,5,BATCH,64,,statements=1002
1768291148798,htap,OLTP_BATCH,4,BATCH,70,,statements=1002
1768291148801,htap,OLTP_BATCH,2,BATCH,67,,statements=1002
1768291148806,htap,OLTP_BATCH,7,BATCH,64,,statements=1002
1768291148806,htap,OLTP_BATCH,0,BATCH,64,,statements=1002
1768291148831,htap,OLTP_BATCH,9,BATCH,65,,statements=1002
1768291148839,htap,OLTP_BATCH,6,BATCH,70,,statements=1002
1768291148839,htap,OLTP_BATCH,1,BATCH,65,,statements=1002
1768291148846,htap,OLTP_BATCH,8,BATCH,61,,statements=1002
1768291148853,htap,OLTP_BATCH,3,BATCH,60,,statements=1002
1768291148855,htap,OLTP_BATCH,5,BATCH,57,,statements=1002
1768291148867,htap,OLTP_BATCH,4,BATCH,67,,statements=1002
1768291148867,htap,OLTP_BATCH,0,BATCH,59,,statements=1002
1768291148869,htap,OLTP_BATCH,2,BATCH,67,,statements=1002
1768291148873,htap,OLTP_BATCH,7,BATCH,66,,statements=1002
1768291148891,htap,OLTP_BATCH,9,BATCH,58,,statements=1002
1768291148904,htap,OLTP_BATCH,1,BATCH,63,,statements=1002
1768291148909,htap,OLTP_BATCH,8,BATCH,61,,statements=1002
1768291148918,htap,OLTP_BATCH,6,BATCH,77,,statements=1002
1768291148920,htap,OLAP_QUERY,2,MAIN_OLAP,19,5834,
1768291148923,htap,OLTP_BATCH,3,BATCH,68,,statements=1002
1768291148926,htap,OLAP_QUERY,0,MAIN_OLAP,24,5839,
1768291148928,htap,OLTP_BATCH,5,BATCH,71,,statements=1002
1768291148935,htap,OLTP_BATCH,2,BATCH,63,,statements=1002
1768291148936,htap,OLTP_BATCH,0,BATCH,67,,statements=1002
1768291148939,htap,OLTP_BATCH,4,BATCH,70,,statements=1002
1768291148946,htap,OLTP_BATCH,7,BATCH,72,,statements=1002
1768291148962,htap,OLTP_BATCH,9,BATCH,70,,statements=1002
1768291148970,htap,OLTP_BATCH,8,BATCH,59,,statements=1002
1768291148972,htap,OLTP_BATCH,1,BATCH,66,,statements=1002
1768291148981,htap,OLTP_BATCH,6,BATCH,61,,statements=1002
1768291148981,htap,OLTP_BATCH,3,BATCH,56,,statements=1002
1768291148985,htap,OLTP_BATCH,5,BATCH,55,,statements=1002
1768291149001,htap,OLTP_BATCH,4,BATCH,59,,statements=1002
1768291149003,htap,OLTP_BATCH,2,BATCH,65,,statements=1002
1768291149003,htap,OLTP_BATCH,0,BATCH,64,,statements=1002
1768291149011,htap,OLTP_BATCH,7,BATCH,64,,statements=1002
1768291149023,htap,OLTP_BATCH,9,BATCH,59,,statements=1002
1768291149033,htap,OLTP_BATCH,8,BATCH,62,,statements=1002
1768291149036,htap,OLTP_BATCH,1,BATCH,62,,statements=1002
1768291149046,htap,OLTP_BATCH,3,BATCH,63,,statements=1002
1768291149048,htap,OLTP_BATCH,6,BATCH,66,,statements=1002
1768291149051,htap,OLTP_BATCH,5,BATCH,65,,statements=1002
1768291149060,htap,OLTP_BATCH,2,BATCH,55,,statements=1002
1768291149062,htap,OLTP_BATCH,0,BATCH,56,,statements=1002
1768291149065,htap,OLTP_BATCH,4,BATCH,62,,statements=1002
1768291149079,htap,OLTP_BATCH,7,BATCH,66,,statements=1002
1768291149087,htap,OLTP_BATCH,9,BATCH,62,,statements=1002
1768291149098,htap,OLTP_BATCH,1,BATCH,61,,statements=1002
1768291149098,htap,OLTP_BATCH,8,BATCH,63,,statements=1002
1768291149122,htap,OLTP_BATCH,3,BATCH,74,,statements=1002
1768291149122,htap,OLTP_BATCH,6,BATCH,73,,statements=1002
1768291149122,htap,OLTP_BATCH,5,BATCH,69,,statements=1002
1768291149124,htap,OLTP_BATCH,0,BATCH,60,,statements=1002
1768291149126,htap,OLTP_BATCH,2,BATCH,64,,statements=1002
1768291149130,htap,OLTP_BATCH,4,BATCH,64,,statements=1002
1768291149145,htap,OLTP_BATCH,7,BATCH,64,,statements=1002
1768291149150,htap,OLTP_BATCH,9,BATCH,61,,statements=1002
1768291149165,htap,OLTP_BATCH,8,BATCH,65,,statements=1002
1768291149166,htap,OLTP_BATCH,1,BATCH,66,,statements=1002
1768291149180,htap,OLTP_BATCH,6,BATCH,56,,statements=1002
1768291149185,htap,OLTP_BATCH,5,BATCH,60,,statements=1002
1768291149187,htap,OLTP_BATCH,0,BATCH,61,,statements=1002
1768291149187,htap,OLTP_BATCH,3,BATCH,63,,statements=1002
1768291149191,htap,OLTP_BATCH,2,BATCH,63,,statements=1002
1768291149196,htap,OLTP_BATCH,4,BATCH,64,,statements=1002
1768291149217,htap,OLTP_BATCH,9,BATCH,65,,statements=1002
1768291149229,htap,OLTP_BATCH,1,BATCH,61,,statements=1002
1768291149236,htap,OLAP_QUERY,1,MAIN_OLAP,21,6152,
1768291149239,htap,OLTP_BATCH,8,BATCH,72,,statements=1002
1768291149240,htap,OLTP_BATCH,7,BATCH,94,,statements=1002
1768291149241,htap,OLTP_BATCH,6,BATCH,60,,statements=1002
1768291149258,htap,OLTP_BATCH,0,BATCH,69,,statements=1002
1768291149258,htap,OLTP_BATCH,4,BATCH,60,,statements=1002
1768291149258,htap,OLTP_BATCH,3,BATCH,69,,statements=1002
1768291149260,htap,OLTP_BATCH,5,BATCH,73,,statements=1002
1768291149262,htap,OLTP_BATCH,2,BATCH,69,,statements=1002
1768291149273,htap,OLAP_QUERY,3,MAIN_OLAP,21,6188,
1768291149285,htap,OLTP_BATCH,9,BATCH,66,,statements=1002
1768291149299,htap,OLTP_BATCH,1,BATCH,68,,statements=1002
1768291149304,htap,OLTP_BATCH,8,BATCH,63,,statements=1002
1768291149312,htap,OLTP_BATCH,6,BATCH,69,,statements=1002
1768291149312,htap,OLAP_QUERY,4,MAIN_OLAP,24,6225,
1768291149312,htap,OLTP_BATCH,7,BATCH,70,,statements=1002
1768291149319,htap,OLTP_BATCH,4,BATCH,59,,statements=1002
1768291149324,htap,OLTP_BATCH,3,BATCH,63,,statements=1002
1768291149328,htap,OLTP_BATCH,0,BATCH,68,,statements=1002
1768291149328,htap,OLTP_BATCH,5,BATCH,66,,statements=1002
1768291149338,htap,OLTP_BATCH,2,BATCH,74,,statements=1002
1768291149342,htap,OLTP_BATCH,9,BATCH,55,,statements=1002
1768291149367,htap,OLTP_BATCH,1,BATCH,66,,statements=1002
1768291149369,htap,OLTP_BATCH,8,BATCH,64,,statements=1002
1768291149375,htap,OLTP_BATCH,6,BATCH,61,,statements=1002
1768291149380,htap,OLTP_BATCH,7,BATCH,65,,statements=1002
1768291149384,htap,OLTP_BATCH,3,BATCH,58,,statements=1002
1768291149388,htap,OLTP_BATCH,4,BATCH,67,,statements=1002
1768291149393,htap,OLTP_BATCH,0,BATCH,64,,statements=1002
1768291149396,htap,OLTP_BATCH,2,BATCH,55,,statements=1002
1768291149396,htap,OLTP_BATCH,5,BATCH,66,,statements=1002
1768291149403,htap,OLTP_BATCH,9,BATCH,59,,statements=1002
1768291149408,monitor,OLAP_FRESHNESS,-1,MONITOR_QUERY,0,6341,
1768291149432,htap,OLTP_BATCH,1,BATCH,63,,statements=1002
1768291149441,htap,OLTP_BATCH,8,BATCH,70,,statements=1002
1768291149442,htap,OLTP_BATCH,6,BATCH,65,,statements=1002
1768291149443,htap,OLTP_BATCH,7,BATCH,62,,statements=1002
1768291149447,htap,OLTP_BATCH,3,BATCH,61,,statements=1002
1768291149447,htap,OLTP_BATCH,4,BATCH,58,,statements=1002
1768291149453,htap,OLAP_QUERY,2,MAIN_OLAP,29,6361,
1768291149455,htap,OLTP_BATCH,0,BATCH,61,,statements=1002
1768291149459,htap,OLTP_BATCH,2,BATCH,62,,statements=1002
1768291149461,htap,OLAP_QUERY,0,MAIN_OLAP,26,6367,
1768291149461,htap,OLTP_BATCH,5,BATCH,63,,statements=1002
1768291149471,htap,OLTP_BATCH,9,BATCH,66,,statements=1002
1768291149498,htap,OLTP_BATCH,1,BATCH,64,,statements=1002
1768291149505,htap,OLTP_BATCH,7,BATCH,60,,statements=1002
1768291149506,htap,OLTP_BATCH,0,BATCH,49,,statements=1002
1768291149507,htap,OLTP_BATCH,6,BATCH,63,,statements=1002
1768291149510,htap,OLTP_BATCH,8,BATCH,64,,statements=1002
1768291149511,htap,OLTP_BATCH,3,BATCH,62,,statements=1002
1768291149511,htap,OLTP_BATCH,4,BATCH,62,,statements=1002
1768291149523,htap,OLTP_BATCH,2,BATCH,61,,statements=1002
1768291149527,htap,OLTP_BATCH,5,BATCH,64,,statements=1002
1768291149557,htap,OLTP_BATCH,9,BATCH,84,,statements=1002
1768291149567,htap,OLTP_BATCH,7,BATCH,60,,statements=1002
1768291149568,htap,OLTP_BATCH,1,BATCH,68,,statements=1002
1768291149569,htap,OLTP_BATCH,0,BATCH,61,,statements=1002
1768291149574,htap,OLTP_BATCH,3,BATCH,61,,statements=1002
1768291149576,htap,OLTP_BATCH,6,BATCH,67,,statements=1002
1768291149578,htap,OLTP_BATCH,4,BATCH,65,,statements=1002
1768291149582,htap,OLTP_BATCH,8,BATCH,70,,statements=1002
1768291149591,htap,OLTP_BATCH,2,BATCH,66,,statements=1002
1768291149602,htap,OLTP_BATCH,5,BATCH,74,,statements=1002
1768291149621,htap,OLTP_BATCH,9,BATCH,62,,statements=1002
1768291149630,htap,OLTP_BATCH,0,BATCH,60,,statements=1002
1768291149635,htap,OLTP_BATCH,1,BATCH,65,,statements=1002
1768291149639,htap,OLTP_BATCH,3,BATCH,62,,statements=1002
1768291149639,htap,OLTP_BATCH,4,BATCH,58,,statements=1002
1768291149640,htap,OLTP_BATCH,7,BATCH,71,,statements=1002
1768291149642,htap,OLTP_BATCH,6,BATCH,64,,statements=1002
1768291149655,htap,OLTP_BATCH,2,BATCH,62,,statements=1002
1768291149658,htap,OLTP_BATCH,8,BATCH,74,,statements=1002
1768291149666,htap,OLTP_BATCH,5,BATCH,62,,statements=1002
1768291149683,htap,OLTP_BATCH,9,BATCH,60,,statements=1002
1768291149699,htap,OLTP_BATCH,0,BATCH,67,,statements=1002
1768291149701,htap,OLTP_BATCH,7,BATCH,59,,statements=1002
1768291149702,htap,OLTP_BATCH,4,BATCH,61,,statements=1002
1768291149703,htap,OLTP_BATCH,1,BATCH,65,,statements=1002
1768291149704,htap,OLTP_BATCH,6,BATCH,60,,statements=1002
1768291149711,htap,OLTP_BATCH,3,BATCH,70,,statements=1002
1768291149720,htap,OLTP_BATCH,8,BATCH,60,,statements=1002
1768291149723,htap,OLTP_BATCH,2,BATCH,66,,statements=1002
1768291149738,htap,OLTP_BATCH,5,BATCH,69,,statements=1002
1768291149751,htap,OLTP_BATCH,9,BATCH,66,,statements=1002
1768291149761,htap,OLAP_QUERY,1,MAIN_OLAP,20,6585,
1768291149764,htap,OLTP_BATCH,0,BATCH,63,,statements=1002
1768291149768,htap,OLTP_BATCH,7,BATCH,65,,statements=1002
1768291149771,htap,OLTP_BATCH,3,BATCH,58,,statements=1002
1768291149773,htap,OLTP_BATCH,4,BATCH,68,,statements=1002
1768291149775,htap,OLTP_BATCH,1,BATCH,71,,statements=1002
1768291149776,htap,OLTP_BATCH,6,BATCH,71,,statements=1002
1768291149786,htap,OLTP_BATCH,8,BATCH,64,,statements=1002
1768291149789,htap,OLTP_BATCH,2,BATCH,64,,statements=1002
1768291149806,htap,OLAP_QUERY,3,MAIN_OLAP,28,6622,
1768291149807,htap,OLTP_BATCH,5,BATCH,66,,statements=1002
1768291149815,htap,OLTP_BATCH,9,BATCH,62,,statements=1002
1768291149833,htap,OLTP_BATCH,0,BATCH,67,,statements=1002
1768291149834,htap,OLTP_BATCH,3,BATCH,62,,statements=1002
1768291149838,htap,OLTP_BATCH,7,BATCH,68,,statements=1002
1768291149840,htap,OLTP_BATCH,4,BATCH,65,,statements=1002
1768291149846,htap,OLTP_BATCH,6,BATCH,68,,statements=1002
1768291149846,htap,OLTP_BATCH,8,BATCH,57,,statements=1002
1768291149847,htap,OLTP_BATCH,1,BATCH,69,,statements=1002
1768291149848,htap,OLAP_QUERY,4,MAIN_OLAP,28,6661,
1768291149854,htap,OLTP_BATCH,2,BATCH,64,,statements=1002
1768291149870,htap,OLTP_BATCH,5,BATCH,61,,statements=1002
1768291149883,htap,OLTP_BATCH,9,BATCH,66,,statements=1002
1768291149896,htap,OLTP_BATCH,3,BATCH,60,,statements=1002
1768291149898,htap,OLTP_BATCH,0,BATCH,63,,statements=1002
1768291149906,htap,OLTP_BATCH,7,BATCH,66,,statements=1002
1768291149906,htap,OLTP_BATCH,4,BATCH,64,,statements=1002
1768291149910,htap,OLTP_BATCH,8,BATCH,62,,statements=1002
1768291149918,htap,OLTP_BATCH,2,BATCH,62,,statements=1002
1768291149918,htap,OLTP_BATCH,6,BATCH,69,,statements=1002
1768291149920,htap,OLTP_BATCH,1,BATCH,71,,statements=1002
1768291149933,htap,OLTP_BATCH,5,BATCH,59,,statements=1002
1768291149943,htap,OLTP_BATCH,9,BATCH,59,,statements=1002
1768291149958,htap,OLTP_BATCH,3,BATCH,60,,statements=1002
1768291149969,htap,OLTP_BATCH,0,BATCH,69,,statements=1002
1768291149970,htap,OLTP_BATCH,4,BATCH,61,,statements=1002
1768291149974,htap,OLTP_BATCH,8,BATCH,63,,statements=1002
1768291149974,htap,OLTP_BATCH,7,BATCH,66,,statements=1002
1768291149990,htap,OLAP_QUERY,2,MAIN_OLAP,32,6802,
1768291149999,htap,OLTP_BATCH,1,BATCH,77,,statements=1002
1768291149999,htap,OLTP_BATCH,6,BATCH,79,,statements=1002
1768291149999,htap,OLTP_BATCH,5,BATCH,65,,statements=1002
1768291150000,htap,OLTP_BATCH,2,BATCH,80,,statements=1002
1768291150003,htap,OLAP_QUERY,0,MAIN_OLAP,35,6810,
1768291150012,htap,OLTP_BATCH,9,BATCH,67,,statements=1002
1768291150022,htap,OLTP_BATCH,3,BATCH,62,,statements=1002
1768291150030,htap,OLTP_BATCH,0,BATCH,59,,statements=1002
1768291150036,htap,OLTP_BATCH,7,BATCH,60,,statements=1002
1768291150036,htap,OLTP_BATCH,4,BATCH,64,,statements=1002
1768291150041,htap,OLTP_BATCH,8,BATCH,65,,statements=1002
1768291150066,htap,OLTP_BATCH,2,BATCH,64,,statements=1002
1768291150066,htap,OLTP_BATCH,5,BATCH,65,,statements=1002
1768291150068,htap,OLTP_BATCH,6,BATCH,66,,statements=1002
1768291150071,htap,OLTP_BATCH,1,BATCH,69,,statements=1002
1768291150078,htap,OLTP_BATCH,9,BATCH,65,,statements=1002
1768291150092,htap,OLTP_BATCH,3,BATCH,68,,statements=1002
1768291150095,htap,OLTP_BATCH,0,BATCH,63,,statements=1002
1768291150106,htap,OLTP_BATCH,8,BATCH,63,,statements=1002
1768291150106,htap,OLTP_BATCH,4,BATCH,68,,statements=1002
1768291150109,htap,OLTP_BATCH,7,BATCH,71,,statements=1002
1768291150129,htap,OLTP_BATCH,1,BATCH,56,,statements=1002
1768291150133,htap,OLTP_BATCH,5,BATCH,65,,statements=1002
1768291150137,htap,OLTP_BATCH,2,BATCH,69,,statements=1002
1768291150139,htap,OLTP_BATCH,9,BATCH,59,,statements=1002
1768291150144,htap,OLTP_BATCH,6,BATCH,74,,statements=1002
1768291150154,htap,OLTP_BATCH,3,BATCH,60,,statements=1002
1768291150168,htap,OLTP_BATCH,0,BATCH,71,,statements=1002
1768291150168,htap,OLTP_BATCH,8,BATCH,61,,statements=1002
1768291150169,htap,OLTP_BATCH,4,BATCH,61,,statements=1002
1768291150178,htap,OLTP_BATCH,7,BATCH,67,,statements=1002
1768291150196,htap,OLTP_BATCH,1,BATCH,65,,statements=1002
1768291150201,htap,OLTP_BATCH,5,BATCH,66,,statements=1002
1768291150207,htap,OLTP_BATCH,2,BATCH,69,,statements=1002
1768291150208,htap,OLTP_BATCH,9,BATCH,67,,statements=1002
1768291150212,htap,OLTP_BATCH,6,BATCH,65,,statements=1002
1768291150218,htap,OLTP_BATCH,3,BATCH,62,,statements=1002
1768291150227,htap,OLTP_BATCH,0,BATCH,57,,statements=1002
1768291150234,htap,OLTP_BATCH,4,BATCH,63,,statements=1002
1768291150236,htap,OLTP_BATCH,8,BATCH,65,,statements=1002
1768291150245,htap,OLTP_BATCH,7,BATCH,64,,statements=1002
1768291150268,htap,OLTP_BATCH,1,BATCH,70,,statements=1002
1768291150271,htap,OLTP_BATCH,5,BATCH,68,,statements=1002
1768291150283,htap,OLTP_BATCH,6,BATCH,70,,statements=1002
1768291150285,htap,OLTP_BATCH,9,BATCH,76,,statements=1002
1768291150291,htap,OLTP_BATCH,3,BATCH,71,,statements=1002
1768291150295,htap,OLAP_QUERY,1,MAIN_OLAP,22,6993,
1768291150299,htap,OLTP_BATCH,0,BATCH,70,,statements=1002
1768291150299,htap,OLTP_BATCH,2,BATCH,90,,statements=1002
1768291150306,htap,OLTP_BATCH,4,BATCH,70,,statements=1002
1768291150307,htap,OLTP_BATCH,8,BATCH,69,,statements=1002
1768291150329,htap,OLTP_BATCH,7,BATCH,82,,statements=1002
1768291150342,htap,OLTP_BATCH,6,BATCH,58,,statements=1002
1768291150345,htap,OLTP_BATCH,1,BATCH,75,,statements=1002
1768291150347,htap,OLTP_BATCH,5,BATCH,74,,statements=1002
1768291150353,htap,OLTP_BATCH,9,BATCH,66,,statements=1002
1768291150354,htap,OLAP_QUERY,3,MAIN_OLAP,31,7039,
1768291150366,htap,OLTP_BATCH,3,BATCH,73,,statements=1002
1768291150367,htap,OLTP_BATCH,2,BATCH,66,,statements=1002
1768291150367,htap,OLTP_BATCH,8,BATCH,58,,statements=1002
1768291150371,htap,OLTP_BATCH,0,BATCH,67,,statements=1002
1768291150372,htap,OLTP_BATCH,4,BATCH,64,,statements=1002
1768291150395,htap,OLAP_QUERY,4,MAIN_OLAP,31,7080,
1768291150398,htap,OLTP_BATCH,7,BATCH,67,,statements=1002
1768291150407,htap,OLTP_BATCH,6,BATCH,63,,statements=1002
1768291150409,htap,OLTP_BATCH,1,BATCH,62,,statements=1002
1768291150413,htap,OLTP_BATCH,5,BATCH,64,,statements=1002
1768291150418,htap,OLTP_BATCH,9,BATCH,63,,statements=1002
1768291150431,monitor,OLAP_FRESHNESS,-1,MONITOR_QUERY,0,7140,
1768291150441,htap,OLTP_BATCH,2,BATCH,72,,statements=1002
1768291150444,htap,OLTP_BATCH,0,BATCH,70,,statements=1002
1768291150444,htap,OLTP_BATCH,8,BATCH,75,,statements=1002
1768291150444,htap,OLTP_BATCH,4,BATCH,70,,statements=1002
1768291150444,htap,OLTP_BATCH,3,BATCH,76,,statements=1002
1768291150450,htap,OLTP_BATCH,7,BATCH,51,,statements=1002
1768291150469,htap,OLTP_BATCH,6,BATCH,60,,statements=1002
1768291150472,htap,OLTP_BATCH,5,BATCH,57,,statements=1002
1768291150476,htap,OLTP_BATCH,1,BATCH,65,,statements=1002
1768291150480,htap,OLTP_BATCH,9,BATCH,60,,statements=1002
1768291150512,htap,OLTP_BATCH,4,BATCH,66,,statements=1002
1768291150512,htap,OLTP_BATCH,2,BATCH,66,,statements=1002
1768291150515,htap,OLTP_BATCH,8,BATCH,69,,statements=1002
1768291150516,htap,OLTP_BATCH,7,BATCH,64,,statements=1002
1768291150520,htap,OLTP_BATCH,0,BATCH,74,,statements=1002
1768291150526,htap,OLTP_BATCH,3,BATCH,80,,statements=1002
1768291150535,htap,OLAP_QUERY,2,MAIN_OLAP,30,7222,
1768291150535,htap,OLAP_QUERY,0,MAIN_OLAP,27,7235,
1768291150535,htap,OLTP_BATCH,6,BATCH,64,,statements=1002
1768291150539,htap,OLTP_BATCH,5,BATCH,65,,statements=1002
1768291150544,htap,OLTP_BATCH,1,BATCH,66,,statements=1002
1768291150550,htap,OLTP_BATCH,9,BATCH,69,,statements=1002
1768291150574,htap,OLTP_BATCH,4,BATCH,61,,statements=1002
1768291150580,htap,OLTP_BATCH,2,BATCH,65,,statements=1002
1768291150580,htap,OLTP_BATCH,8,BATCH,63,,statements=1002
1768291150584,htap,OLTP_BATCH,7,BATCH,66,,statements=1002
1768291150593,htap,OLTP_BATCH,3,BATCH,65,,statements=1002
1768291150595,htap,OLTP_BATCH,0,BATCH,73,,statements=1002
1768291150602,htap,OLTP_BATCH,6,BATCH,65,,statements=1002
1768291150605,htap,OLTP_BATCH,5,BATCH,65,,statements=1002
1768291150608,htap,OLTP_BATCH,1,BATCH,62,,statements=1002
1768291150615,htap,OLTP_BATCH,9,BATCH,63,,statements=1002
1768291150639,htap,OLTP_BATCH,4,BATCH,63,,statements=1002
1768291150646,htap,OLTP_BATCH,8,BATCH,64,,statements=1002
1768291150649,htap,OLTP_BATCH,2,BATCH,67,,statements=1002
1768291150649,htap,OLTP_BATCH,7,BATCH,63,,statements=1002
1768291150671,htap,OLTP_BATCH,3,BATCH,76,,statements=1002
1768291150672,htap,OLTP_BATCH,5,BATCH,65,,statements=1002
1768291150672,htap,OLTP_BATCH,0,BATCH,76,,statements=1002
1768291150678,htap,OLTP_BATCH,6,BATCH,73,,statements=1002
1768291150680,htap,OLTP_BATCH,9,BATCH,63,,statements=1002
1768291150681,htap,OLTP_BATCH,1,BATCH,71,,statements=1002
1768291150718,htap,OLTP_BATCH,2,BATCH,67,,statements=1002
1768291150718,htap,OLTP_BATCH,4,BATCH,78,,statements=1002
1768291150724,htap,OLTP_BATCH,7,BATCH,73,,statements=1002
1768291150724,htap,OLTP_BATCH,8,BATCH,76,,statements=1002
1768291150738,htap,OLTP_BATCH,0,BATCH,64,,statements=1002
1768291150742,htap,OLTP_BATCH,3,BATCH,69,,statements=1002
1768291150747,htap,OLTP_BATCH,5,BATCH,73,,statements=1002
1768291150747,htap,OLTP_BATCH,6,BATCH,67,,statements=1002
1768291150748,htap,OLTP_BATCH,9,BATCH,66,,statements=1002
1768291150755,htap,OLTP_BATCH,1,BATCH,72,,statements=1002
1768291150783,htap,OLTP_BATCH,4,BATCH,63,,statements=1002
1768291150786,htap,OLTP_BATCH,2,BATCH,66,,statements=1002
1768291150786,htap,OLTP_BATCH,8,BATCH,60,,statements=1002
1768291150791,htap,OLTP_BATCH,7,BATCH,65,,statements=1002
1768291150811,htap,OLTP_BATCH,3,BATCH,68,,statements=1002
1768291150819,htap,OLTP_BATCH,0,BATCH,79,,statements=1002
1768291150820,htap,OLTP_BATCH,9,BATCH,70,,statements=1002
1768291150820,htap,OLTP_BATCH,1,BATCH,63,,statements=1002
1768291150821,htap,OLTP_BATCH,5,BATCH,72,,statements=1002
1768291150823,htap,OLAP_QUERY,1,MAIN_OLAP,18,7527,
1768291150838,htap,OLTP_BATCH,6,BATCH,90,,statements=1002
1768291150853,htap,OLTP_BATCH,4,BATCH,67,,statements=1002
1768291150861,htap,OLTP_BATCH,7,BATCH,67,,statements=1002
1768291150861,htap,OLTP_BATCH,8,BATCH,72,,statements=1002
1768291150861,htap,OLTP_BATCH,2,BATCH,73,,statements=1002
1768291150881,htap,OLTP_BATCH,3,BATCH,68,,statements=1002
1768291150886,htap,OLAP_QUERY,3,MAIN_OLAP,27,7586,
1768291150900,htap,OLTP_BATCH,5,BATCH,77,,statements=1002
1768291150901,htap,OLTP_BATCH,0,BATCH,79,,statements=1002
1768291150901,htap,OLTP_BATCH,9,BATCH,79,,statements=1002
1768291150902,htap,OLTP_BATCH,6,BATCH,62,,statements=1002
1768291150904,htap,OLTP_BATCH,1,BATCH,82,,statements=1002
1768291150925,htap,OLTP_BATCH,4,BATCH,70,,statements=1002
1768291150927,htap,OLTP_BATCH,7,BATCH,64,,statements=1002
1768291150927,htap,OLAP_QUERY,4,MAIN_OLAP,25,7627,
1768291150930,htap,OLTP_BATCH,8,BATCH,67,,statements=1002
1768291150945,htap,OLTP_BATCH,2,BATCH,82,,statements=1002
1768291150957,htap,OLTP_BATCH,3,BATCH,74,,statements=1002
1768291150961,htap,OLTP_BATCH,0,BATCH,58,,statements=1002
1768291150962,htap,OLTP_BATCH,9,BATCH,59,,statements=1002
1768291150962,htap,OLTP_BATCH,5,BATCH,59,,statements=1002
1768291150969,htap,OLTP_BATCH,1,BATCH,63,,statements=1002
1768291150973,htap,OLTP_BATCH,6,BATCH,69,,statements=1002
1768291150986,htap,OLTP_BATCH,7,BATCH,57,,statements=1002
1768291150987,htap,OLTP_BATCH,8,BATCH,55,,statements=1002
1768291150992,htap,OLTP_BATCH,4,BATCH,65,,statements=1002
1768291151007,htap,OLTP_BATCH,2,BATCH,60,,statements=1002
1768291151017,htap,OLTP_BATCH,3,BATCH,58,,statements=1002
1768291151021,htap,OLTP_BATCH,9,BATCH,57,,statements=1002
1768291151031,htap,OLTP_BATCH,5,BATCH,67,,statements=1002
1768291151032,htap,OLTP_BATCH,0,BATCH,68,,statements=1002
1768291151034,htap,OLTP_BATCH,6,BATCH,59,,statements=1002
1768291151037,htap,OLTP_BATCH,1,BATCH,67,,statements=1002
1768291151047,htap,OLTP_BATCH,7,BATCH,57,,statements=1002
1768291151051,htap,OLTP_BATCH,8,BATCH,61,,statements=1002
1768291151068,htap,OLTP_BATCH,4,BATCH,74,,statements=1002
1768291151076,htap,OLAP_QUERY,0,MAIN_OLAP,26,7690,
1768291151076,htap,OLTP_BATCH,2,BATCH,67,,statements=1002
1768291151078,htap,OLAP_QUERY,2,MAIN_OLAP,30,7690,
1768291151083,htap,OLTP_BATCH,9,BATCH,60,,statements=1002
1768291151096,htap,OLTP_BATCH,0,BATCH,63,,statements=1002
1768291151103,htap,OLTP_BATCH,5,BATCH,70,,statements=1002
1768291151105,htap,OLTP_BATCH,1,BATCH,67,,statements=1002
1768291151105,htap,OLTP_BATCH,6,BATCH,70,,statements=1002
1768291151109,htap,OLTP_BATCH,7,BATCH,60,,statements=1002
1768291151111,htap,OLTP_BATCH,3,BATCH,91,,statements=1002
1768291151115,htap,OLTP_BATCH,8,BATCH,63,,statements=1002
1768291151142,htap,OLTP_BATCH,2,BATCH,64,,statements=1002
1768291151144,htap,OLTP_BATCH,4,BATCH,73,,statements=1002
1768291151151,htap,OLTP_BATCH,9,BATCH,66,,statements=1002
1768291151161,htap,OLTP_BATCH,0,BATCH,63,,statements=1002
1768291151167,htap,OLTP_BATCH,5,BATCH,62,,statements=1002
1768291151168,htap,OLTP_BATCH,1,BATCH,62,,statements=1002
1768291151168,htap,OLTP_BATCH,6,BATCH,60,,statements=1002
1768291151173,htap,OLTP_BATCH,3,BATCH,59,,statements=1002
1768291151177,htap,OLTP_BATCH,7,BATCH,66,,statements=1002
1768291151179,htap,OLTP_BATCH,8,BATCH,62,,statements=1002
1768291151205,htap,OLTP_BATCH,2,BATCH,61,,statements=1002
1768291151209,htap,OLTP_BATCH,9,BATCH,56,,statements=1002
1768291151214,htap,OLTP_BATCH,4,BATCH,68,,statements=1002
1768291151228,htap,OLTP_BATCH,6,BATCH,58,,statements=1002
1768291151228,htap,OLTP_BATCH,0,BATCH,64,,statements=1002
1768291151228,htap,OLTP_BATCH,1,BATCH,58,,statements=1002
1768291151230,htap,OLTP_BATCH,5,BATCH,61,,statements=1002
1768291151237,htap,OLTP_BATCH,3,BATCH,62,,statements=1002
1768291151242,htap,OLTP_BATCH,7,BATCH,63,,statements=1002
1768291151249,htap,OLTP_BATCH,8,BATCH,68,,statements=1002
1768291151267,htap,OLTP_BATCH,9,BATCH,56,,statements=1002
1768291151271,htap,OLTP_BATCH,2,BATCH,64,,statements=1002
1768291151283,htap,OLTP_BATCH,4,BATCH,67,,statements=1002
1768291151291,htap,OLTP_BATCH,0,BATCH,61,,statements=1002
1768291151292,htap,OLTP_BATCH,5,BATCH,60,,statements=1002
1768291151292,htap,OLTP_BATCH,1,BATCH,62,,statements=1002
1768291151292,htap,OLTP_BATCH,3,BATCH,53,,statements=1002
1768291151296,htap,OLTP_BATCH,6,BATCH,66,,statements=1002
1768291151305,htap,OLTP_BATCH,7,BATCH,61,,statements=1002
1768291151310,htap,OLTP_BATCH,8,BATCH,59,,statements=1002
1768291151340,htap,OLTP_BATCH,9,BATCH,71,,statements=1002
1768291151341,htap,OLTP_BATCH,2,BATCH,68,,statements=1002
1768291151349,htap,OLTP_BATCH,4,BATCH,64,,statements=1002
1768291151351,htap,OLTP_BATCH,1,BATCH,58,,statements=1002
1768291151351,htap,OLTP_BATCH,0,BATCH,58,,statements=1002
1768291151351,htap,OLAP_QUERY,1,MAIN_OLAP,22,7978,
1768291151352,htap,OLTP_BATCH,5,BATCH,58,,statements=1002
1768291151363,htap,OLTP_BATCH,3,BATCH,69,,statements=1002
1768291151364,htap,OLTP_BATCH,6,BATCH,66,,statements=1002
1768291151369,htap,OLTP_BATCH,7,BATCH,62,,statements=1002
1768291151377,htap,OLTP_BATCH,8,BATCH,65,,statements=1002
1768291151400,htap,OLTP_BATCH,2,BATCH,57,,statements=1002
1768291151405,htap,OLTP_BATCH,9,BATCH,62,,statements=1002
1768291151411,htap,OLTP_BATCH,5,BATCH,58,,statements=1002
1768291151414,htap,OLTP_BATCH,0,BATCH,60,,statements=1002
1768291151416,htap,OLTP_BATCH,4,BATCH,65,,statements=1002
1768291151420,htap,OLAP_QUERY,3,MAIN_OLAP,25,8041,
1768291151421,htap,OLTP_BATCH,1,BATCH,67,,statements=1002
1768291151425,htap,OLTP_BATCH,3,BATCH,60,,statements=1002
1768291151425,htap,OLTP_BATCH,6,BATCH,59,,statements=1002
1768291151428,htap,OLTP_BATCH,7,BATCH,57,,statements=1002
1768291151435,monitor,OLAP_FRESHNESS,-1,MONITOR_QUERY,0,8086,
1768291151441,htap,OLTP_BATCH,8,BATCH,62,,statements=1002
1768291151459,htap,OLTP_BATCH,9,BATCH,52,,statements=1002
1768291151466,htap,OLTP_BATCH,2,BATCH,64,,statements=1002
1768291151469,htap,OLAP_QUERY,4,MAIN_OLAP,30,8082,
1768291151474,htap,OLTP_BATCH,5,BATCH,61,,statements=1002
1768291151476,htap,OLTP_BATCH,0,BATCH,60,,statements=1002
1768291151479,htap,OLTP_BATCH,4,BATCH,61,,statements=1002
1768291151480,htap,OLTP_BATCH,1,BATCH,57,,statements=1002
1768291151485,htap,OLTP_BATCH,3,BATCH,58,,statements=1002
1768291151490,htap,OLTP_BATCH,6,BATCH,63,,statements=1002
1768291151493,htap,OLTP_BATCH,7,BATCH,63,,statements=1002
1768291151509,htap,OLTP_BATCH,8,BATCH,65,,statements=1002
1768291151523,htap,OLTP_BATCH,9,BATCH,61,,statements=1002
1768291151534,htap,OLTP_BATCH,2,BATCH,66,,statements=1002
1768291151537,htap,OLTP_BATCH,5,BATCH,62,,statements=1002
1768291151542,htap,OLTP_BATCH,0,BATCH,64,,statements=1002
1768291151544,htap,OLTP_BATCH,1,BATCH,62,,statements=1002
1768291151547,htap,OLTP_BATCH,4,BATCH,66,,statements=1002
1768291151554,htap,OLTP_BATCH,3,BATCH,67,,statements=1002
1768291151562,htap,OLTP_BATCH,7,BATCH,67,,statements=1002
1768291151562,htap,OLTP_BATCH,6,BATCH,70,,statements=1002
1768291151577,htap,OLTP_BATCH,8,BATCH,66,,statements=1002
1768291151591,htap,OLTP_BATCH,9,BATCH,64,,statements=1002
1768291151603,htap,OLTP_BATCH,2,BATCH,67,,statements=1002
1768291151604,htap,OLAP_QUERY,0,MAIN_OLAP,23,8231,
1768291151606,htap,OLTP_BATCH,0,BATCH,62,,statements=1002
1768291151611,htap,OLTP_BATCH,4,BATCH,62,,statements=1002
1768291151612,htap,OLTP_BATCH,1,BATCH,66,,statements=1002
1768291151614,htap,OLTP_BATCH,5,BATCH,75,,statements=1002
1768291151616,htap,OLAP_QUERY,2,MAIN_OLAP,30,8233,
1768291151616,htap,OLTP_BATCH,3,BATCH,60,,statements=1002
1768291151629,htap,OLTP_BATCH,7,BATCH,65,,statements=1002
1768291151636,htap,OLTP_BATCH,6,BATCH,72,,statements=1002
1768291151648,htap,OLTP_BATCH,8,BATCH,69,,statements=1002
1768291151649,htap,OLTP_BATCH,9,BATCH,55,,statements=1002
1768291151666,htap,OLTP_BATCH,2,BATCH,61,,statements=1002
1768291151672,htap,OLTP_BATCH,0,BATCH,64,,statements=1002
1768291151682,htap,OLTP_BATCH,1,BATCH,68,,statements=1002
1768291151682,htap,OLTP_BATCH,5,BATCH,66,,statements=1002
1768291151682,htap,OLTP_BATCH,3,BATCH,63,,statements=1002
1768291151682,htap,OLTP_BATCH,4,BATCH,69,,statements=1002
1768291151694,htap,OLTP_BATCH,7,BATCH,63,,statements=1002
1768291151704,htap,OLTP_BATCH,6,BATCH,66,,statements=1002
1768291151711,htap,OLTP_BATCH,8,BATCH,61,,statements=1002
1768291151712,htap,OLTP_BATCH,9,BATCH,61,,statements=1002
1768291151732,htap,OLTP_BATCH,2,BATCH,64,,statements=1002
1768291151740,htap,OLTP_BATCH,4,BATCH,56,,statements=1002
1768291151742,htap,OLTP_BATCH,0,BATCH,67,,statements=1002
1768291151748,htap,OLTP_BATCH,3,BATCH,64,,statements=1002
1768291151748,htap,OLTP_BATCH,1,BATCH,64,,statements=1002
1768291151751,htap,OLTP_BATCH,5,BATCH,67,,statements=1002
1768291151759,htap,OLTP_BATCH,7,BATCH,64,,statements=1002
1768291151776,htap,OLTP_BATCH,6,BATCH,70,,statements=1002
1768291151777,htap,OLTP_BATCH,9,BATCH,63,,statements=1002
1768291151777,htap,OLTP_BATCH,8,BATCH,64,,statements=1002
1768291151803,htap,OLTP_BATCH,4,BATCH,61,,statements=1002
1768291151804,htap,OLTP_BATCH,2,BATCH,70,,statements=1002
1768291151804,htap,OLTP_BATCH,0,BATCH,60,,statements=1002
1768291151812,htap,OLTP_BATCH,3,BATCH,62,,statements=1002
1768291151815,htap,OLTP_BATCH,1,BATCH,64,,statements=1002
1768291151816,htap,OLTP_BATCH,5,BATCH,64,,statements=1002
1768291151823,htap,OLTP_BATCH,7,BATCH,62,,statements=1002
1768291151838,htap,OLTP_BATCH,9,BATCH,59,,statements=1002
1768291151842,htap,OLTP_BATCH,6,BATCH,64,,statements=1002
1768291151843,htap,OLTP_BATCH,8,BATCH,65,,statements=1002
1768291151872,htap,OLTP_BATCH,2,BATCH,66,,statements=1002
1768291151873,htap,OLTP_BATCH,4,BATCH,68,,statements=1002
1768291151882,htap,OLAP_QUERY,1,MAIN_OLAP,22,8398,
1768291151890,htap,OLTP_BATCH,1,BATCH,73,,statements=1002
1768291151890,htap,OLTP_BATCH,0,BATCH,84,,statements=1002
1768291151893,htap,OLTP_BATCH,7,BATCH,68,,statements=1002
1768291151893,htap,OLTP_BATCH,3,BATCH,80,,statements=1002
1768291151896,htap,OLTP_BATCH,5,BATCH,78,,statements=1002
1768291151907,htap,OLTP_BATCH,9,BATCH,67,,statements=1002
1768291151909,htap,OLTP_BATCH,8,BATCH,64,,statements=1002
1768291151909,htap,OLTP_BATCH,6,BATCH,65,,statements=1002
1768291151940,htap,OLTP_BATCH,2,BATCH,66,,statements=1002
1768291151942,htap,OLTP_BATCH,4,BATCH,66,,statements=1002
1768291151944,htap,OLAP_QUERY,3,MAIN_OLAP,19,8467,
1768291151954,htap,OLTP_BATCH,1,BATCH,62,,statements=1002
1768291151958,htap,OLTP_BATCH,5,BATCH,60,,statements=1002
1768291151963,htap,OLTP_BATCH,0,BATCH,71,,statements=1002
1768291151964,htap,OLTP_BATCH,3,BATCH,69,,statements=1002
1768291151967,htap,OLTP_BATCH,7,BATCH,72,,statements=1002
1768291151971,htap,OLTP_BATCH,9,BATCH,62,,statements=1002
1768291151972,htap,OLTP_BATCH,6,BATCH,60,,statements=1002
1768291151980,htap,OLTP_BATCH,8,BATCH,70,,statements=1002
1768291152000,htap,OLAP_QUERY,4,MAIN_OLAP,24,8516,
1768291152004,htap,OLTP_BATCH,2,BATCH,62,,statements=1002
1768291152011,htap,OLTP_BATCH,4,BATCH,67,,statements=1002
1768291152018,htap,OLTP_BATCH,1,BATCH,62,,statements=1002
1768291152024,htap,OLTP_BATCH,5,BATCH,63,,statements=1002
1768291152026,htap,OLTP_BATCH,0,BATCH,60,,statements=1002
1768291152031,htap,OLTP_BATCH,3,BATCH,65,,statements=1002
1768291152031,htap,OLTP_BATCH,9,BATCH,58,,statements=1002
1768291152035,htap,OLTP_BATCH,6,BATCH,61,,statements=1002
1768291152038,htap,OLTP_BATCH,7,BATCH,69,,statements=1002
1768291152040,htap,OLTP_BATCH,8,BATCH,58,,statements=1002
1768291152069,htap,OLTP_BATCH,2,BATCH,63,,statements=1002
1768291152078,htap,OLTP_BATCH,4,BATCH,64,,statements=1002
1768291152083,htap,OLTP_BATCH,1,BATCH,63,,statements=1002
1768291152089,htap,OLTP_BATCH,5,BATCH,62,,statements=1002
1768291152095,htap,OLTP_BATCH,0,BATCH,67,,statements=1002
1768291152096,htap,OLTP_BATCH,3,BATCH,63,,statements=1002
1768291152097,htap,OLTP_BATCH,9,BATCH,64,,statements=1002
1768291152105,htap,OLTP_BATCH,7,BATCH,65,,statements=1002
1768291152107,htap,OLTP_BATCH,6,BATCH,70,,statements=1002
1768291152111,htap,OLTP_BATCH,8,BATCH,66,,statements=1002
1768291152128,htap,OLTP_BATCH,2,BATCH,57,,statements=1002
1768291152135,htap,OLAP_QUERY,0,MAIN_OLAP,24,8651,
1768291152140,htap,OLAP_QUERY,2,MAIN_OLAP,19,8663,
1768291152141,htap,OLTP_BATCH,1,BATCH,56,,statements=1002
1768291152154,htap,OLTP_BATCH,4,BATCH,74,,statements=1002
1768291152155,htap,OLTP_BATCH,0,BATCH,59,,statements=1002
1768291152158,htap,OLTP_BATCH,5,BATCH,67,,statements=1002
1768291152158,htap,OLTP_BATCH,9,BATCH,59,,statements=1002
1768291152161,htap,OLTP_BATCH,3,BATCH,63,,statements=1002
1768291152173,htap,OLTP_BATCH,7,BATCH,66,,statements=1002
1768291152180,htap,OLTP_BATCH,6,BATCH,71,,statements=1002
1768291152180,htap,OLTP_BATCH,8,BATCH,67,,statements=1002
1768291152197,htap,OLTP_BATCH,2,BATCH,66,,statements=1002
1768291152206,htap,OLTP_BATCH,1,BATCH,63,,statements=1002
1768291152232,htap,OLTP_BATCH,4,BATCH,76,,statements=1002
1768291152233,htap,OLTP_BATCH,3,BATCH,71,,statements=1002
1768291152233,htap,OLTP_BATCH,9,BATCH,72,,statements=1002
1768291152234,htap,OLTP_BATCH,0,BATCH,76,,statements=1002
1768291152234,htap,OLTP_BATCH,5,BATCH,73,,statements=1002
1768291152241,htap,OLTP_BATCH,7,BATCH,66,,statements=1002
1768291152245,htap,OLTP_BATCH,8,BATCH,63,,statements=1002
1768291152247,htap,OLTP_BATCH,6,BATCH,65,,statements=1002
1768291152255,htap,OLTP_BATCH,2,BATCH,55,,statements=1002
1768291152270,htap,OLTP_BATCH,1,BATCH,62,,statements=1002
1768291152293,htap,OLTP_BATCH,5,BATCH,57,,statements=1002
1768291152294,htap,OLTP_BATCH,0,BATCH,58,,statements=1002
1768291152296,htap,OLTP_BATCH,4,BATCH,62,,statements=1002
1768291152297,htap,OLTP_BATCH,3,BATCH,62,,statements=1002
1768291152297,htap,OLTP_BATCH,9,BATCH,62,,statements=1002
1768291152299,htap,OLTP_BATCH,7,BATCH,55,,statements=1002
1768291152315,htap,OLTP_BATCH,8,BATCH,67,,statements=1002
1768291152316,htap,OLTP_BATCH,6,BATCH,67,,statements=1002
1768291152320,htap,OLTP_BATCH,2,BATCH,63,,statements=1002
1768291152333,htap,OLTP_BATCH,1,BATCH,61,,statements=1002
1768291152358,htap,OLTP_BATCH,0,BATCH,63,,statements=1002
1768291152358,htap,OLTP_BATCH,3,BATCH,59,,statements=1002
1768291152360,htap,OLTP_BATCH,5,BATCH,65,,statements=1002
1768291152360,htap,OLTP_BATCH,9,BATCH,61,,statements=1002
1768291152362,htap,OLTP_BATCH,4,BATCH,64,,statements=1002
1768291152371,htap,OLTP_BATCH,7,BATCH,70,,statements=1002
1768291152380,htap,OLTP_BATCH,6,BATCH,62,,statements=1002
1768291152380,htap,OLTP_BATCH,8,BATCH,63,,statements=1002
1768291152384,htap,OLTP_BATCH,2,BATCH,62,,statements=1002
1768291152395,htap,OLTP_BATCH,1,BATCH,60,,statements=1002
1768291152408,htap,OLAP_QUERY,1,MAIN_OLAP,19,8929,
1768291152423,htap,OLTP_BATCH,9,BATCH,61,,statements=1002
1768291152425,htap,OLTP_BATCH,3,BATCH,65,,statements=1002
1768291152425,htap,OLTP_BATCH,0,BATCH,64,,statements=1002
1768291152427,htap,OLTP_BATCH,4,BATCH,63,,statements=1002
1768291152431,htap,OLTP_BATCH,5,BATCH,69,,statements=1002
1768291152434,htap,OLTP_BATCH,7,BATCH,61,,statements=1002
1768291152443,monitor,OLAP_FRESHNESS,-1,MONITOR_QUERY,0,8983,
1768291152445,htap,OLTP_BATCH,8,BATCH,63,,statements=1002
1768291152445,htap,OLTP_BATCH,6,BATCH,63,,statements=1002
1768291152454,htap,OLTP_BATCH,2,BATCH,68,,statements=1002
1768291152460,htap,OLTP_BATCH,1,BATCH,63,,statements=1002
1768291152468,htap,OLAP_QUERY,3,MAIN_OLAP,19,8991,
1768291152487,htap,OLTP_BATCH,4,BATCH,58,,statements=1002
1768291152492,htap,OLTP_BATCH,0,BATCH,64,,statements=1002
1768291152494,htap,OLTP_BATCH,3,BATCH,67,,statements=1002
1768291152496,htap,OLTP_BATCH,9,BATCH,72,,statements=1002
1768291152501,htap,OLTP_BATCH,5,BATCH,68,,statements=1002
1768291152503,htap,OLTP_BATCH,7,BATCH,67,,statements=1002
1768291152513,htap,OLTP_BATCH,8,BATCH,66,,statements=1002
1768291152521,htap,OLTP_BATCH,6,BATCH,74,,statements=1002
1768291152523,htap,OLTP_BATCH,2,BATCH,67,,statements=1002
1768291152525,htap,OLAP_QUERY,4,MAIN_OLAP,20,9047,
1768291152526,htap,OLTP_BATCH,1,BATCH,64,,statements=1002
1768291152557,htap,OLTP_BATCH,4,BATCH,68,,statements=1002
1768291152560,htap,OLTP_BATCH,0,BATCH,66,,statements=1002
1768291152562,htap,OLTP_BATCH,3,BATCH,65,,statements=1002
1768291152566,htap,OLTP_BATCH,9,BATCH,68,,statements=1002
1768291152572,htap,OLTP_BATCH,5,BATCH,70,,statements=1002
1768291152578,htap,OLTP_BATCH,8,BATCH,63,,statements=1002
1768291152585,htap,OLTP_BATCH,2,BATCH,60,,statements=1002
1768291152586,htap,OLTP_BATCH,7,BATCH,81,,statements=1002
1768291152588,htap,OLTP_BATCH,6,BATCH,64,,statements=1002
1768291152588,htap,OLTP_BATCH,1,BATCH,61,,statements=1002
1768291152617,htap,OLTP_BATCH,4,BATCH,59,,statements=1002
1768291152623,htap,OLTP_BATCH,0,BATCH,61,,statements=1002
1768291152625,htap,OLTP_BATCH,3,BATCH,60,,statements=1002
1768291152626,htap,OLTP_BATCH,9,BATCH,58,,statements=1002
1768291152630,htap,OLTP_BATCH,5,BATCH,56,,statements=1002
1768291152647,htap,OLTP_BATCH,8,BATCH,67,,statements=1002
1768291152662,htap,OLTP_BATCH,2,BATCH,74,,statements=1002
1768291152662,htap,OLTP_BATCH,6,BATCH,65,,statements=1002
1768291152682,htap,OLTP_BATCH,7,BATCH,94,,statements=1002
1768291152683,htap,OLTP_BATCH,1,BATCH,86,,statements=1002
1768291152683,htap,OLAP_QUERY,0,MAIN_OLAP,25,9182,
1768291152685,htap,OLTP_BATCH,4,BATCH,66,,statements=1002
1768291152690,htap,OLTP_BATCH,0,BATCH,64,,statements=1002
1768291152692,htap,OLTP_BATCH,9,BATCH,64,,statements=1002
1768291152701,htap,OLAP_QUERY,2,MAIN_OLAP,48,9098,
1768291152703,htap,OLTP_BATCH,5,BATCH,72,,statements=1002
1768291152704,htap,OLTP_BATCH,3,BATCH,77,,statements=1002
1768291152727,htap,OLTP_BATCH,6,BATCH,62,,statements=1002
1768291152727,htap,OLTP_BATCH,8,BATCH,78,,statements=1002
1768291152730,htap,OLTP_BATCH,2,BATCH,66,,statements=1002
1768291152747,htap,OLTP_BATCH,1,BATCH,63,,statements=1002
1768291152747,htap,OLTP_BATCH,7,BATCH,63,,statements=1002
1768291152752,htap,OLTP_BATCH,4,BATCH,65,,statements=1002
1768291152756,htap,OLTP_BATCH,0,BATCH,64,,statements=1002
1768291152758,htap,OLTP_BATCH,9,BATCH,64,,statements=1002
1768291152769,htap,OLTP_BATCH,3,BATCH,63,,statements=1002
1768291152771,htap,OLTP_BATCH,5,BATCH,66,,statements=1002
1768291152791,htap,OLTP_BATCH,6,BATCH,63,,statements=1002
1768291152791,htap,OLTP_BATCH,8,BATCH,62,,statements=1002
1768291152794,htap,OLTP_BATCH,2,BATCH,62,,statements=1002
1768291152813,htap,OLTP_BATCH,1,BATCH,64,,statements=1002
1768291152816,htap,OLTP_BATCH,4,BATCH,62,,statements=1002
1768291152819,htap,OLTP_BATCH,0,BATCH,62,,statements=1002
1768291152820,htap,OLTP_BATCH,7,BATCH,72,,statements=1002
1768291152824,htap,OLTP_BATCH,9,BATCH,64,,statements=1002
1768291152828,htap,OLTP_BATCH,3,BATCH,57,,statements=1002
1768291152832,htap,OLTP_BATCH,5,BATCH,59,,statements=1002
1768291152853,htap,OLTP_BATCH,8,BATCH,61,,statements=1002
1768291152857,htap,OLTP_BATCH,6,BATCH,64,,statements=1002
1768291152861,htap,OLTP_BATCH,2,BATCH,65,,statements=1002
1768291152879,htap,OLTP_BATCH,1,BATCH,64,,statements=1002
1768291152879,htap,OLTP_BATCH,0,BATCH,58,,statements=1002
1768291152885,htap,OLTP_BATCH,4,BATCH,67,,statements=1002
1768291152886,htap,OLTP_BATCH,7,BATCH,64,,statements=1002
1768291152886,htap,OLTP_BATCH,9,BATCH,60,,statements=1002
1768291152895,htap,OLTP_BATCH,3,BATCH,65,,statements=1002
1768291152895,htap,OLTP_BATCH,5,BATCH,61,,statements=1002
1768291152915,htap,OLTP_BATCH,8,BATCH,59,,statements=1002
1768291152924,htap,OLTP_BATCH,6,BATCH,65,,statements=1002
1768291152930,htap,OLTP_BATCH,2,BATCH,67,,statements=1002
1768291152931,htap,OLAP_QUERY,1,MAIN_OLAP,19,9366,
1768291152939,htap,OLTP_BATCH,1,BATCH,59,,statements=1002
1768291152948,htap,OLTP_BATCH,9,BATCH,60,,statements=1002
1768291152949,htap,OLTP_BATCH,0,BATCH,68,,statements=1002
1768291152954,htap,OLTP_BATCH,4,BATCH,67,,statements=1002
1768291152956,htap,OLTP_BATCH,7,BATCH,68,,statements=1002
1768291152958,htap,OLTP_BATCH,5,BATCH,61,,statements=1002
1768291152963,htap,OLTP_BATCH,3,BATCH,66,,statements=1002
1768291152979,htap,OLTP_BATCH,8,BATCH,63,,statements=1002
1768291152985,htap,OLTP_BATCH,6,BATCH,60,,statements=1002
1768291152991,htap,OLAP_QUERY,3,MAIN_OLAP,19,9426,
1768291152992,htap,OLTP_BATCH,2,BATCH,60,,statements=1002
1768291153001,htap,OLTP_BATCH,1,BATCH,61,,statements=1002
1768291153009,htap,OLTP_BATCH,0,BATCH,58,,statements=1002
1768291153012,htap,OLTP_BATCH,9,BATCH,61,,statements=1002
1768291153013,htap,OLTP_BATCH,4,BATCH,57,,statements=1002
1768291153023,htap,OLTP_BATCH,5,BATCH,63,,statements=1002
1768291153025,htap,OLTP_BATCH,3,BATCH,60,,statements=1002
1768291153029,htap,OLTP_BATCH,7,BATCH,71,,statements=1002
1768291153048,htap,OLTP_BATCH,6,BATCH,61,,statements=1002
1768291153048,htap,OLTP_BATCH,8,BATCH,67,,statements=1002
1768291153052,htap,OLAP_QUERY,4,MAIN_OLAP,20,9483,
1768291153057,htap,OLTP_BATCH,2,BATCH,63,,statements=1002
1768291153063,htap,OLTP_BATCH,1,BATCH,60,,statements=1002
1768291153076,htap,OLTP_BATCH,0,BATCH,65,,statements=1002
1768291153078,htap,OLTP_BATCH,4,BATCH,63,,statements=1002
1768291153082,htap,OLTP_BATCH,9,BATCH,67,,statements=1002
1768291153087,htap,OLTP_BATCH,5,BATCH,62,,statements=1002
1768291153093,htap,OLTP_BATCH,7,BATCH,62,,statements=1002
1768291153094,htap,OLTP_BATCH,3,BATCH,67,,statements=1002
1768291153126,htap,OLTP_BATCH,8,BATCH,76,,statements=1002
1768291153126,htap,OLTP_BATCH,1,BATCH,61,,statements=1002
1768291153126,htap,OLTP_BATCH,2,BATCH,67,,statements=1002
1768291153126,htap,OLTP_BATCH,6,BATCH,76,,statements=1002
1768291153137,htap,OLTP_BATCH,0,BATCH,60,,statements=1002
1768291153144,htap,OLTP_BATCH,4,BATCH,64,,statements=1002
1768291153148,htap,OLTP_BATCH,9,BATCH,64,,statements=1002
1768291153153,htap,OLTP_BATCH,5,BATCH,64,,statements=1002
1768291153161,htap,OLTP_BATCH,7,BATCH,66,,statements=1002
1768291153168,htap,OLTP_BATCH,3,BATCH,72,,statements=1002
1768291153194,htap,OLTP_BATCH,6,BATCH,66,,statements=1002
1768291153196,htap,OLTP_BATCH,1,BATCH,67,,statements=1002
1768291153196,htap,OLTP_BATCH,8,BATCH,68,,statements=1002
1768291153201,htap,OLTP_BATCH,2,BATCH,72,,statements=1002
1768291153202,htap,OLTP_BATCH,0,BATCH,60,,statements=1002
1768291153209,htap,OLTP_BATCH,9,BATCH,59,,statements=1002
1768291153209,htap,OLAP_QUERY,0,MAIN_OLAP,21,9641,
1768291153211,htap,OLTP_BATCH,4,BATCH,66,,statements=1002
1768291153224,htap,OLTP_BATCH,5,BATCH,69,,statements=1002
1768291153225,htap,OLAP_QUERY,2,MAIN_OLAP,19,9659,
1768291153229,htap,OLTP_BATCH,7,BATCH,66,,statements=1002
1768291153244,htap,OLTP_BATCH,3,BATCH,74,,statements=1002
1768291153258,htap,OLTP_BATCH,1,BATCH,61,,statements=1002
1768291153258,htap,OLTP_BATCH,6,BATCH,62,,statements=1002
1768291153267,htap,OLTP_BATCH,8,BATCH,69,,statements=1002
1768291153270,htap,OLTP_BATCH,0,BATCH,66,,statements=1002
1768291153273,htap,OLTP_BATCH,9,BATCH,62,,statements=1002
1768291153275,htap,OLTP_BATCH,2,BATCH,72,,statements=1002
1768291153281,htap,OLTP_BATCH,4,BATCH,67,,statements=1002
1768291153288,htap,OLTP_BATCH,7,BATCH,57,,statements=1002
1768291153289,htap,OLTP_BATCH,5,BATCH,63,,statements=1002
1768291153306,htap,OLTP_BATCH,3,BATCH,60,,statements=1002
1768291153316,htap,OLTP_BATCH,6,BATCH,56,,statements=1002
1768291153328,htap,OLTP_BATCH,1,BATCH,68,,statements=1002
1768291153334,htap,OLTP_BATCH,0,BATCH,62,,statements=1002
1768291153339,htap,OLTP_BATCH,9,BATCH,64,,statements=1002
1768291153341,htap,OLTP_BATCH,2,BATCH,64,,statements=1002
1768291153344,htap,OLTP_BATCH,8,BATCH,75,,statements=1002
1768291153350,htap,OLTP_BATCH,4,BATCH,67,,statements=1002
1768291153352,htap,OLTP_BATCH,7,BATCH,63,,statements=1002
1768291153353,htap,OLTP_BATCH,5,BATCH,62,,statements=1002
1768291153381,htap,OLTP_BATCH,3,BATCH,72,,statements=1002
1768291153383,htap,OLTP_BATCH,6,BATCH,65,,statements=1002
1768291153397,htap,OLTP_BATCH,1,BATCH,67,,statements=1002
1768291153398,htap,OLTP_BATCH,0,BATCH,62,,statements=1002
1768291153404,htap,OLTP_BATCH,9,BATCH,63,,statements=1002
1768291153406,htap,OLTP_BATCH,2,BATCH,63,,statements=1002
1768291153408,htap,OLTP_BATCH,8,BATCH,62,,statements=1002
1768291153412,htap,OLTP_BATCH,4,BATCH,59,,statements=1002
1768291153417,htap,OLTP_BATCH,7,BATCH,62,,statements=1002
1768291153426,htap,OLTP_BATCH,5,BATCH,71,,statements=1002
1768291153445,htap,OLTP_BATCH,3,BATCH,62,,statements=1002
1768291153449,monitor,OLAP_FRESHNESS,-1,MONITOR_QUERY,0,9901,
1768291153452,htap,OLTP_BATCH,6,BATCH,67,,statements=1002
1768291153467,htap,OLTP_BATCH,0,BATCH,67,,statements=1002
1768291153468,htap,OLTP_BATCH,9,BATCH,62,,statements=1002
1768291153469,htap,OLTP_BATCH,2,BATCH,61,,statements=1002
1768291153474,htap,OLTP_BATCH,1,BATCH,75,,statements=1002
1768291153475,htap,OLAP_QUERY,1,MAIN_OLAP,30,9786,
1768291153477,htap,OLTP_BATCH,4,BATCH,64,,statements=1002
1768291153477,htap,OLTP_BATCH,8,BATCH,67,,statements=1002
1768291153484,htap,OLTP_BATCH,7,BATCH,65,,statements=1002
1768291153491,htap,OLTP_BATCH,5,BATCH,63,,statements=1002
1768291153525,htap,OLAP_QUERY,3,MAIN_OLAP,29,9846,
1768291153527,htap,OLTP_BATCH,3,BATCH,80,,statements=1002
1768291153527,htap,OLTP_BATCH,6,BATCH,73,,statements=1002
1768291153537,htap,OLTP_BATCH,1,BATCH,62,,statements=1002
1768291153538,htap,OLTP_BATCH,4,BATCH,59,,statements=1002
1768291153540,htap,OLTP_BATCH,0,BATCH,71,,statements=1002
1768291153544,htap,OLTP_BATCH,2,BATCH,73,,statements=1002
1768291153546,htap,OLTP_BATCH,8,BATCH,67,,statements=1002
1768291153549,htap,OLTP_BATCH,9,BATCH,80,,statements=1002
1768291153551,htap,OLTP_BATCH,7,BATCH,65,,statements=1002
1768291153552,htap,OLTP_BATCH,5,BATCH,60,,statements=1002
1768291153579,htap,OLAP_QUERY,4,MAIN_OLAP,23,9907,
1768291153605,htap,OLTP_BATCH,3,BATCH,76,,statements=1002
1768291153605,htap,OLTP_BATCH,6,BATCH,76,,statements=1002
1768291153605,htap,OLTP_BATCH,4,BATCH,65,,statements=1002
1768291153605,htap,OLTP_BATCH,8,BATCH,57,,statements=1002
1768291153605,htap,OLTP_BATCH,1,BATCH,65,,statements=1002
1768291153605,htap,OLTP_BATCH,0,BATCH,63,,statements=1002
1768291153605,htap,OLTP_BATCH,2,BATCH,59,,statements=1002
1768291153611,htap,OLTP_BATCH,9,BATCH,60,,statements=1002
1768291153612,htap,OLTP_BATCH,7,BATCH,59,,statements=1002
1768291153614,htap,OLTP_BATCH,5,BATCH,60,,statements=1002
1768291153665,htap,OLTP_BATCH,2,BATCH,57,,statements=1002
1768291153668,htap,OLTP_BATCH,8,BATCH,61,,statements=1002
1768291153668,htap,OLTP_BATCH,3,BATCH,60,,statements=1002
1768291153669,htap,OLTP_BATCH,4,BATCH,61,,statements=1002
1768291153671,htap,OLTP_BATCH,6,BATCH,63,,statements=1002
1768291153675,htap,OLTP_BATCH,0,BATCH,68,,statements=1002
1768291153678,htap,OLTP_BATCH,1,BATCH,71,,statements=1002
1768291153678,htap,OLTP_BATCH,7,BATCH,65,,statements=1002
1768291153684,htap,OLTP_BATCH,9,BATCH,71,,statements=1002
1768291153686,htap,OLTP_BATCH,5,BATCH,70,,statements=1002
1768291153730,htap,OLTP_BATCH,2,BATCH,63,,statements=1002
1768291153730,htap,OLTP_BATCH,4,BATCH,59,,statements=1002
1768291153737,htap,OLTP_BATCH,3,BATCH,66,,statements=1002
1768291153739,htap,OLTP_BATCH,8,BATCH,69,,statements=1002
1768291153742,htap,OLAP_QUERY,0,MAIN_OLAP,25,10065,
1768291153742,htap,OLTP_BATCH,6,BATCH,69,,statements=1002
1768291153745,htap,OLTP_BATCH,0,BATCH,69,,statements=1002
1768291153751,htap,OLTP_BATCH,5,BATCH,63,,statements=1002
1768291153752,htap,OLTP_BATCH,9,BATCH,66,,statements=1002
1768291153753,htap,OLTP_BATCH,7,BATCH,70,,statements=1002
1768291153759,htap,OLTP_BATCH,1,BATCH,76,,statements=1002
1768291153767,htap,OLAP_QUERY,2,MAIN_OLAP,34,10080,
1768291153795,htap,OLTP_BATCH,4,BATCH,63,,statements=1002
1768291153801,htap,OLTP_BATCH,2,BATCH,69,,statements=1002
1768291153802,htap,OLTP_BATCH,8,BATCH,61,,statements=1002
1768291153802,htap,OLTP_BATCH,3,BATCH,63,,statements=1002
1768291153805,htap,OLTP_BATCH,6,BATCH,62,,statements=1002
1768291153805,htap,OLTP_BATCH,0,BATCH,57,,statements=1002
1768291153813,htap,OLTP_BATCH,7,BATCH,58,,statements=1002
1768291153815,htap,OLTP_BATCH,5,BATCH,62,,statements=1002
1768291153826,htap,OLTP_BATCH,1,BATCH,65,,statements=1002
1768291153827,htap,OLTP_BATCH,9,BATCH,73,,statements=1002
1768291153864,htap,OLTP_BATCH,2,BATCH,61,,statements=1002
1768291153864,htap,OLTP_BATCH,3,BATCH,60,,statements=1002
1768291153869,htap,OLTP_BATCH,8,BATCH,65,,statements=1002
1768291153870,htap,OLTP_BATCH,4,BATCH,72,,statements=1002
1768291153871,htap,OLTP_BATCH,0,BATCH,63,,statements=1002
1768291153877,htap,OLTP_BATCH,6,BATCH,70,,statements=1002
1768291153882,htap,OLTP_BATCH,5,BATCH,65,,statements=1002
1768291153883,htap,OLTP_BATCH,7,BATCH,68,,statements=1002
1768291153897,htap,OLTP_BATCH,9,BATCH,68,,statements=1002
1768291153900,htap,OLTP_BATCH,1,BATCH,72,,statements=1002
1768291153926,htap,OLTP_BATCH,4,BATCH,55,,statements=1002
1768291153929,htap,OLTP_BATCH,3,BATCH,63,,statements=1002
1768291153929,htap,OLTP_BATCH,2,BATCH,63,,statements=1002
1768291153935,htap,OLTP_BATCH,0,BATCH,62,,statements=1002
1768291153936,htap,OLTP_BATCH,8,BATCH,65,,statements=1002
1768291153945,htap,OLTP_BATCH,5,BATCH,61,,statements=1002
1768291153945,htap,OLTP_BATCH,6,BATCH,66,,statements=1002
1768291153946,htap,OLTP_BATCH,7,BATCH,61,,statements=1002
1768291153964,htap,OLTP_BATCH,9,BATCH,65,,statements=1002
1768291153970,htap,OLTP_BATCH,1,BATCH,68,,statements=1002
1768291153988,htap,OLTP_BATCH,4,BATCH,60,,statements=1002
1768291153992,htap,OLTP_BATCH,2,BATCH,62,,statements=1002
1768291153996,htap,OLTP_BATCH,3,BATCH,65,,statements=1002
1768291154005,htap,OLTP_BATCH,8,BATCH,66,,statements=1002
1768291154007,htap,OLAP_QUERY,1,MAIN_OLAP,27,10330,
1768291154008,htap,OLTP_BATCH,6,BATCH,61,,statements=1002
1768291154010,htap,OLTP_BATCH,7,BATCH,62,,statements=1002
1768291154011,htap,OLTP_BATCH,0,BATCH,75,,statements=1002
1768291154017,htap,OLTP_BATCH,5,BATCH,70,,statements=1002
1768291154046,htap,OLAP_QUERY,3,MAIN_OLAP,16,10380,
1768291154048,htap,OLTP_BATCH,9,BATCH,82,,statements=1002
1768291154048,htap,OLTP_BATCH,1,BATCH,76,,statements=1002
1768291154056,htap,OLTP_BATCH,4,BATCH,66,,statements=1002
1768291154061,htap,OLTP_BATCH,2,BATCH,67,,statements=1002
1768291154067,htap,OLTP_BATCH,8,BATCH,60,,statements=1002
1768291154067,htap,OLTP_BATCH,3,BATCH,69,,statements=1002
1768291154074,htap,OLTP_BATCH,7,BATCH,62,,statements=1002
1768291154077,htap,OLTP_BATCH,6,BATCH,67,,statements=1002
1768291154079,htap,OLTP_BATCH,5,BATCH,60,,statements=1002
1768291154086,htap,OLTP_BATCH,0,BATCH,73,,statements=1002
1768291154104,htap,OLAP_QUERY,4,MAIN_OLAP,21,10434,
1768291154116,htap,OLTP_BATCH,1,BATCH,66,,statements=1002
1768291154126,htap,OLTP_BATCH,4,BATCH,68,,statements=1002
1768291154126,htap,OLTP_BATCH,2,BATCH,63,,statements=1002
1768291154127,htap,OLTP_BATCH,9,BATCH,77,,statements=1002
1768291154133,htap,OLTP_BATCH,3,BATCH,64,,statements=1002
1768291154134,htap,OLTP_BATCH,8,BATCH,65,,statements=1002
1768291154142,htap,OLTP_BATCH,5,BATCH,61,,statements=1002
1768291154144,htap,OLTP_BATCH,7,BATCH,67,,statements=1002
1768291154144,htap,OLTP_BATCH,6,BATCH,65,,statements=1002
1768291154178,htap,OLTP_BATCH,0,BATCH,90,,statements=1002
1768291154189,htap,OLTP_BATCH,1,BATCH,71,,statements=1002
1768291154203,htap,OLTP_BATCH,2,BATCH,75,,statements=1002
1768291154203,htap,OLTP_BATCH,9,BATCH,74,,statements=1002
1768291154203,htap,OLTP_BATCH,3,BATCH,68,,statements=1002
1768291154203,htap,OLTP_BATCH,4,BATCH,75,,statements=1002
1768291154203,htap,OLTP_BATCH,8,BATCH,67,,statements=1002
1768291154204,htap,OLTP_BATCH,5,BATCH,60,,statements=1002
1768291154210,htap,OLTP_BATCH,6,BATCH,64,,statements=1002
1768291154210,htap,OLTP_BATCH,7,BATCH,64,,statements=1002
1768291154239,htap,OLTP_BATCH,0,BATCH,59,,statements=1002
1768291154249,htap,OLTP_BATCH,1,BATCH,59,,statements=1002
1768291154269,htap,OLTP_BATCH,3,BATCH,63,,statements=1002
1768291154271,htap,OLTP_BATCH,9,BATCH,66,,statements=1002
1768291154273,htap,OLTP_BATCH,4,BATCH,67,,statements=1002
1768291154276,htap,OLTP_BATCH,6,BATCH,64,,statements=1002
1768291154277,htap,OLTP_BATCH,2,BATCH,72,,statements=1002
1768291154280,htap,OLTP_BATCH,7,BATCH,68,,statements=1002
1768291154280,htap,OLAP_QUERY,0,MAIN_OLAP,28,10521,
1768291154280,htap,OLTP_BATCH,5,BATCH,74,,statements=1002
1768291154287,htap,OLTP_BATCH,8,BATCH,81,,statements=1002
1768291154309,htap,OLAP_QUERY,2,MAIN_OLAP,35,10545,
1768291154312,htap,OLTP_BATCH,0,BATCH,69,,statements=1002
1768291154328,htap,OLTP_BATCH,1,BATCH,77,,statements=1002
1768291154339,htap,OLTP_BATCH,5,BATCH,57,,statements=1002
1768291154344,htap,OLTP_BATCH,2,BATCH,64,,statements=1002
1768291154344,htap,OLTP_BATCH,3,BATCH,72,,statements=1002
1768291154344,htap,OLTP_BATCH,7,BATCH,62,,statements=1002
1768291154345,htap,OLTP_BATCH,6,BATCH,67,,statements=1002
1768291154347,htap,OLTP_BATCH,9,BATCH,74,,statements=1002
1768291154351,htap,OLTP_BATCH,4,BATCH,76,,statements=1002
1768291154354,htap,OLTP_BATCH,8,BATCH,65,,statements=1002
1768291154372,htap,OLTP_BATCH,0,BATCH,59,,statements=1002
1768291154385,htap,OLTP_BATCH,1,BATCH,55,,statements=1002
1768291154400,htap,OLTP_BATCH,5,BATCH,58,,statements=1002
1768291154406,htap,OLTP_BATCH,6,BATCH,59,,statements=1002
1768291154407,htap,OLTP_BATCH,9,BATCH,58,,statements=1002
1768291154407,htap,OLTP_BATCH,2,BATCH,61,,statements=1002
1768291154408,htap,OLTP_BATCH,3,BATCH,62,,statements=1002
1768291154410,htap,OLTP_BATCH,8,BATCH,53,,statements=1002
1768291154411,htap,OLTP_BATCH,7,BATCH,65,,statements=1002
1768291154415,htap,OLTP_BATCH,4,BATCH,62,,statements=1002
1768291154441,htap,OLTP_BATCH,0,BATCH,67,,statements=1002
1768291154456,monitor,OLAP_FRESHNESS,-1,MONITOR_QUERY,0,10727,
1768291154459,htap,OLTP_BATCH,1,BATCH,72,,statements=1002
1768291154465,htap,OLTP_BATCH,5,BATCH,63,,statements=1002
1768291154469,htap,OLTP_BATCH,6,BATCH,61,,statements=1002
1768291154470,htap,OLTP_BATCH,9,BATCH,61,,statements=1002
1768291154474,htap,OLTP_BATCH,7,BATCH,61,,statements=1002
1768291154475,htap,OLTP_BATCH,3,BATCH,65,,statements=1002
1768291154475,htap,OLTP_BATCH,8,BATCH,63,,statements=1002
1768291154476,htap,OLTP_BATCH,2,BATCH,66,,statements=1002
1768291154494,htap,OLTP_BATCH,4,BATCH,77,,statements=1002
1768291154528,htap,OLAP_QUERY,1,MAIN_OLAP,17,10785,
1768291154543,htap,OLTP_BATCH,0,BATCH,100,,statements=1002
1768291154570,htap,OLAP_QUERY,3,MAIN_OLAP,20,10824,
1768291154573,htap,OLTP_BATCH,1,BATCH,112,,statements=1002
1768291154574,htap,OLTP_BATCH,3,BATCH,97,,statements=1002
1768291154574,htap,OLTP_BATCH,8,BATCH,97,,statements=1002
1768291154574,htap,OLTP_BATCH,6,BATCH,102,,statements=1002
1768291154574,htap,OLTP_BATCH,9,BATCH,102,,statements=1002
1768291154574,htap,OLTP_BATCH,5,BATCH,107,,statements=1002
1768291154574,htap,OLTP_BATCH,7,BATCH,98,,statements=1002
1768291154575,htap,OLTP_BATCH,4,BATCH,79,,statements=1002
1768291154577,htap,OLTP_BATCH,2,BATCH,99,,statements=1002
1768291154610,htap,OLTP_BATCH,0,BATCH,64,,statements=1002
1768291154630,htap,OLAP_QUERY,4,MAIN_OLAP,20,10883,
1768291154631,htap,OLTP_BATCH,5,BATCH,55,,statements=1002
1768291154636,htap,OLTP_BATCH,4,BATCH,58,,statements=1002
1768291154638,htap,OLTP_BATCH,6,BATCH,61,,statements=1002
1768291154640,htap,OLTP_BATCH,3,BATCH,64,,statements=1002
1768291154646,htap,OLTP_BATCH,1,BATCH,71,,statements=1002
1768291154651,htap,OLTP_BATCH,9,BATCH,74,,statements=1002
1768291154651,htap,OLTP_BATCH,7,BATCH,75,,statements=1002
1768291154651,htap,OLTP_BATCH,2,BATCH,72,,statements=1002
1768291154651,htap,OLTP_BATCH,8,BATCH,75,,statements=1002
1768291154681,htap,OLTP_BATCH,0,BATCH,69,,statements=1002
1768291154695,htap,OLTP_BATCH,5,BATCH,62,,statements=1002
1768291154704,htap,OLTP_BATCH,4,BATCH,65,,statements=1002
1768291154707,htap,OLTP_BATCH,3,BATCH,64,,statements=1002
1768291154710,htap,OLTP_BATCH,1,BATCH,62,,statements=1002
1768291154710,htap,OLTP_BATCH,6,BATCH,70,,statements=1002
1768291154712,htap,OLTP_BATCH,9,BATCH,60,,statements=1002
1768291154718,htap,OLTP_BATCH,2,BATCH,65,,statements=1002
1768291154721,htap,OLTP_BATCH,7,BATCH,68,,statements=1002
1768291154729,htap,OLTP_BATCH,8,BATCH,75,,statements=1002
1768291154748,htap,OLTP_BATCH,0,BATCH,65,,statements=1002
1768291154756,htap,OLTP_BATCH,5,BATCH,59,,statements=1002
1768291154771,htap,OLTP_BATCH,4,BATCH,65,,statements=1002
1768291154772,htap,OLTP_BATCH,1,BATCH,60,,statements=1002
1768291154772,htap,OLTP_BATCH,6,BATCH,60,,statements=1002
1768291154776,htap,OLTP_BATCH,3,BATCH,67,,statements=1002
1768291154783,htap,OLTP_BATCH,9,BATCH,69,,statements=1002
1768291154784,htap,OLTP_BATCH,2,BATCH,64,,statements=1002
1768291154787,htap,OLTP_BATCH,7,BATCH,63,,statements=1002
1768291154793,htap,OLTP_BATCH,8,BATCH,62,,statements=1002
1768291154807,htap,OLAP_QUERY,0,MAIN_OLAP,22,11058,
1768291154816,htap,OLTP_BATCH,0,BATCH,66,,statements=1002
1768291154828,htap,OLTP_BATCH,5,BATCH,70,,statements=1002
1768291154833,htap,OLTP_BATCH,6,BATCH,59,,statements=1002
1768291154838,htap,OLTP_BATCH,4,BATCH,65,,statements=1002
1768291154839,htap,OLAP_QUERY,2,MAIN_OLAP,21,11087,
1768291154842,htap,OLTP_BATCH,1,BATCH,69,,statements=1002
1768291154846,htap,OLTP_BATCH,3,BATCH,68,,statements=1002
1768291154849,htap,OLTP_BATCH,9,BATCH,64,,statements=1002
1768291154856,htap,OLTP_BATCH,2,BATCH,70,,statements=1002
1768291154861,htap,OLTP_BATCH,7,BATCH,72,,statements=1002
1768291154863,htap,OLTP_BATCH,8,BATCH,67,,statements=1002
1768291154879,htap,OLTP_BATCH,0,BATCH,61,,statements=1002
1768291154896,htap,OLTP_BATCH,5,BATCH,66,,statements=1002
1768291154900,htap,OLTP_BATCH,4,BATCH,60,,statements=1002
1768291154902,htap,OLTP_BATCH,6,BATCH,63,,statements=1002
1768291154906,htap,OLTP_BATCH,3,BATCH,58,,statements=1002
1768291154913,htap,OLTP_BATCH,1,BATCH,69,,statements=1002
1768291154917,htap,OLTP_BATCH,9,BATCH,66,,statements=1002
1768291154921,htap,OLTP_BATCH,2,BATCH,63,,statements=1002
1768291154925,htap,OLTP_BATCH,7,BATCH,62,,statements=1002
1768291154927,htap,OLTP_BATCH,8,BATCH,62,,statements=1002
1768291154935,htap,OLTP_BATCH,0,BATCH,54,,statements=1002
1768291154963,htap,OLTP_BATCH,6,BATCH,59,,statements=1002
1768291154965,htap,OLTP_BATCH,4,BATCH,62,,statements=1002
1768291154968,htap,OLTP_BATCH,3,BATCH,60,,statements=1002
1768291154972,htap,OLTP_BATCH,5,BATCH,74,,statements=1002
1768291154993,htap,OLTP_BATCH,1,BATCH,78,,statements=1002
1768291154993,htap,OLTP_BATCH,2,BATCH,71,,statements=1002
1768291154993,htap,OLTP_BATCH,8,BATCH,65,,statements=1002
1768291154993,htap,OLTP_BATCH,9,BATCH,74,,statements=1002
1768291154996,htap,OLTP_BATCH,7,BATCH,66,,statements=1002
1768291155001,htap,OLTP_BATCH,0,BATCH,64,,statements=1002
1768291155028,htap,OLTP_BATCH,6,BATCH,63,,statements=1002
1768291155031,htap,OLTP_BATCH,4,BATCH,63,,statements=1002
1768291155038,htap,OLTP_BATCH,5,BATCH,64,,statements=1002
1768291155045,htap,OLTP_BATCH,3,BATCH,75,,statements=1002
1768291155053,htap,OLAP_QUERY,1,MAIN_OLAP,21,11306,
1768291155056,htap,OLTP_BATCH,2,BATCH,60,,statements=1002
1768291155057,htap,OLTP_BATCH,1,BATCH,62,,statements=1002
1768291155067,htap,OLTP_BATCH,8,BATCH,72,,statements=1002
1768291155067,htap,OLTP_BATCH,7,BATCH,68,,statements=1002
1768291155070,htap,OLTP_BATCH,0,BATCH,67,,statements=1002
1768291155072,htap,OLTP_BATCH,9,BATCH,76,,statements=1002
1768291155094,htap,OLTP_BATCH,6,BATCH,64,,statements=1002
1768291155105,htap,OLTP_BATCH,5,BATCH,65,,statements=1002
1768291155115,htap,OLTP_BATCH,4,BATCH,81,,statements=1002
1768291155125,htap,OLTP_BATCH,1,BATCH,66,,statements=1002
1768291155126,htap,OLTP_BATCH,2,BATCH,68,,statements=1002
1768291155132,htap,OLTP_BATCH,3,BATCH,85,,statements=1002
1768291155142,htap,OLTP_BATCH,9,BATCH,68,,statements=1002
1768291155143,htap,OLTP_BATCH,0,BATCH,71,,statements=1002
1768291155144,htap,OLTP_BATCH,8,BATCH,75,,statements=1002
1768291155149,htap,OLTP_BATCH,7,BATCH,80,,statements=1002
1768291155156,htap,OLAP_QUERY,3,MAIN_OLAP,53,11234,
1768291155171,htap,OLTP_BATCH,5,BATCH,64,,statements=1002
1768291155179,htap,OLTP_BATCH,4,BATCH,62,,statements=1002
1768291155183,htap,OLAP_QUERY,4,MAIN_OLAP,37,11294,
1768291155189,htap,OLTP_BATCH,6,BATCH,92,,statements=1002
1768291155196,htap,OLTP_BATCH,1,BATCH,69,,statements=1002
1768291155200,htap,OLTP_BATCH,2,BATCH,72,,statements=1002
1768291155208,htap,OLTP_BATCH,9,BATCH,65,,statements=1002
1768291155209,htap,OLTP_BATCH,3,BATCH,75,,statements=1002
1768291155218,htap,OLTP_BATCH,8,BATCH,72,,statements=1002
1768291155219,htap,OLTP_BATCH,0,BATCH,74,,statements=1002
1768291155220,htap,OLTP_BATCH,7,BATCH,68,,statements=1002
1768291155237,htap,OLTP_BATCH,5,BATCH,63,,statements=1002
1768291155246,htap,OLTP_BATCH,4,BATCH,64,,statements=1002
1768291155253,htap,OLTP_BATCH,6,BATCH,63,,statements=1002
1768291155264,htap,OLTP_BATCH,1,BATCH,66,,statements=1002
1768291155270,htap,OLTP_BATCH,2,BATCH,68,,statements=1002
1768291155272,htap,OLTP_BATCH,9,BATCH,62,,statements=1002
1768291155273,htap,OLTP_BATCH,3,BATCH,62,,statements=1002
1768291155281,htap,OLTP_BATCH,0,BATCH,60,,statements=1002
1768291155284,htap,OLTP_BATCH,8,BATCH,64,,statements=1002
1768291155287,htap,OLTP_BATCH,7,BATCH,65,,statements=1002
1768291155299,htap,OLTP_BATCH,5,BATCH,60,,statements=1002
1768291155314,htap,OLTP_BATCH,6,BATCH,59,,statements=1002
1768291155319,htap,OLTP_BATCH,4,BATCH,71,,statements=1002
1768291155325,htap,OLTP_BATCH,1,BATCH,59,,statements=1002
1768291155330,htap,OLTP_BATCH,9,BATCH,57,,statements=1002
1768291155335,htap,OLAP_QUERY,0,MAIN_OLAP,21,11471,
1768291155340,htap,OLTP_BATCH,3,BATCH,65,,statements=1002
1768291155346,htap,OLTP_BATCH,0,BATCH,63,,statements=1002
1768291155346,htap,OLTP_BATCH,2,BATCH,74,,statements=1002
1768291155349,htap,OLTP_BATCH,8,BATCH,63,,statements=1002
1768291155357,htap,OLTP_BATCH,7,BATCH,68,,statements=1002
1768291155365,htap,OLTP_BATCH,5,BATCH,64,,statements=1002
1768291155368,htap,OLAP_QUERY,2,MAIN_OLAP,25,11503,
1768291155374,htap,OLTP_BATCH,6,BATCH,58,,statements=1002
1768291155389,htap,OLTP_BATCH,4,BATCH,69,,statements=1002
1768291155395,htap,OLTP_BATCH,1,BATCH,68,,statements=1002
1768291155399,htap,OLTP_BATCH,9,BATCH,67,,statements=1002
1768291155409,htap,OLTP_BATCH,0,BATCH,61,,statements=1002
1768291155414,htap,OLTP_BATCH,3,BATCH,72,,statements=1002
1768291155415,htap,OLTP_BATCH,2,BATCH,67,,statements=1002
1768291155419,htap,OLTP_BATCH,8,BATCH,68,,statements=1002
1768291155430,htap,OLTP_BATCH,5,BATCH,63,,statements=1002
1768291155431,htap,OLTP_BATCH,7,BATCH,72,,statements=1002
1768291155449,htap,OLTP_BATCH,6,BATCH,72,,statements=1002
1768291155462,monitor,OLAP_FRESHNESS,-1,MONITOR_QUERY,0,11620,
1768291155474,htap,OLTP_BATCH,4,BATCH,83,,statements=1002
1768291155474,htap,OLTP_BATCH,0,BATCH,63,,statements=1002
1768291155474,htap,OLTP_BATCH,9,BATCH,73,,statements=1002
1768291155477,htap,OLTP_BATCH,1,BATCH,80,,statements=1002
1768291155478,htap,OLTP_BATCH,3,BATCH,62,,statements=1002
1768291155486,htap,OLTP_BATCH,8,BATCH,65,,statements=1002
1768291155491,htap,OLTP_BATCH,2,BATCH,74,,statements=1002
1768291155491,htap,OLTP_BATCH,7,BATCH,59,,statements=1002
1768291155491,htap,OLTP_BATCH,5,BATCH,59,,statements=1002
1768291155512,htap,OLTP_BATCH,6,BATCH,61,,statements=1002
1768291155537,htap,OLTP_BATCH,4,BATCH,61,,statements=1002
1768291155539,htap,OLTP_BATCH,9,BATCH,62,,statements=1002
1768291155542,htap,OLTP_BATCH,1,BATCH,62,,statements=1002
1768291155543,htap,OLTP_BATCH,0,BATCH,66,,statements=1002
1768291155551,htap,OLTP_BATCH,3,BATCH,71,,statements=1002
1768291155551,htap,OLTP_BATCH,8,BATCH,63,,statements=1002
1768291155552,htap,OLTP_BATCH,2,BATCH,60,,statements=1002
1768291155566,htap,OLTP_BATCH,5,BATCH,73,,statements=1002
1768291155566,htap,OLTP_BATCH,7,BATCH,73,,statements=1002
1768291155581,htap,OLAP_QUERY,1,MAIN_OLAP,23,11717,
1768291155591,htap,OLTP_BATCH,6,BATCH,77,,statements=1002
1768291155605,htap,OLTP_BATCH,9,BATCH,64,,statements=1002
1768291155608,htap,OLTP_BATCH,4,BATCH,68,,statements=1002
1768291155610,htap,OLTP_BATCH,0,BATCH,66,,statements=1002
1768291155611,htap,OLTP_BATCH,1,BATCH,68,,statements=1002
1768291155617,htap,OLTP_BATCH,8,BATCH,64,,statements=1002
1768291155619,htap,OLTP_BATCH,3,BATCH,66,,statements=1002
1768291155628,htap,OLTP_BATCH,2,BATCH,74,,statements=1002
1768291155628,htap,OLTP_BATCH,7,BATCH,60,,statements=1002
1768291155634,htap,OLTP_BATCH,5,BATCH,66,,statements=1002
1768291155660,htap,OLTP_BATCH,6,BATCH,68,,statements=1002
1768291155666,htap,OLTP_BATCH,9,BATCH,59,,statements=1002
1768291155678,htap,OLTP_BATCH,1,BATCH,65,,statements=1002
1768291155681,htap,OLTP_BATCH,4,BATCH,72,,statements=1002
1768291155683,htap,OLTP_BATCH,3,BATCH,62,,statements=1002
1768291155686,htap,OLTP_BATCH,0,BATCH,74,,statements=1002
1768291155691,htap,OLTP_BATCH,8,BATCH,72,,statements=1002
1768291155700,htap,OLAP_QUERY,3,MAIN_OLAP,23,11820,
1768291155705,htap,OLTP_BATCH,5,BATCH,69,,statements=1002
1768291155708,htap,OLTP_BATCH,7,BATCH,79,,statements=1002
1768291155714,htap,OLTP_BATCH,2,BATCH,84,,statements=1002
1768291155717,htap,OLAP_QUERY,4,MAIN_OLAP,29,11847,
1768291155731,htap,OLTP_BATCH,9,BATCH,63,,statements=1002
1768291155731,htap,OLTP_BATCH,6,BATCH,69,,statements=1002
1768291155742,htap,OLTP_BATCH,1,BATCH,62,,statements=1002
1768291155747,htap,OLTP_BATCH,4,BATCH,64,,statements=1002
1768291155748,htap,OLTP_BATCH,0,BATCH,61,,statements=1002
1768291155750,htap,OLTP_BATCH,3,BATCH,65,,statements=1002
1768291155755,htap,OLTP_BATCH,8,BATCH,62,,statements=1002
1768291155769,htap,OLTP_BATCH,5,BATCH,62,,statements=1002
1768291155772,htap,OLTP_BATCH,7,BATCH,62,,statements=1002
1768291155779,htap,OLTP_BATCH,2,BATCH,63,,statements=1002
1768291155791,htap,OLTP_BATCH,9,BATCH,58,,statements=1002
1768291155799,htap,OLTP_BATCH,6,BATCH,66,,statements=1002
1768291155805,htap,OLTP_BATCH,1,BATCH,61,,statements=1002
1768291155817,htap,OLTP_BATCH,0,BATCH,67,,statements=1002
1768291155817,htap,OLTP_BATCH,3,BATCH,65,,statements=1002
1768291155819,htap,OLTP_BATCH,4,BATCH,71,,statements=1002
1768291155822,htap,OLTP_BATCH,8,BATCH,64,,statements=1002
1768291155832,htap,OLTP_BATCH,7,BATCH,59,,statements=1002
1768291155843,htap,OLTP_BATCH,5,BATCH,72,,statements=1002
1768291155846,htap,OLTP_BATCH,2,BATCH,65,,statements=1002
1768291155854,htap,OLTP_BATCH,9,BATCH,61,,statements=1002
1768291155862,htap,OLTP_BATCH,6,BATCH,61,,statements=1002
1768291155867,htap,OLAP_QUERY,0,MAIN_OLAP,27,11999,
1768291155869,htap,OLTP_BATCH,1,BATCH,62,,statements=1002
1768291155881,htap,OLTP_BATCH,4,BATCH,60,,statements=1002
1768291155884,htap,OLTP_BATCH,8,BATCH,61,,statements=1002
1768291155884,htap,OLTP_BATCH,0,BATCH,65,,statements=1002
1768291155892,htap,OLTP_BATCH,3,BATCH,73,,statements=1002
1768291155899,htap,OLTP_BATCH,7,BATCH,65,,statements=1002
1768291155908,htap,OLAP_QUERY,2,MAIN_OLAP,31,11944,
1768291155931,htap,OLTP_BATCH,5,BATCH,86,,statements=1002
1768291155932,htap,OLTP_BATCH,9,BATCH,76,,statements=1002
1768291155932,htap,OLTP_BATCH,2,BATCH,84,,statements=1002
1768291155932,htap,OLTP_BATCH,6,BATCH,68,,statements=1002
1768291155932,htap,OLTP_BATCH,1,BATCH,61,,statements=1002
1768291155945,htap,OLTP_BATCH,8,BATCH,59,,statements=1002
1768291155950,htap,OLTP_BATCH,4,BATCH,67,,statements=1002
1768291155950,htap,OLTP_BATCH,0,BATCH,64,,statements=1002
1768291155959,htap,OLTP_BATCH,7,BATCH,58,,statements=1002
1768291155961,htap,OLTP_BATCH,3,BATCH,68,,statements=1002
1768291155995,htap,OLTP_BATCH,5,BATCH,61,,statements=1002
1768291155995,htap,OLTP_BATCH,6,BATCH,61,,statements=1002
1768291155996,htap,OLTP_BATCH,2,BATCH,62,,statements=1002
1768291156005,htap,OLTP_BATCH,1,BATCH,71,,statements=1002
1768291156011,htap,OLTP_BATCH,0,BATCH,58,,statements=1002
1768291156015,htap,OLTP_BATCH,8,BATCH,65,,statements=1002
1768291156021,htap,OLTP_BATCH,4,BATCH,69,,statements=1002
1768291156022,htap,OLTP_BATCH,7,BATCH,60,,statements=1002
1768291156030,htap,OLTP_BATCH,9,BATCH,96,,statements=1002
1768291156031,htap,OLTP_BATCH,3,BATCH,67,,statements=1002
1768291156059,htap,OLTP_BATCH,5,BATCH,62,,statements=1002
1768291156059,htap,OLTP_BATCH,2,BATCH,61,,statements=1002
1768291156062,htap,OLTP_BATCH,6,BATCH,64,,statements=1002
1768291156064,htap,OLTP_BATCH,1,BATCH,57,,statements=1002
1768291156077,htap,OLTP_BATCH,0,BATCH,64,,statements=1002
1768291156077,htap,OLTP_BATCH,8,BATCH,61,,statements=1002
1768291156087,htap,OLTP_BATCH,7,BATCH,63,,statements=1002
1768291156087,htap,OLTP_BATCH,4,BATCH,64,,statements=1002
1768291156096,htap,OLTP_BATCH,3,BATCH,63,,statements=1002
1768291156099,htap,OLTP_BATCH,9,BATCH,67,,statements=1002
1768291156108,htap,OLAP_QUERY,1,MAIN_OLAP,23,12157,
1768291156125,htap,OLTP_BATCH,6,BATCH,61,,statements=1002
1768291156125,htap,OLTP_BATCH,5,BATCH,64,,statements=1002
1768291156132,htap,OLTP_BATCH,1,BATCH,66,,statements=1002
1768291156139,htap,OLTP_BATCH,2,BATCH,79,,statements=1002
1768291156140,htap,OLTP_BATCH,8,BATCH,61,,statements=1002
1768291156147,htap,OLTP_BATCH,0,BATCH,68,,statements=1002
1768291156148,htap,OLTP_BATCH,7,BATCH,59,,statements=1002
1768291156149,htap,OLTP_BATCH,4,BATCH,60,,statements=1002
1768291156162,htap,OLTP_BATCH,3,BATCH,64,,statements=1002
1768291156165,htap,OLTP_BATCH,9,BATCH,64,,statements=1002
1768291156190,htap,OLTP_BATCH,5,BATCH,63,,statements=1002
1768291156194,htap,OLTP_BATCH,6,BATCH,67,,statements=1002
1768291156200,htap,OLTP_BATCH,1,BATCH,66,,statements=1002
1768291156207,htap,OLTP_BATCH,2,BATCH,66,,statements=1002
1768291156212,htap,OLTP_BATCH,8,BATCH,70,,statements=1002
1768291156212,htap,OLTP_BATCH,7,BATCH,62,,statements=1002
1768291156220,htap,OLTP_BATCH,4,BATCH,70,,statements=1002
1768291156220,htap,OLTP_BATCH,0,BATCH,71,,statements=1002
1768291156226,htap,OLTP_BATCH,3,BATCH,63,,statements=1002
1768291156226,htap,OLTP_BATCH,9,BATCH,60,,statements=1002
1768291156234,htap,OLAP_QUERY,3,MAIN_OLAP,29,12276,
1768291156247,htap,OLAP_QUERY,4,MAIN_OLAP,24,12293,
1768291156259,htap,OLTP_BATCH,5,BATCH,66,,statements=1002
1768291156261,htap,OLTP_BATCH,1,BATCH,59,,statements=1002
1768291156262,htap,OLTP_BATCH,6,BATCH,66,,statements=1002
1768291156272,htap,OLTP_BATCH,2,BATCH,64,,statements=1002
1768291156277,htap,OLTP_BATCH,8,BATCH,63,,statements=1002
1768291156281,htap,OLTP_BATCH,7,BATCH,67,,statements=1002
1768291156283,htap,OLTP_BATCH,4,BATCH,61,,statements=1002
1768291156288,htap,OLTP_BATCH,3,BATCH,61,,statements=1002
1768291156296,htap,OLTP_BATCH,0,BATCH,74,,statements=1002
1768291156297,htap,OLTP_BATCH,9,BATCH,69,,statements=1002
1768291156319,htap,OLTP_BATCH,5,BATCH,58,,statements=1002
1768291156328,htap,OLTP_BATCH,1,BATCH,66,,statements=1002
1768291156331,htap,OLTP_BATCH,6,BATCH,67,,statements=1002
1768291156334,htap,OLTP_BATCH,2,BATCH,60,,statements=1002
1768291156344,htap,OLTP_BATCH,4,BATCH,59,,statements=1002
1768291156345,htap,OLTP_BATCH,7,BATCH,62,,statements=1002
1768291156348,htap,OLTP_BATCH,8,BATCH,69,,statements=1002
1768291156360,htap,OLTP_BATCH,3,BATCH,71,,statements=1002
1768291156387,htap,OLTP_BATCH,0,BATCH,89,,statements=1002
1768291156388,htap,OLTP_BATCH,9,BATCH,89,,statements=1002
1768291156388,htap,OLTP_BATCH,5,BATCH,67,,statements=1002
1768291156391,htap,OLTP_BATCH,1,BATCH,61,,statements=1002
1768291156392,htap,OLTP_BATCH,6,BATCH,60,,statements=1002
1768291156393,htap,OLAP_QUERY,0,MAIN_OLAP,21,12443,
1768291156399,htap,OLTP_BATCH,2,BATCH,64,,statements=1002
1768291156411,htap,OLTP_BATCH,8,BATCH,60,,statements=1002
1768291156412,htap,OLTP_BATCH,4,BATCH,66,,statements=1002
1768291156420,htap,OLTP_BATCH,7,BATCH,73,,statements=1002
1768291156429,htap,OLTP_BATCH,3,BATCH,67,,statements=1002
1768291156435,htap,OLAP_QUERY,2,MAIN_OLAP,22,12484,
1768291156452,htap,OLTP_BATCH,5,BATCH,62,,statements=1002
1768291156455,htap,OLTP_BATCH,9,BATCH,65,,statements=1002
1768291156456,htap,OLTP_BATCH,6,BATCH,62,,statements=1002
1768291156457,htap,OLTP_BATCH,0,BATCH,68,,statements=1002
1768291156463,htap,OLTP_BATCH,1,BATCH,70,,statements=1002
1768291156463,htap,OLTP_BATCH,2,BATCH,62,,statements=1002
1768291156467,monitor,OLAP_FRESHNESS,-1,MONITOR_QUERY,0,12538,
1768291156473,htap,OLTP_BATCH,4,BATCH,59,,statements=1002
1768291156479,htap,OLTP_BATCH,8,BATCH,65,,statements=1002
1768291156489,htap,OLTP_BATCH,7,BATCH,67,,statements=1002
1768291156490,htap,OLTP_BATCH,3,BATCH,59,,statements=1002
1768291156520,htap,OLTP_BATCH,6,BATCH,62,,statements=1002
1768291156520,htap,OLTP_BATCH,9,BATCH,63,,statements=1002
1768291156522,htap,OLTP_BATCH,0,BATCH,62,,statements=1002
1768291156524,htap,OLTP_BATCH,5,BATCH,70,,statements=1002
1768291156526,htap,OLTP_BATCH,2,BATCH,60,,statements=1002
1768291156533,htap,OLTP_BATCH,1,BATCH,68,,statements=1002
1768291156539,htap,OLTP_BATCH,4,BATCH,64,,statements=1002
1768291156550,htap,OLTP_BATCH,8,BATCH,69,,statements=1002
1768291156560,htap,OLTP_BATCH,7,BATCH,69,,statements=1002
1768291156562,htap,OLTP_BATCH,3,BATCH,67,,statements=1002
1768291156580,htap,OLTP_BATCH,6,BATCH,59,,statements=1002
1768291156583,htap,OLTP_BATCH,2,BATCH,55,,statements=1002
1768291156583,htap,OLTP_BATCH,9,BATCH,60,,statements=1002
1768291156590,htap,OLTP_BATCH,5,BATCH,64,,statements=1002
1768291156590,htap,OLTP_BATCH,1,BATCH,55,,statements=1002
1768291156593,htap,OLTP_BATCH,0,BATCH,69,,statements=1002
1768291156611,htap,OLTP_BATCH,8,BATCH,59,,statements=1002
1768291156623,htap,OLTP_BATCH,4,BATCH,81,,statements=1002
1768291156624,htap,OLTP_BATCH,7,BATCH,62,,statements=1002
1768291156641,htap,OLAP_QUERY,1,MAIN_OLAP,28,12684,
1768291156646,htap,OLTP_BATCH,3,BATCH,83,,statements=1002
1768291156647,htap,OLTP_BATCH,6,BATCH,65,,statements=1002
1768291156652,htap,OLTP_BATCH,2,BATCH,67,,statements=1002
1768291156659,htap,OLTP_BATCH,1,BATCH,66,,statements=1002
1768291156659,htap,OLTP_BATCH,5,BATCH,67,,statements=1002
1768291156659,htap,OLTP_BATCH,9,BATCH,74,,statements=1002
1768291156661,htap,OLTP_BATCH,0,BATCH,66,,statements=1002
1768291156685,htap,OLTP_BATCH,8,BATCH,72,,statements=1002
1768291156710,htap,OLTP_BATCH,7,BATCH,84,,statements=1002
1768291156722,htap,OLTP_BATCH,3,BATCH,74,,statements=1002
1768291156723,htap,OLTP_BATCH,4,BATCH,98,,statements=1002
1768291156734,htap,OLTP_BATCH,6,BATCH,85,,statements=1002
1768291156751,htap,OLTP_BATCH,5,BATCH,90,,statements=1002
1768291156753,htap,OLTP_BATCH,1,BATCH,92,,statements=1002
1768291156755,htap,OLTP_BATCH,8,BATCH,68,,statements=1002
1768291156759,htap,OLTP_BATCH,2,BATCH,104,,statements=1002
1768291156763,htap,OLTP_BATCH,9,BATCH,102,,statements=1002
1768291156763,htap,OLTP_BATCH,0,BATCH,100,,statements=1002
1768291156791,htap,OLTP_BATCH,7,BATCH,79,,statements=1002
1768291156791,htap,OLAP_QUERY,3,MAIN_OLAP,46,12724,
1768291156794,htap,OLTP_BATCH,3,BATCH,70,,statements=1002
1768291156794,htap,OLTP_BATCH,4,BATCH,68,,statements=1002
1768291156806,htap,OLAP_QUERY,4,MAIN_OLAP,47,12737,
1768291156809,htap,OLTP_BATCH,6,BATCH,73,,statements=1002
1768291156822,htap,OLTP_BATCH,5,BATCH,68,,statements=1002
1768291156826,htap,OLTP_BATCH,8,BATCH,69,,statements=1002
1768291156827,htap,OLTP_BATCH,0,BATCH,62,,statements=1002
1768291156830,htap,OLTP_BATCH,9,BATCH,65,,statements=1002
1768291156835,htap,OLTP_BATCH,2,BATCH,74,,statements=1002
1768291156838,htap,OLTP_BATCH,1,BATCH,83,,statements=1002
1768291156869,htap,OLTP_BATCH,4,BATCH,73,,statements=1002
1768291156869,htap,OLTP_BATCH,7,BATCH,76,,statements=1002
1768291156869,htap,OLTP_BATCH,3,BATCH,73,,statements=1002
1768291156872,htap,OLTP_BATCH,6,BATCH,61,,statements=1002
1768291156882,htap,OLTP_BATCH,5,BATCH,58,,statements=1002
1768291156885,htap,OLTP_BATCH,0,BATCH,56,,statements=1002
1768291156886,htap,OLTP_BATCH,8,BATCH,58,,statements=1002
1768291156893,htap,OLTP_BATCH,9,BATCH,60,,statements=1002
1768291156899,htap,OLTP_BATCH,2,BATCH,62,,statements=1002
1768291156903,htap,OLTP_BATCH,1,BATCH,63,,statements=1002
1768291156924,htap,OLAP_QUERY,0,MAIN_OLAP,26,12883,
1768291156935,htap,OLTP_BATCH,6,BATCH,61,,statements=1002
1768291156936,htap,OLTP_BATCH,7,BATCH,65,,statements=1002
1768291156936,htap,OLTP_BATCH,4,BATCH,65,,statements=1002
1768291156939,htap,OLTP_BATCH,3,BATCH,68,,statements=1002
1768291156942,htap,OLTP_BATCH,5,BATCH,57,,statements=1002
1768291156950,htap,OLTP_BATCH,0,BATCH,63,,statements=1002
1768291156953,htap,OLTP_BATCH,8,BATCH,65,,statements=1002
1768291156961,htap,OLTP_BATCH,2,BATCH,60,,statements=1002
1768291156961,htap,OLTP_BATCH,9,BATCH,66,,statements=1002
1768291156967,htap,OLTP_BATCH,1,BATCH,61,,statements=1002
1768291156972,htap,OLAP_QUERY,2,MAIN_OLAP,27,12925,
1768291157001,htap,OLTP_BATCH,3,BATCH,61,,statements=1002
1768291157004,htap,OLTP_BATCH,5,BATCH,60,,statements=1002
1768291157006,htap,OLTP_BATCH,7,BATCH,68,,statements=1002
1768291157013,htap,OLTP_BATCH,6,BATCH,76,,statements=1002
1768291157019,htap,OLTP_BATCH,4,BATCH,81,,statements=1002
1768291157022,htap,OLTP_BATCH,0,BATCH,70,,statements=1002
1768291157023,htap,OLTP_BATCH,8,BATCH,68,,statements=1002
1768291157025,htap,OLTP_BATCH,9,BATCH,61,,statements=1002
1768291157025,htap,OLTP_BATCH,1,BATCH,56,,statements=1002
1768291157031,htap,OLTP_BATCH,2,BATCH,68,,statements=1002
1768291157059,htap,OLTP_BATCH,3,BATCH,57,,statements=1002
1768291157064,htap,OLTP_BATCH,7,BATCH,56,,statements=1002
1768291157073,htap,OLTP_BATCH,5,BATCH,67,,statements=1002
1768291157084,htap,OLTP_BATCH,4,BATCH,63,,statements=1002
1768291157086,htap,OLTP_BATCH,6,BATCH,72,,statements=1002
1768291157089,htap,OLTP_BATCH,0,BATCH,65,,statements=1002
1768291157089,htap,OLTP_BATCH,1,BATCH,62,,statements=1002
1768291157092,htap,OLTP_BATCH,8,BATCH,67,,statements=1002
1768291157097,htap,OLTP_BATCH,9,BATCH,70,,statements=1002
1768291157099,htap,OLTP_BATCH,2,BATCH,65,,statements=1002
1768291157131,htap,OLTP_BATCH,3,BATCH,70,,statements=1002
1768291157131,htap,OLTP_BATCH,7,BATCH,65,,statements=1002
1768291157146,htap,OLTP_BATCH,5,BATCH,71,,statements=1002
1768291157154,htap,OLTP_BATCH,8,BATCH,60,,statements=1002
1768291157157,htap,OLTP_BATCH,4,BATCH,68,,statements=1002
1768291157159,htap,OLTP_BATCH,0,BATCH,65,,statements=1002
1768291157160,htap,OLTP_BATCH,1,BATCH,69,,statements=1002
1768291157162,htap,OLTP_BATCH,9,BATCH,64,,statements=1002
1768291157163,htap,OLTP_BATCH,2,BATCH,62,,statements=1002
1768291157165,htap,OLTP_BATCH,6,BATCH,75,,statements=1002
1768291157172,htap,OLAP_QUERY,1,MAIN_OLAP,27,13131,
1768291157198,htap,OLTP_BATCH,3,BATCH,65,,statements=1002
1768291157199,htap,OLTP_BATCH,7,BATCH,66,,statements=1002
1768291157212,htap,OLTP_BATCH,5,BATCH,64,,statements=1002
1768291157216,htap,OLTP_BATCH,8,BATCH,60,,statements=1002
1768291157222,htap,OLTP_BATCH,0,BATCH,62,,statements=1002
1768291157222,htap,OLTP_BATCH,1,BATCH,60,,statements=1002
1768291157225,htap,OLTP_BATCH,2,BATCH,61,,statements=1002
1768291157226,htap,OLTP_BATCH,4,BATCH,67,,statements=1002
1768291157226,htap,OLTP_BATCH,9,BATCH,62,,statements=1002
1768291157229,htap,OLTP_BATCH,6,BATCH,63,,statements=1002
1768291157264,htap,OLTP_BATCH,3,BATCH,65,,statements=1002
1768291157269,htap,OLTP_BATCH,7,BATCH,68,,statements=1002
1768291157272,htap,OLTP_BATCH,5,BATCH,58,,statements=1002
1768291157280,htap,OLTP_BATCH,8,BATCH,62,,statements=1002
1768291157305,htap,OLTP_BATCH,9,BATCH,77,,statements=1002
1768291157306,htap,OLTP_BATCH,6,BATCH,75,,statements=1002
1768291157306,htap,OLTP_BATCH,0,BATCH,82,,statements=1002
1768291157306,htap,OLTP_BATCH,1,BATCH,82,,statements=1002
1768291157306,htap,OLTP_BATCH,4,BATCH,79,,statements=1002
1768291157307,htap,OLTP_BATCH,2,BATCH,80,,statements=1002
1768291157325,htap,OLAP_QUERY,3,MAIN_OLAP,21,13281,
1768291157328,htap,OLTP_BATCH,3,BATCH,62,,statements=1002
1768291157333,htap,OLTP_BATCH,7,BATCH,62,,statements=1002
1768291157334,htap,OLTP_BATCH,5,BATCH,60,,statements=1002
1768291157336,htap,OLAP_QUERY,4,MAIN_OLAP,23,13297,
1768291157338,htap,OLTP_BATCH,8,BATCH,55,,statements=1002
1768291157368,htap,OLTP_BATCH,9,BATCH,60,,statements=1002
1768291157371,htap,OLTP_BATCH,1,BATCH,63,,statements=1002
1768291157373,htap,OLTP_BATCH,6,BATCH,65,,statements=1002
1768291157376,htap,OLTP_BATCH,2,BATCH,67,,statements=1002
1768291157378,htap,OLTP_BATCH,0,BATCH,70,,statements=1002
1768291157384,htap,OLTP_BATCH,4,BATCH,75,,statements=1002
1768291157394,htap,OLTP_BATCH,3,BATCH,65,,statements=1002
1768291157396,htap,OLTP_BATCH,7,BATCH,61,,statements=1002
1768291157397,htap,OLTP_BATCH,8,BATCH,57,,statements=1002
1768291157397,htap,OLTP_BATCH,5,BATCH,61,,statements=1002
1768291157427,htap,OLTP_BATCH,9,BATCH,58,,statements=1002
1768291157438,htap,OLTP_BATCH,2,BATCH,60,,statements=1002
1768291157438,htap,OLTP_BATCH,1,BATCH,64,,statements=1002
1768291157441,htap,OLTP_BATCH,6,BATCH,66,,statements=1002
1768291157443,htap,OLTP_BATCH,0,BATCH,63,,statements=1002
1768291157445,htap,OLTP_BATCH,4,BATCH,59,,statements=1002
1768291157455,htap,OLAP_QUERY,0,MAIN_OLAP,26,13414,
1768291157458,htap,OLTP_BATCH,5,BATCH,59,,statements=1002
1768291157460,htap,OLTP_BATCH,8,BATCH,62,,statements=1002
1768291157464,htap,OLTP_BATCH,3,BATCH,67,,statements=1002
1768291157465,htap,OLTP_BATCH,7,BATCH,67,,statements=1002
1768291157476,monitor,OLAP_FRESHNESS,-1,MONITOR_QUERY,0,13457,
1768291157493,htap,OLTP_BATCH,9,BATCH,64,,statements=1002
1768291157497,htap,OLTP_BATCH,1,BATCH,57,,statements=1002
1768291157498,htap,OLAP_QUERY,2,MAIN_OLAP,21,13381,
1768291157503,htap,OLTP_BATCH,2,BATCH,63,,statements=1002
1768291157505,htap,OLTP_BATCH,6,BATCH,62,,statements=1002
1768291157508,htap,OLTP_BATCH,4,BATCH,61,,statements=1002
1768291157515,htap,OLTP_BATCH,0,BATCH,70,,statements=1002
1768291157525,htap,OLTP_BATCH,3,BATCH,59,,statements=1002
1768291157527,htap,OLTP_BATCH,5,BATCH,67,,statements=1002
1768291157529,htap,OLTP_BATCH,7,BATCH,62,,statements=1002
1768291157529,htap,OLTP_BATCH,8,BATCH,66,,statements=1002
1768291157563,htap,OLTP_BATCH,9,BATCH,68,,statements=1002
1768291157563,htap,OLTP_BATCH,1,BATCH,64,,statements=1002
1768291157566,htap,OLTP_BATCH,2,BATCH,61,,statements=1002
1768291157569,htap,OLTP_BATCH,6,BATCH,62,,statements=1002
1768291157574,htap,OLTP_BATCH,4,BATCH,64,,statements=1002
1768291157583,htap,OLTP_BATCH,0,BATCH,66,,statements=1002
1768291157593,htap,OLTP_BATCH,3,BATCH,66,,statements=1002
1768291157594,htap,OLTP_BATCH,7,BATCH,62,,statements=1002
1768291157599,htap,OLTP_BATCH,8,BATCH,68,,statements=1002
1768291157601,htap,OLTP_BATCH,5,BATCH,72,,statements=1002
1768291157628,htap,OLTP_BATCH,1,BATCH,63,,statements=1002
1768291157628,htap,OLTP_BATCH,9,BATCH,63,,statements=1002
1768291157631,htap,OLTP_BATCH,2,BATCH,63,,statements=1002
1768291157631,htap,OLTP_BATCH,6,BATCH,61,,statements=1002
1768291157638,htap,OLTP_BATCH,4,BATCH,63,,statements=1002
1768291157648,htap,OLTP_BATCH,0,BATCH,64,,statements=1002
1768291157654,htap,OLTP_BATCH,3,BATCH,60,,statements=1002
1768291157662,htap,OLTP_BATCH,7,BATCH,66,,statements=1002
1768291157664,htap,OLTP_BATCH,5,BATCH,61,,statements=1002
1768291157674,htap,OLTP_BATCH,8,BATCH,74,,statements=1002
1768291157687,htap,OLTP_BATCH,9,BATCH,56,,statements=1002
1768291157693,htap,OLTP_BATCH,6,BATCH,60,,statements=1002
1768291157694,htap,OLTP_BATCH,2,BATCH,61,,statements=1002
1768291157696,htap,OLTP_BATCH,4,BATCH,56,,statements=1002
1768291157698,htap,OLTP_BATCH,1,BATCH,67,,statements=1002
1768291157706,htap,OLAP_QUERY,1,MAIN_OLAP,27,13581,
1768291157716,htap,OLTP_BATCH,0,BATCH,66,,statements=1002
1768291157726,htap,OLTP_BATCH,3,BATCH,70,,statements=1002
1768291157727,htap,OLTP_BATCH,7,BATCH,63,,statements=1002
1768291157729,htap,OLTP_BATCH,5,BATCH,63,,statements=1002
1768291157756,htap,OLTP_BATCH,8,BATCH,80,,statements=1002
1768291157757,htap,OLTP_BATCH,1,BATCH,56,,statements=1002
1768291157760,htap,OLTP_BATCH,2,BATCH,63,,statements=1002
1768291157761,htap,OLTP_BATCH,4,BATCH,63,,statements=1002
1768291157761,htap,OLTP_BATCH,6,BATCH,66,,statements=1002
1768291157764,htap,OLTP_BATCH,9,BATCH,74,,statements=1002
1768291157781,htap,OLTP_BATCH,0,BATCH,63,,statements=1002
1768291157789,htap,OLTP_BATCH,5,BATCH,58,,statements=1002
1768291157795,htap,OLTP_BATCH,3,BATCH,67,,statements=1002
1768291157797,htap,OLTP_BATCH,7,BATCH,68,,statements=1002
1768291157821,htap,OLTP_BATCH,2,BATCH,59,,statements=1002
1768291157822,htap,OLTP_BATCH,1,BATCH,64,,statements=1002
1768291157823,htap,OLTP_BATCH,8,BATCH,65,,statements=1002
1768291157826,htap,OLTP_BATCH,6,BATCH,57,,statements=1002
1768291157826,htap,OLTP_BATCH,9,BATCH,60,,statements=1002
1768291157826,htap,OLTP_BATCH,4,BATCH,64,,statements=1002
1768291157845,htap,OLTP_BATCH,0,BATCH,61,,statements=1002
1768291157856,htap,OLTP_BATCH,5,BATCH,64,,statements=1002
1768291157858,htap,OLTP_BATCH,3,BATCH,61,,statements=1002
1768291157860,htap,OLTP_BATCH,7,BATCH,61,,statements=1002
1768291157864,htap,OLAP_QUERY,3,MAIN_OLAP,31,13734,
1768291157867,htap,OLAP_QUERY,4,MAIN_OLAP,20,13745,
1768291157883,htap,OLTP_BATCH,2,BATCH,61,,statements=1002
1768291157885,htap,OLTP_BATCH,8,BATCH,60,,statements=1002
1768291157886,htap,OLTP_BATCH,1,BATCH,62,,statements=1002
1768291157889,htap,OLTP_BATCH,4,BATCH,62,,statements=1002
1768291157890,htap,OLTP_BATCH,6,BATCH,62,,statements=1002
1768291157893,htap,OLTP_BATCH,9,BATCH,65,,statements=1002
1768291157913,htap,OLTP_BATCH,3,BATCH,53,,statements=1002
1768291157917,htap,OLTP_BATCH,0,BATCH,70,,statements=1002
1768291157925,htap,OLTP_BATCH,5,BATCH,67,,statements=1002
1768291157928,htap,OLTP_BATCH,7,BATCH,66,,statements=1002
1768291157948,htap,OLTP_BATCH,2,BATCH,63,,statements=1002
1768291157953,htap,OLTP_BATCH,1,BATCH,65,,statements=1002
1768291157956,htap,OLTP_BATCH,6,BATCH,64,,statements=1002
1768291157957,htap,OLTP_BATCH,9,BATCH,62,,statements=1002
1768291157957,htap,OLTP_BATCH,8,BATCH,70,,statements=1002
1768291157957,htap,OLTP_BATCH,4,BATCH,65,,statements=1002
1768291157972,htap,OLTP_BATCH,3,BATCH,57,,statements=1002
1768291157978,htap,OLTP_BATCH,0,BATCH,59,,statements=1002
1768291157983,htap,OLAP_QUERY,0,MAIN_OLAP,25,13864,
1768291157992,htap,OLTP_BATCH,5,BATCH,65,,statements=1002
1768291157996,htap,OLTP_BATCH,7,BATCH,66,,statements=1002
1768291158017,htap,OLTP_BATCH,2,BATCH,67,,statements=1002
1768291158021,htap,OLTP_BATCH,1,BATCH,66,,statements=1002
1768291158023,htap,OLTP_BATCH,4,BATCH,64,,statements=1002
1768291158024,htap,OLAP_QUERY,2,MAIN_OLAP,18,13908,
1768291158026,htap,OLTP_BATCH,9,BATCH,67,,statements=1002
1768291158026,htap,OLTP_BATCH,6,BATCH,68,,statements=1002
1768291158026,htap,OLTP_BATCH,8,BATCH,67,,statements=1002
1768291158038,htap,OLTP_BATCH,3,BATCH,64,,statements=1002
1768291158046,htap,OLTP_BATCH,0,BATCH,66,,statements=1002
1768291158058,htap,OLTP_BATCH,5,BATCH,64,,statements=1002
1768291158060,htap,OLTP_BATCH,7,BATCH,63,,statements=1002
1768291158077,htap,OLTP_BATCH,1,BATCH,55,,statements=1002
1768291158077,htap,OLTP_BATCH,2,BATCH,58,,statements=1002
1768291158081,htap,OLTP_BATCH,4,BATCH,56,,statements=1002
1768291158083,htap,OLTP_BATCH,8,BATCH,54,,statements=1002
1768291158087,htap,OLTP_BATCH,6,BATCH,58,,statements=1002
1768291158091,htap,OLTP_BATCH,9,BATCH,63,,statements=1002
1768291158098,htap,OLTP_BATCH,3,BATCH,58,,statements=1002
1768291158105,htap,OLTP_BATCH,0,BATCH,57,,statements=1002
1768291158119,htap,OLTP_BATCH,5,BATCH,59,,statements=1002
1768291158120,htap,OLTP_BATCH,7,BATCH,58,,statements=1002
1768291158139,htap,OLTP_BATCH,4,BATCH,56,,statements=1002
1768291158140,htap,OLTP_BATCH,1,BATCH,61,,statements=1002
1768291158141,htap,OLTP_BATCH,2,BATCH,62,,statements=1002
1768291158152,htap,OLTP_BATCH,8,BATCH,67,,statements=1002
1768291158153,htap,OLTP_BATCH,6,BATCH,64,,statements=1002
1768291158155,htap,OLTP_BATCH,9,BATCH,63,,statements=1002
1768291158160,htap,OLTP_BATCH,3,BATCH,60,,statements=1002
1768291158166,htap,OLTP_BATCH,0,BATCH,60,,statements=1002
1768291158195,htap,OLTP_BATCH,5,BATCH,73,,statements=1002
1768291158196,htap,OLTP_BATCH,7,BATCH,74,,statements=1002
1768291158200,htap,OLTP_BATCH,1,BATCH,58,,statements=1002
1768291158203,htap,OLTP_BATCH,2,BATCH,60,,statements=1002
1768291158206,htap,OLTP_BATCH,4,BATCH,65,,statements=1002
1768291158214,htap,OLTP_BATCH,6,BATCH,57,,statements=1002
1768291158214,htap,OLTP_BATCH,9,BATCH,57,,statements=1002
1768291158220,htap,OLTP_BATCH,8,BATCH,64,,statements=1002
1768291158229,htap,OLTP_BATCH,3,BATCH,66,,statements=1002
1768291158235,htap,OLTP_BATCH,0,BATCH,66,,statements=1002
1768291158237,htap,OLAP_QUERY,1,MAIN_OLAP,21,14115,
1768291158254,htap,OLTP_BATCH,5,BATCH,57,,statements=1002
1768291158256,htap,OLTP_BATCH,7,BATCH,58,,statements=1002
1768291158257,htap,OLTP_BATCH,4,BATCH,50,,statements=1002
1768291158262,htap,OLTP_BATCH,1,BATCH,61,,statements=1002
1768291158265,htap,OLTP_BATCH,2,BATCH,60,,statements=1002
1768291158273,htap,OLTP_BATCH,9,BATCH,57,,statements=1002
1768291158273,htap,OLTP_BATCH,6,BATCH,57,,statements=1002
1768291158285,htap,OLTP_BATCH,8,BATCH,64,,statements=1002
1768291158292,htap,OLTP_BATCH,3,BATCH,61,,statements=1002
1768291158296,htap,OLTP_BATCH,0,BATCH,59,,statements=1002
1768291158314,htap,OLTP_BATCH,4,BATCH,55,,statements=1002
1768291158319,htap,OLTP_BATCH,1,BATCH,54,,statements=1002
1768291158321,htap,OLTP_BATCH,7,BATCH,63,,statements=1002
1768291158328,htap,OLTP_BATCH,5,BATCH,72,,statements=1002
1768291158337,htap,OLTP_BATCH,6,BATCH,62,,statements=1002
1768291158337,htap,OLTP_BATCH,2,BATCH,69,,statements=1002
1768291158340,htap,OLTP_BATCH,9,BATCH,65,,statements=1002
1768291158342,htap,OLTP_BATCH,8,BATCH,55,,statements=1002
1768291158360,htap,OLTP_BATCH,3,BATCH,66,,statements=1002
1768291158363,htap,OLTP_BATCH,0,BATCH,65,,statements=1002
1768291158380,htap,OLTP_BATCH,4,BATCH,64,,statements=1002
1768291158382,htap,OLTP_BATCH,1,BATCH,60,,statements=1002
1768291158387,htap,OLTP_BATCH,7,BATCH,64,,statements=1002
1768291158401,htap,OLTP_BATCH,5,BATCH,70,,statements=1002
1768291158403,htap,OLAP_QUERY,3,MAIN_OLAP,31,14172,
1768291158404,htap,OLAP_QUERY,4,MAIN_OLAP,31,14175,
1768291158404,htap,OLTP_BATCH,6,BATCH,65,,statements=1002
1768291158407,htap,OLTP_BATCH,9,BATCH,65,,statements=1002
1768291158408,htap,OLTP_BATCH,8,BATCH,64,,statements=1002
1768291158415,htap,OLTP_BATCH,2,BATCH,76,,statements=1002
1768291158427,htap,OLTP_BATCH,0,BATCH,62,,statements=1002
1768291158428,htap,OLTP_BATCH,3,BATCH,66,,statements=1002
1768291158440,htap,OLTP_BATCH,1,BATCH,56,,statements=1002
1768291158440,htap,OLTP_BATCH,4,BATCH,58,,statements=1002
1768291158446,htap,OLTP_BATCH,7,BATCH,56,,statements=1002
1768291158469,htap,OLTP_BATCH,5,BATCH,66,,statements=1002
1768291158469,htap,OLTP_BATCH,8,BATCH,59,,statements=1002
1768291158470,htap,OLTP_BATCH,6,BATCH,63,,statements=1002
1768291158475,htap,OLTP_BATCH,2,BATCH,58,,statements=1002
1768291158475,htap,OLTP_BATCH,9,BATCH,66,,statements=1002
1768291158481,monitor,OLAP_FRESHNESS,-1,MONITOR_QUERY,0,14284,
1768291158489,htap,OLTP_BATCH,0,BATCH,60,,statements=1002
1768291158492,htap,OLTP_BATCH,3,BATCH,62,,statements=1002
1768291158500,htap,OLTP_BATCH,7,BATCH,53,,statements=1002
1768291158506,htap,OLAP_QUERY,0,MAIN_OLAP,19,14291,
1768291158510,htap,OLTP_BATCH,4,BATCH,68,,statements=1002
1768291158513,htap,OLTP_BATCH,1,BATCH,71,,statements=1002
1768291158528,htap,OLTP_BATCH,8,BATCH,58,,statements=1002
1768291158536,htap,OLTP_BATCH,5,BATCH,65,,statements=1002
1768291158539,htap,OLTP_BATCH,6,BATCH,67,,statements=1002
1768291158542,htap,OLTP_BATCH,2,BATCH,65,,statements=1002
1768291158550,htap,OLTP_BATCH,0,BATCH,59,,statements=1002
1768291158554,htap,OLTP_BATCH,9,BATCH,77,,statements=1002
1768291158556,htap,OLTP_BATCH,3,BATCH,62,,statements=1002
1768291158558,htap,OLAP_QUERY,2,MAIN_OLAP,25,14332,
1768291158568,htap,OLTP_BATCH,7,BATCH,66,,statements=1002
1768291158575,htap,OLTP_BATCH,4,BATCH,64,,statements=1002
1768291158582,htap,OLTP_BATCH,1,BATCH,68,,statements=1002
1768291158592,htap,OLTP_BATCH,8,BATCH,63,,statements=1002
1768291158608,htap,OLTP_BATCH,6,BATCH,67,,statements=1002
1768291158608,htap,OLTP_BATCH,2,BATCH,64,,statements=1002
1768291158608,htap,OLTP_BATCH,5,BATCH,70,,statements=1002
1768291158609,htap,OLTP_BATCH,0,BATCH,56,,statements=1002
1768291158616,htap,OLTP_BATCH,3,BATCH,58,,statements=1002
1768291158618,htap,OLTP_BATCH,9,BATCH,62,,statements=1002
1768291158632,htap,OLTP_BATCH,7,BATCH,63,,statements=1002
1768291158640,htap,OLTP_BATCH,4,BATCH,63,,statements=1002
1768291158651,htap,OLTP_BATCH,1,BATCH,67,,statements=1002
1768291158653,htap,OLTP_BATCH,8,BATCH,58,,statements=1002
1768291158672,htap,OLTP_BATCH,2,BATCH,61,,statements=1002
1768291158674,htap,OLTP_BATCH,6,BATCH,64,,statements=1002
1768291158677,htap,OLTP_BATCH,0,BATCH,65,,statements=1002
1768291158677,htap,OLTP_BATCH,3,BATCH,59,,statements=1002
1768291158677,htap,OLTP_BATCH,5,BATCH,67,,statements=1002
1768291158689,htap,OLTP_BATCH,9,BATCH,69,,statements=1002
1768291158699,htap,OLTP_BATCH,7,BATCH,65,,statements=1002
1768291158700,htap,OLTP_BATCH,4,BATCH,58,,statements=1002
1768291158714,htap,OLTP_BATCH,1,BATCH,61,,statements=1002
1768291158721,htap,OLTP_BATCH,8,BATCH,66,,statements=1002
1768291158737,htap,OLTP_BATCH,0,BATCH,56,,statements=1002
1768291158737,htap,OLTP_BATCH,6,BATCH,61,,statements=1002
1768291158737,htap,OLTP_BATCH,2,BATCH,64,,statements=1002
1768291158742,htap,OLTP_BATCH,5,BATCH,60,,statements=1002
1768291158747,htap,OLTP_BATCH,3,BATCH,66,,statements=1002
1768291158750,htap,OLTP_BATCH,9,BATCH,60,,statements=1002
1768291158762,htap,OLTP_BATCH,7,BATCH,61,,statements=1002
1768291158763,htap,OLTP_BATCH,4,BATCH,61,,statements=1002
1768291158771,htap,OLAP_QUERY,1,MAIN_OLAP,24,14545,
1768291158775,htap,OLTP_BATCH,1,BATCH,60,,statements=1002
1768291158783,htap,OLTP_BATCH,8,BATCH,61,,statements=1002
1768291158802,htap,OLTP_BATCH,0,BATCH,63,,statements=1002
1768291158805,htap,OLTP_BATCH,6,BATCH,66,,statements=1002
1768291158806,htap,OLTP_BATCH,2,BATCH,66,,statements=1002
1768291158806,htap,OLTP_BATCH,5,BATCH,62,,statements=1002
1768291158813,htap,OLTP_BATCH,9,BATCH,61,,statements=1002
1768291158819,htap,OLTP_BATCH,3,BATCH,70,,statements=1002
1768291158828,htap,OLTP_BATCH,7,BATCH,63,,statements=1002
1768291158828,htap,OLTP_BATCH,4,BATCH,63,,statements=1002
1768291158836,htap,OLTP_BATCH,1,BATCH,59,,statements=1002
1768291158842,htap,OLTP_BATCH,8,BATCH,57,,statements=1002
1768291158861,htap,OLTP_BATCH,0,BATCH,57,,statements=1002
1768291158869,htap,OLTP_BATCH,9,BATCH,54,,statements=1002
1768291158870,htap,OLTP_BATCH,6,BATCH,63,,statements=1002
1768291158879,htap,OLTP_BATCH,2,BATCH,72,,statements=1002
1768291158879,htap,OLTP_BATCH,5,BATCH,71,,statements=1002
1768291158880,htap,OLTP_BATCH,3,BATCH,59,,statements=1002
1768291158889,htap,OLTP_BATCH,4,BATCH,59,,statements=1002
1768291158898,htap,OLTP_BATCH,7,BATCH,68,,statements=1002
1768291158907,htap,OLTP_BATCH,1,BATCH,69,,statements=1002
1768291158920,htap,OLTP_BATCH,8,BATCH,76,,statements=1002
1768291158929,htap,OLTP_BATCH,0,BATCH,66,,statements=1002
1768291158942,htap,OLTP_BATCH,9,BATCH,71,,statements=1002
1768291158945,htap,OLTP_BATCH,2,BATCH,64,,statements=1002
1768291158949,htap,OLTP_BATCH,5,BATCH,68,,statements=1002
1768291158950,htap,OLTP_BATCH,6,BATCH,78,,statements=1002
1768291158950,htap,OLTP_BATCH,3,BATCH,68,,statements=1002
1768291158955,htap,OLTP_BATCH,4,BATCH,64,,statements=1002
1768291158958,htap,OLAP_QUERY,3,MAIN_OLAP,41,14711,
1768291158963,htap,OLAP_QUERY,4,MAIN_OLAP,43,14712,
1768291158965,htap,OLTP_BATCH,7,BATCH,65,,statements=1002
1768291158974,htap,OLTP_BATCH,1,BATCH,65,,statements=1002
1768291158987,htap,OLTP_BATCH,0,BATCH,56,,statements=1002
1768291158990,htap,OLTP_BATCH,8,BATCH,67,,statements=1002
1768291159002,htap,OLTP_BATCH,9,BATCH,59,,statements=1002
1768291159007,htap,OLTP_BATCH,3,BATCH,55,,statements=1002
1768291159009,htap,OLTP_BATCH,2,BATCH,62,,statements=1002
1768291159014,htap,OLTP_BATCH,6,BATCH,62,,statements=1002
1768291159015,htap,OLTP_BATCH,5,BATCH,64,,statements=1002
1768291159015,htap,OLTP_BATCH,4,BATCH,59,,statements=1002
1768291159037,htap,OLAP_QUERY,0,MAIN_OLAP,24,14814,
1768291159049,htap,OLTP_BATCH,7,BATCH,82,,statements=1002
1768291159049,htap,OLTP_BATCH,1,BATCH,74,,statements=1002
1768291159058,htap,OLTP_BATCH,0,BATCH,69,,statements=1002
1768291159060,htap,OLTP_BATCH,8,BATCH,68,,statements=1002
1768291159065,htap,OLTP_BATCH,9,BATCH,62,,statements=1002
1768291159071,htap,OLTP_BATCH,2,BATCH,61,,statements=1002
1768291159076,htap,OLTP_BATCH,5,BATCH,59,,statements=1002
1768291159084,htap,OLTP_BATCH,6,BATCH,67,,statements=1002
1768291159084,htap,OLTP_BATCH,4,BATCH,67,,statements=1002
1768291159087,htap,OLTP_BATCH,3,BATCH,78,,statements=1002
1768291159112,htap,OLAP_QUERY,2,MAIN_OLAP,27,14786,
1768291159113,htap,OLTP_BATCH,7,BATCH,62,,statements=1002
1768291159126,htap,OLTP_BATCH,0,BATCH,67,,statements=1002
1768291159128,htap,OLTP_BATCH,1,BATCH,76,,statements=1002
1768291159128,htap,OLTP_BATCH,8,BATCH,66,,statements=1002
1768291159132,htap,OLTP_BATCH,9,BATCH,65,,statements=1002
1768291159135,htap,OLTP_BATCH,2,BATCH,62,,statements=1002
1768291159149,htap,OLTP_BATCH,5,BATCH,72,,statements=1002
1768291159149,htap,OLTP_BATCH,4,BATCH,63,,statements=1002
1768291159152,htap,OLTP_BATCH,6,BATCH,67,,statements=1002
1768291159162,htap,OLTP_BATCH,3,BATCH,73,,statements=1002
1768291159170,htap,OLTP_BATCH,7,BATCH,55,,statements=1002
1768291159188,htap,OLTP_BATCH,0,BATCH,61,,statements=1002
1768291159191,htap,OLTP_BATCH,8,BATCH,61,,statements=1002
1768291159193,htap,OLTP_BATCH,9,BATCH,60,,statements=1002
1768291159194,htap,OLTP_BATCH,1,BATCH,63,,statements=1002
1768291159198,htap,OLTP_BATCH,2,BATCH,61,,statements=1002
1768291159213,htap,OLTP_BATCH,5,BATCH,62,,statements=1002
1768291159218,htap,OLTP_BATCH,6,BATCH,64,,statements=1002
1768291159223,htap,OLTP_BATCH,4,BATCH,72,,statements=1002
1768291159232,htap,OLTP_BATCH,3,BATCH,67,,statements=1002
1768291159241,htap,OLTP_BATCH,7,BATCH,69,,statements=1002
1768291159258,htap,OLTP_BATCH,9,BATCH,63,,statements=1002
1768291159259,htap,OLTP_BATCH,0,BATCH,69,,statements=1002
1768291159260,htap,OLTP_BATCH,8,BATCH,67,,statements=1002
1768291159266,htap,OLTP_BATCH,2,BATCH,65,,statements=1002
1768291159268,htap,OLTP_BATCH,1,BATCH,72,,statements=1002
1768291159283,htap,OLTP_BATCH,6,BATCH,64,,statements=1002
1768291159284,htap,OLTP_BATCH,4,BATCH,59,,statements=1002
1768291159284,htap,OLTP_BATCH,5,BATCH,69,,statements=1002
1768291159302,htap,OLTP_BATCH,3,BATCH,68,,statements=1002
1768291159310,htap,OLAP_QUERY,1,MAIN_OLAP,29,14999,
1768291159319,htap,OLTP_BATCH,7,BATCH,76,,statements=1002
1768291159330,htap,OLTP_BATCH,0,BATCH,69,,statements=1002
1768291159355,htap,OLTP_BATCH,1,BATCH,86,,statements=1002
1768291159356,htap,OLTP_BATCH,9,BATCH,96,,statements=1002
1768291159356,htap,OLTP_BATCH,8,BATCH,94,,statements=1002
1768291159356,htap,OLTP_BATCH,6,BATCH,71,,statements=1002
1768291159356,htap,OLTP_BATCH,5,BATCH,69,,statements=1002
1768291159356,htap,OLTP_BATCH,2,BATCH,88,,statements=1002
1768291159356,htap,OLTP_BATCH,4,BATCH,71,,statements=1002
1768291159372,htap,OLTP_BATCH,3,BATCH,68,,statements=1002
1768291159378,htap,OLTP_BATCH,7,BATCH,57,,statements=1002
1768291159397,htap,OLTP_BATCH,0,BATCH,65,,statements=1002
1768291159424,htap,OLTP_BATCH,1,BATCH,66,,statements=1002
1768291159427,htap,OLTP_BATCH,5,BATCH,68,,statements=1002
1768291159429,htap,OLTP_BATCH,2,BATCH,71,,statements=1002
1768291159430,htap,OLTP_BATCH,6,BATCH,71,,statements=1002
1768291159433,htap,OLTP_BATCH,9,BATCH,74,,statements=1002
1768291159433,htap,OLTP_BATCH,4,BATCH,74,,statements=1002
1768291159433,htap,OLTP_BATCH,3,BATCH,59,,statements=1002
1768291159434,htap,OLTP_BATCH,8,BATCH,74,,statements=1002
1768291159445,htap,OLTP_BATCH,7,BATCH,66,,statements=1002
1768291159455,htap,OLTP_BATCH,0,BATCH,56,,statements=1002
1768291159492,htap,OLTP_BATCH,5,BATCH,63,,statements=1002
1768291159496,monitor,OLAP_FRESHNESS,-1,MONITOR_QUERY,0,15209,
1768291159506,htap,OLAP_QUERY,3,MAIN_OLAP,26,15186,
1768291159507,htap,OLAP_QUERY,4,MAIN_OLAP,29,15191,
1768291159513,htap,OLTP_BATCH,1,BATCH,87,,statements=1002
1768291159514,htap,OLTP_BATCH,8,BATCH,78,,statements=1002
1768291159514,htap,OLTP_BATCH,6,BATCH,82,,statements=1002
1768291159515,htap,OLTP_BATCH,2,BATCH,83,,statements=1002
1768291159515,htap,OLTP_BATCH,9,BATCH,79,,statements=1002
1768291159516,htap,OLTP_BATCH,3,BATCH,78,,statements=1002
1768291159516,htap,OLTP_BATCH,4,BATCH,78,,statements=1002
1768291159518,htap,OLTP_BATCH,0,BATCH,61,,statements=1002
1768291159525,htap,OLTP_BATCH,7,BATCH,79,,statements=1002
1768291159555,htap,OLTP_BATCH,5,BATCH,61,,statements=1002
1768291159580,htap,OLTP_BATCH,4,BATCH,62,,statements=1002
1768291159580,htap,OLTP_BATCH,2,BATCH,63,,statements=1002
1768291159580,htap,OLAP_QUERY,0,MAIN_OLAP,28,15265,
1768291159581,htap,OLTP_BATCH,6,BATCH,64,,statements=1002
1768291159582,htap,OLTP_BATCH,1,BATCH,67,,statements=1002
1768291159582,htap,OLTP_BATCH,9,BATCH,65,,statements=1002
1768291159583,htap,OLTP_BATCH,3,BATCH,65,,statements=1002
1768291159584,htap,OLTP_BATCH,0,BATCH,63,,statements=1002
1768291159584,htap,OLTP_BATCH,8,BATCH,69,,statements=1002
1768291159587,htap,OLTP_BATCH,7,BATCH,61,,statements=1002
1768291159622,htap,OLTP_BATCH,5,BATCH,65,,statements=1002
1768291159636,htap,OLAP_QUERY,2,MAIN_OLAP,18,15340,
1768291159639,htap,OLTP_BATCH,9,BATCH,55,,statements=1002
1768291159642,htap,OLTP_BATCH,2,BATCH,60,,statements=1002
1768291159643,htap,OLTP_BATCH,4,BATCH,61,,statements=1002
1768291159644,htap,OLTP_BATCH,1,BATCH,60,,statements=1002
1768291159644,htap,OLTP_BATCH,6,BATCH,62,,statements=1002
1768291159645,htap,OLTP_BATCH,7,BATCH,56,,statements=1002
1768291159647,htap,OLTP_BATCH,0,BATCH,62,,statements=1002
1768291159649,htap,OLTP_BATCH,3,BATCH,64,,statements=1002
1768291159651,htap,OLTP_BATCH,8,BATCH,64,,statements=1002
1768291159687,htap,OLTP_BATCH,5,BATCH,62,,statements=1002
1768291159704,htap,OLTP_BATCH,9,BATCH,62,,statements=1002
1768291159704,htap,OLTP_BATCH,1,BATCH,58,,statements=1002
1768291159707,htap,OLTP_BATCH,2,BATCH,64,,statements=1002
1768291159708,htap,OLTP_BATCH,6,BATCH,62,,statements=1002
1768291159712,htap,OLTP_BATCH,4,BATCH,66,,statements=1002
1768291159712,htap,OLTP_BATCH,7,BATCH,65,,statements=1002
1768291159713,htap,OLTP_BATCH,8,BATCH,60,,statements=1002
1768291159714,htap,OLTP_BATCH,0,BATCH,65,,statements=1002
1768291159716,htap,OLTP_BATCH,3,BATCH,65,,statements=1002
1768291159752,htap,OLTP_BATCH,5,BATCH,63,,statements=1002
1768291159767,htap,OLTP_BATCH,9,BATCH,61,,statements=1002
1768291159768,htap,OLTP_BATCH,6,BATCH,59,,statements=1002
1768291159774,htap,OLTP_BATCH,7,BATCH,60,,statements=1002
1768291159775,htap,OLTP_BATCH,2,BATCH,66,,statements=1002
1768291159775,htap,OLTP_BATCH,8,BATCH,60,,statements=1002
1768291159777,htap,OLTP_BATCH,1,BATCH,71,,statements=1002
1768291159778,htap,OLTP_BATCH,4,BATCH,64,,statements=1002
1768291159780,htap,OLTP_BATCH,0,BATCH,64,,statements=1002
1768291159782,htap,OLTP_BATCH,3,BATCH,65,,statements=1002
1768291159811,htap,OLTP_BATCH,5,BATCH,57,,statements=1002
1768291159830,htap,OLTP_BATCH,9,BATCH,61,,statements=1002
1768291159830,htap,OLAP_QUERY,1,MAIN_OLAP,15,15538,
1768291159833,htap,OLTP_BATCH,6,BATCH,62,,statements=1002
1768291159839,htap,OLTP_BATCH,2,BATCH,62,,statements=1002
1768291159840,htap,OLTP_BATCH,8,BATCH,63,,statements=1002
1768291159840,htap,OLTP_BATCH,1,BATCH,58,,statements=1002
1768291159846,htap,OLTP_BATCH,7,BATCH,70,,statements=1002
1768291159850,htap,OLTP_BATCH,4,BATCH,67,,statements=1002
1768291159850,htap,OLTP_BATCH,0,BATCH,66,,statements=1002
1768291159853,htap,OLTP_BATCH,3,BATCH,69,,statements=1002
1768291159883,htap,OLTP_BATCH,5,BATCH,70,,statements=1002
1768291159891,htap,OLTP_BATCH,9,BATCH,59,,statements=1002
1768291159892,htap,OLTP_BATCH,6,BATCH,57,,statements=1002
1768291159898,htap,OLTP_BATCH,1,BATCH,57,,statements=1002
1768291159912,htap,OLTP_BATCH,4,BATCH,60,,statements=1002
1768291159915,htap,OLTP_BATCH,8,BATCH,73,,statements=1002
1768291159916,htap,OLTP_BATCH,7,BATCH,68,,statements=1002
1768291159918,htap,OLTP_BATCH,0,BATCH,66,,statements=1002
1768291159919,htap,OLTP_BATCH,2,BATCH,78,,statements=1002
1768291159920,htap,OLTP_BATCH,3,BATCH,65,,statements=1002
1768291159969,htap,OLTP_BATCH,6,BATCH,75,,statements=1002
1768291159971,htap,OLTP_BATCH,5,BATCH,87,,statements=1002
1768291159971,htap,OLTP_BATCH,9,BATCH,78,,statements=1002
1768291159973,htap,OLTP_BATCH,1,BATCH,73,,statements=1002
1768291159976,htap,OLTP_BATCH,4,BATCH,62,,statements=1002
1768291159979,htap,OLTP_BATCH,7,BATCH,62,,statements=1002
1768291159979,htap,OLTP_BATCH,8,BATCH,62,,statements=1002
1768291159985,htap,OLTP_BATCH,2,BATCH,64,,statements=1002
1768291159985,htap,OLTP_BATCH,0,BATCH,65,,statements=1002
1768291159985,htap,OLTP_BATCH,3,BATCH,63,,statements=1002
1768291160037,htap,OLTP_BATCH,4,BATCH,59,,statements=1002
1768291160040,htap,OLTP_BATCH,9,BATCH,67,,statements=1002
1768291160040,htap,OLTP_BATCH,6,BATCH,69,,statements=1002
1768291160041,htap,OLTP_BATCH,5,BATCH,68,,statements=1002
1768291160041,htap,OLAP_QUERY,4,MAIN_OLAP,19,15644,
1768291160043,htap,OLTP_BATCH,8,BATCH,62,,statements=1002
1768291160044,htap,OLTP_BATCH,7,BATCH,63,,statements=1002
1768291160049,htap,OLTP_BATCH,1,BATCH,75,,statements=1002
1768291160050,htap,OLAP_QUERY,3,MAIN_OLAP,33,15644,
1768291160051,htap,OLTP_BATCH,2,BATCH,64,,statements=1002
1768291160051,htap,OLTP_BATCH,3,BATCH,63,,statements=1002
1768291160052,htap,OLTP_BATCH,0,BATCH,65,,statements=1002
1768291160102,htap,OLTP_BATCH,6,BATCH,60,,statements=1002
1768291160103,htap,OLTP_BATCH,4,BATCH,64,,statements=1002
1768291160110,htap,OLTP_BATCH,5,BATCH,67,,statements=1002
1768291160110,htap,OLTP_BATCH,7,BATCH,64,,statements=1002
1768291160111,htap,OLTP_BATCH,8,BATCH,66,,statements=1002
1768291160111,htap,OLTP_BATCH,1,BATCH,60,,statements=1002
1768291160113,htap,OLTP_BATCH,9,BATCH,71,,statements=1002
1768291160114,htap,OLTP_BATCH,0,BATCH,60,,statements=1002
1768291160115,htap,OLTP_BATCH,2,BATCH,62,,statements=1002
1768291160116,htap,OLTP_BATCH,3,BATCH,62,,statements=1002
1768291160128,htap,OLAP_QUERY,0,MAIN_OLAP,30,15717,
1768291160162,htap,OLTP_BATCH,6,BATCH,58,,statements=1002
1768291160169,htap,OLTP_BATCH,4,BATCH,64,,statements=1002
1768291160172,htap,OLTP_BATCH,9,BATCH,57,,statements=1002
1768291160174,htap,OLTP_BATCH,7,BATCH,62,,statements=1002
1768291160178,htap,OLTP_BATCH,2,BATCH,61,,statements=1002
1768291160178,htap,OLTP_BATCH,1,BATCH,64,,statements=1002
1768291160179,htap,OLTP_BATCH,8,BATCH,66,,statements=1002
1768291160184,htap,OLTP_BATCH,5,BATCH,72,,statements=1002
1768291160184,htap,OLTP_BATCH,3,BATCH,66,,statements=1002
1768291160186,htap,OLTP_BATCH,0,BATCH,71,,statements=1002
1768291160208,htap,OLAP_QUERY,2,MAIN_OLAP,36,15773,
1768291160232,htap,OLTP_BATCH,9,BATCH,59,,statements=1002
1768291160232,htap,OLTP_BATCH,6,BATCH,68,,statements=1002
1768291160233,htap,OLTP_BATCH,4,BATCH,62,,statements=1002
1768291160238,htap,OLTP_BATCH,8,BATCH,57,,statements=1002
1768291160238,htap,OLTP_BATCH,7,BATCH,62,,statements=1002
1768291160242,htap,OLTP_BATCH,2,BATCH,63,,statements=1002
1768291160243,htap,OLTP_BATCH,1,BATCH,62,,statements=1002
1768291160244,htap,OLTP_BATCH,5,BATCH,58,,statements=1002
1768291160249,htap,OLTP_BATCH,0,BATCH,62,,statements=1002
1768291160251,htap,OLTP_BATCH,3,BATCH,65,,statements=1002
1768291160297,htap,OLTP_BATCH,4,BATCH,62,,statements=1002
1768291160297,htap,OLTP_BATCH,6,BATCH,62,,statements=1002
1768291160302,htap,OLTP_BATCH,9,BATCH,68,,statements=1002
1768291160304,htap,OLTP_BATCH,7,BATCH,64,,statements=1002
1768291160304,htap,OLTP_BATCH,1,BATCH,59,,statements=1002
1768291160309,htap,OLTP_BATCH,8,BATCH,69,,statements=1002
1768291160310,htap,OLTP_BATCH,2,BATCH,66,,statements=1002
1768291160311,htap,OLTP_BATCH,0,BATCH,61,,statements=1002
1768291160312,htap,OLTP_BATCH,5,BATCH,66,,statements=1002
1768291160313,htap,OLTP_BATCH,3,BATCH,60,,statements=1002
1768291160358,htap,OLAP_QUERY,1,MAIN_OLAP,23,15967,
1768291160367,htap,OLTP_BATCH,6,BATCH,68,,statements=1002
1768291160368,htap,OLTP_BATCH,1,BATCH,61,,statements=1002
1768291160369,htap,OLTP_BATCH,9,BATCH,65,,statements=1002
1768291160374,htap,OLTP_BATCH,4,BATCH,75,,statements=1002
1768291160391,htap,OLTP_BATCH,7,BATCH,85,,statements=1002
1768291160392,htap,OLTP_BATCH,5,BATCH,76,,statements=1002
1768291160392,htap,OLTP_BATCH,2,BATCH,80,,statements=1002
1768291160392,htap,OLTP_BATCH,3,BATCH,76,,statements=1002
1768291160392,htap,OLTP_BATCH,0,BATCH,79,,statements=1002
1768291160392,htap,OLTP_BATCH,8,BATCH,81,,statements=1002
1768291160426,htap,OLTP_BATCH,9,BATCH,56,,statements=1002
1768291160432,htap,OLTP_BATCH,6,BATCH,63,,statements=1002
1768291160434,htap,OLTP_BATCH,4,BATCH,58,,statements=1002
1768291160443,htap,OLTP_BATCH,1,BATCH,73,,statements=1002
1768291160448,htap,OLTP_BATCH,3,BATCH,54,,statements=1002
1768291160456,htap,OLTP_BATCH,2,BATCH,62,,statements=1002
1768291160456,htap,OLTP_BATCH,8,BATCH,62,,statements=1002
1768291160457,htap,OLTP_BATCH,5,BATCH,63,,statements=1002
1768291160459,htap,OLTP_BATCH,0,BATCH,65,,statements=1002
1768291160464,htap,OLTP_BATCH,7,BATCH,70,,statements=1002
1768291160487,htap,OLTP_BATCH,9,BATCH,59,,statements=1002
1768291160496,htap,OLTP_BATCH,4,BATCH,60,,statements=1002
1768291160498,htap,OLTP_BATCH,6,BATCH,65,,statements=1002
1768291160504,htap,OLTP_BATCH,1,BATCH,60,,statements=1002
1768291160505,monitor,OLAP_FRESHNESS,-1,MONITOR_QUERY,0,16133,
1768291160511,htap,OLTP_BATCH,2,BATCH,54,,statements=1002
1768291160511,htap,OLTP_BATCH,3,BATCH,61,,statements=1002
1768291160515,htap,OLTP_BATCH,0,BATCH,54,,statements=1002
1768291160523,htap,OLTP_BATCH,8,BATCH,65,,statements=1002
1768291160526,htap,OLTP_BATCH,5,BATCH,67,,statements=1002
1768291160527,htap,OLTP_BATCH,7,BATCH,60,,statements=1002
1768291160551,htap,OLTP_BATCH,9,BATCH,62,,statements=1002
1768291160565,htap,OLTP_BATCH,4,BATCH,67,,statements=1002
1768291160566,htap,OLTP_BATCH,6,BATCH,67,,statements=1002
1768291160576,htap,OLTP_BATCH,1,BATCH,70,,statements=1002
1768291160576,htap,OLAP_QUERY,4,MAIN_OLAP,22,16178,
1768291160579,htap,OLTP_BATCH,2,BATCH,66,,statements=1002
1768291160585,htap,OLTP_BATCH,3,BATCH,71,,statements=1002
1768291160588,htap,OLAP_QUERY,3,MAIN_OLAP,30,16187,
1768291160589,htap,OLTP_BATCH,0,BATCH,72,,statements=1002
1768291160593,htap,OLTP_BATCH,8,BATCH,68,,statements=1002
1768291160595,htap,OLTP_BATCH,5,BATCH,67,,statements=1002
1768291160596,htap,OLTP_BATCH,7,BATCH,67,,statements=1002
1768291160624,htap,OLTP_BATCH,4,BATCH,57,,statements=1002
1768291160631,htap,OLTP_BATCH,6,BATCH,63,,statements=1002
1768291160633,htap,OLTP_BATCH,9,BATCH,80,,statements=1002
1768291160644,htap,OLTP_BATCH,2,BATCH,64,,statements=1002
1768291160651,htap,OLTP_BATCH,1,BATCH,73,,statements=1002
1768291160653,htap,OLTP_BATCH,3,BATCH,67,,statements=1002
1768291160653,htap,OLTP_BATCH,0,BATCH,62,,statements=1002
1768291160657,htap,OLTP_BATCH,8,BATCH,62,,statements=1002
1768291160660,htap,OLTP_BATCH,7,BATCH,62,,statements=1002
1768291160667,htap,OLTP_BATCH,5,BATCH,70,,statements=1002
1768291160670,htap,OLAP_QUERY,0,MAIN_OLAP,24,16265,
1768291160691,htap,OLTP_BATCH,6,BATCH,58,,statements=1002
1768291160701,htap,OLTP_BATCH,9,BATCH,66,,statements=1002
1768291160704,htap,OLTP_BATCH,4,BATCH,78,,statements=1002
1768291160712,htap,OLTP_BATCH,2,BATCH,65,,statements=1002
1768291160720,htap,OLTP_BATCH,1,BATCH,67,,statements=1002
1768291160725,htap,OLTP_BATCH,3,BATCH,70,,statements=1002
1768291160726,htap,OLTP_BATCH,0,BATCH,71,,statements=1002
1768291160729,htap,OLTP_BATCH,8,BATCH,71,,statements=1002
1768291160739,htap,OLTP_BATCH,5,BATCH,70,,statements=1002
1768291160740,htap,OLAP_QUERY,2,MAIN_OLAP,23,16250,
1768291160742,htap,OLTP_BATCH,7,BATCH,80,,statements=1002
1768291160752,htap,OLTP_BATCH,6,BATCH,59,,statements=1002
1768291160760,htap,OLTP_BATCH,4,BATCH,54,,statements=1002
1768291160762,htap,OLTP_BATCH,9,BATCH,58,,statements=1002
1768291160771,htap,OLTP_BATCH,2,BATCH,57,,statements=1002
1768291160780,htap,OLTP_BATCH,1,BATCH,58,,statements=1002
1768291160787,htap,OLTP_BATCH,0,BATCH,59,,statements=1002
1768291160793,htap,OLTP_BATCH,3,BATCH,66,,statements=1002
1768291160795,htap,OLTP_BATCH,8,BATCH,64,,statements=1002
1768291160796,htap,OLTP_BATCH,5,BATCH,55,,statements=1002
1768291160813,htap,OLTP_BATCH,6,BATCH,59,,statements=1002
1768291160813,htap,OLTP_BATCH,7,BATCH,69,,statements=1002
1768291160837,htap,OLTP_BATCH,4,BATCH,75,,statements=1002
1768291160838,htap,OLTP_BATCH,2,BATCH,65,,statements=1002
1768291160840,htap,OLTP_BATCH,9,BATCH,76,,statements=1002
1768291160846,htap,OLTP_BATCH,1,BATCH,64,,statements=1002
1768291160852,htap,OLTP_BATCH,0,BATCH,62,,statements=1002
1768291160854,htap,OLTP_BATCH,3,BATCH,59,,statements=1002
1768291160858,htap,OLTP_BATCH,5,BATCH,60,,statements=1002
1768291160858,htap,OLTP_BATCH,8,BATCH,61,,statements=1002
1768291160873,htap,OLTP_BATCH,7,BATCH,57,,statements=1002
1768291160873,htap,OLTP_BATCH,6,BATCH,58,,statements=1002
1768291160897,htap,OLAP_QUERY,1,MAIN_OLAP,30,16400,
1768291160899,htap,OLTP_BATCH,9,BATCH,57,,statements=1002
1768291160903,htap,OLTP_BATCH,2,BATCH,63,,statements=1002
1768291160906,htap,OLTP_BATCH,4,BATCH,66,,statements=1002
1768291160915,htap,OLTP_BATCH,1,BATCH,67,,statements=1002
1768291160922,htap,OLTP_BATCH,5,BATCH,62,,statements=1002
1768291160924,htap,OLTP_BATCH,8,BATCH,64,,statements=1002
1768291160925,htap,OLTP_BATCH,3,BATCH,69,,statements=1002
1768291160926,htap,OLTP_BATCH,0,BATCH,72,,statements=1002
1768291160942,htap,OLTP_BATCH,6,BATCH,65,,statements=1002
1768291160942,htap,OLTP_BATCH,7,BATCH,65,,statements=1002
1768291160962,htap,OLTP_BATCH,9,BATCH,61,,statements=1002
1768291160979,htap,OLTP_BATCH,4,BATCH,71,,statements=1002
1768291160979,htap,OLTP_BATCH,1,BATCH,62,,statements=1002
1768291160983,htap,OLTP_BATCH,5,BATCH,59,,statements=1002
1768291160986,htap,OLTP_BATCH,0,BATCH,58,,statements=1002
1768291160986,htap,OLTP_BATCH,2,BATCH,81,,statements=1002
1768291160989,htap,OLTP_BATCH,3,BATCH,63,,statements=1002
1768291160991,htap,OLTP_BATCH,8,BATCH,65,,statements=1002
1768291161003,htap,OLTP_BATCH,6,BATCH,59,,statements=1002
1768291161011,htap,OLTP_BATCH,7,BATCH,67,,statements=1002
1768291161032,htap,OLTP_BATCH,9,BATCH,68,,statements=1002
1768291161045,htap,OLTP_BATCH,5,BATCH,60,,statements=1002
1768291161049,htap,OLTP_BATCH,4,BATCH,68,,statements=1002
1768291161050,htap,OLTP_BATCH,2,BATCH,63,,statements=1002
1768291161051,htap,OLTP_BATCH,3,BATCH,60,,statements=1002
1768291161054,htap,OLTP_BATCH,0,BATCH,67,,statements=1002
1768291161056,htap,OLTP_BATCH,8,BATCH,64,,statements=1002
1768291161057,htap,OLTP_BATCH,1,BATCH,76,,statements=1002
1768291161069,htap,OLTP_BATCH,6,BATCH,65,,statements=1002
1768291161078,htap,OLTP_BATCH,7,BATCH,65,,statements=1002
1768291161087,htap,OLTP_BATCH,9,BATCH,54,,statements=1002
1768291161114,htap,OLTP_BATCH,2,BATCH,62,,statements=1002
1768291161115,htap,OLTP_BATCH,5,BATCH,67,,statements=1002
1768291161117,htap,OLTP_BATCH,1,BATCH,58,,statements=1002
1768291161117,htap,OLTP_BATCH,4,BATCH,66,,statements=1002
1768291161117,htap,OLTP_BATCH,3,BATCH,63,,statements=1002
1768291161120,htap,OLTP_BATCH,8,BATCH,61,,statements=1002
1768291161122,htap,OLAP_QUERY,4,MAIN_OLAP,36,16618,
1768291161124,htap,OLAP_QUERY,3,MAIN_OLAP,26,16633,
1768291161135,htap,OLTP_BATCH,0,BATCH,79,,statements=1002
1768291161135,htap,OLTP_BATCH,6,BATCH,64,,statements=1002
1768291161144,htap,OLTP_BATCH,7,BATCH,64,,statements=1002
1768291161149,htap,OLTP_BATCH,9,BATCH,60,,statements=1002
1768291161179,htap,OLTP_BATCH,3,BATCH,60,,statements=1002
1768291161180,htap,OLTP_BATCH,4,BATCH,61,,statements=1002
1768291161180,htap,OLTP_BATCH,5,BATCH,63,,statements=1002
1768291161185,htap,OLTP_BATCH,8,BATCH,63,,statements=1002
1768291161187,htap,OLTP_BATCH,2,BATCH,72,,statements=1002
1768291161188,htap,OLTP_BATCH,1,BATCH,69,,statements=1002
1768291161202,htap,OLTP_BATCH,0,BATCH,64,,statements=1002
1768291161202,htap,OLTP_BATCH,6,BATCH,64,,statements=1002
1768291161204,htap,OLAP_QUERY,0,MAIN_OLAP,25,16712,
1768291161207,htap,OLTP_BATCH,9,BATCH,56,,statements=1002
1768291161212,htap,OLTP_BATCH,7,BATCH,65,,statements=1002
1768291161247,htap,OLTP_BATCH,5,BATCH,65,,statements=1002
1768291161250,htap,OLTP_BATCH,4,BATCH,68,,statements=1002
1768291161251,htap,OLTP_BATCH,3,BATCH,70,,statements=1002
1768291161251,htap,OLTP_BATCH,2,BATCH,62,,statements=1002
1768291161251,htap,OLTP_BATCH,8,BATCH,64,,statements=1002
1768291161254,htap,OLTP_BATCH,1,BATCH,64,,statements=1002
1768291161272,htap,OLAP_QUERY,2,MAIN_OLAP,28,16782,
1768291161282,htap,OLTP_BATCH,0,BATCH,78,,statements=1002
1768291161283,htap,OLTP_BATCH,7,BATCH,69,,statements=1002
1768291161283,htap,OLTP_BATCH,6,BATCH,80,,statements=1002
1768291161283,htap,OLTP_BATCH,9,BATCH,74,,statements=1002
1768291161312,htap,OLTP_BATCH,2,BATCH,59,,statements=1002
1768291161313,htap,OLTP_BATCH,4,BATCH,61,,statements=1002
1768291161314,htap,OLTP_BATCH,5,BATCH,65,,statements=1002
1768291161317,htap,OLTP_BATCH,3,BATCH,64,,statements=1002
1768291161317,htap,OLTP_BATCH,1,BATCH,61,,statements=1002
1768291161335,htap,OLTP_BATCH,8,BATCH,81,,statements=1002
1768291161343,htap,OLTP_BATCH,0,BATCH,59,,statements=1002
1768291161350,htap,OLTP_BATCH,6,BATCH,65,,statements=1002
1768291161356,htap,OLTP_BATCH,7,BATCH,71,,statements=1002
1768291161358,htap,OLTP_BATCH,9,BATCH,74,,statements=1002
1768291161374,htap,OLTP_BATCH,2,BATCH,60,,statements=1002
1768291161376,htap,OLTP_BATCH,5,BATCH,60,,statements=1002
1768291161383,htap,OLTP_BATCH,1,BATCH,64,,statements=1002
1768291161383,htap,OLTP_BATCH,3,BATCH,65,,statements=1002
1768291161388,htap,OLTP_BATCH,4,BATCH,72,,statements=1002
1768291161401,htap,OLTP_BATCH,8,BATCH,64,,statements=1002
1768291161412,htap,OLTP_BATCH,6,BATCH,60,,statements=1002
1768291161416,htap,OLTP_BATCH,0,BATCH,71,,statements=1002
1768291161418,htap,OLTP_BATCH,9,BATCH,59,,statements=1002
1768291161421,htap,OLTP_BATCH,7,BATCH,63,,statements=1002
1768291161428,htap,OLAP_QUERY,1,MAIN_OLAP,26,16939,
1768291161443,htap,OLTP_BATCH,2,BATCH,67,,statements=1002
1768291161443,htap,OLTP_BATCH,4,BATCH,54,,statements=1002
1768291161445,htap,OLTP_BATCH,1,BATCH,60,,statements=1002
1768291161449,htap,OLTP_BATCH,3,BATCH,64,,statements=1002
1768291161449,htap,OLTP_BATCH,5,BATCH,71,,statements=1002
1768291161468,htap,OLTP_BATCH,8,BATCH,65,,statements=1002
1768291161475,htap,OLTP_BATCH,9,BATCH,56,,statements=1002
1768291161478,htap,OLTP_BATCH,0,BATCH,60,,statements=1002
1768291161482,htap,OLTP_BATCH,6,BATCH,68,,statements=1002
1768291161486,htap,OLTP_BATCH,7,BATCH,63,,statements=1002
1768291161502,htap,OLTP_BATCH,2,BATCH,58,,statements=1002
1768291161505,htap,OLTP_BATCH,4,BATCH,60,,statements=1002
1768291161510,htap,OLTP_BATCH,1,BATCH,63,,statements=1002
1768291161514,monitor,OLAP_FRESHNESS,-1,MONITOR_QUERY,0,16941,
1768291161515,htap,OLTP_BATCH,5,BATCH,64,,statements=1002
1768291161520,htap,OLTP_BATCH,3,BATCH,70,,statements=1002
1768291161532,htap,OLTP_BATCH,8,BATCH,62,,statements=1002
1768291161541,htap,OLTP_BATCH,9,BATCH,64,,statements=1002
1768291161544,htap,OLTP_BATCH,0,BATCH,64,,statements=1002
1768291161545,htap,OLTP_BATCH,6,BATCH,61,,statements=1002
1768291161556,htap,OLTP_BATCH,7,BATCH,67,,statements=1002
1768291161567,htap,OLTP_BATCH,2,BATCH,63,,statements=1002
1768291161569,htap,OLTP_BATCH,4,BATCH,62,,statements=1002
1768291161569,htap,OLTP_BATCH,1,BATCH,58,,statements=1002
1768291161580,htap,OLTP_BATCH,5,BATCH,63,,statements=1002
1768291161583,htap,OLTP_BATCH,3,BATCH,61,,statements=1002
1768291161597,htap,OLTP_BATCH,9,BATCH,54,,statements=1002
1768291161601,htap,OLTP_BATCH,8,BATCH,67,,statements=1002
1768291161606,htap,OLTP_BATCH,0,BATCH,59,,statements=1002
1768291161607,htap,OLTP_BATCH,6,BATCH,60,,statements=1002
1768291161622,htap,OLTP_BATCH,7,BATCH,64,,statements=1002
1768291161626,htap,OLTP_BATCH,2,BATCH,56,,statements=1002
1768291161633,htap,OLTP_BATCH,1,BATCH,62,,statements=1002
1768291161636,htap,OLTP_BATCH,4,BATCH,66,,statements=1002
1768291161638,htap,OLTP_BATCH,5,BATCH,56,,statements=1002
1768291161666,htap,OLTP_BATCH,9,BATCH,66,,statements=1002
1768291161668,htap,OLAP_QUERY,3,MAIN_OLAP,32,17061,
1768291161672,htap,OLTP_BATCH,8,BATCH,69,,statements=1002
1768291161674,htap,OLTP_BATCH,0,BATCH,66,,statements=1002
1768291161675,htap,OLTP_BATCH,3,BATCH,90,,statements=1002
1768291161677,htap,OLAP_QUERY,4,MAIN_OLAP,42,17058,
1768291161682,htap,OLTP_BATCH,6,BATCH,73,,statements=1002
1768291161704,htap,OLTP_BATCH,7,BATCH,80,,statements=1002
1768291161705,htap,OLTP_BATCH,4,BATCH,67,,statements=1002
1768291161705,htap,OLTP_BATCH,2,BATCH,78,,statements=1002
1768291161705,htap,OLTP_BATCH,1,BATCH,70,,statements=1002
1768291161709,htap,OLTP_BATCH,5,BATCH,70,,statements=1002
1768291161725,htap,OLTP_BATCH,9,BATCH,57,,statements=1002
1768291161733,htap,OLTP_BATCH,0,BATCH,57,,statements=1002
1768291161735,htap,OLTP_BATCH,8,BATCH,62,,statements=1002
1768291161736,htap,OLTP_BATCH,3,BATCH,59,,statements=1002
1768291161742,htap,OLTP_BATCH,6,BATCH,58,,statements=1002
1768291161760,htap,OLAP_QUERY,0,MAIN_OLAP,36,17140,
1768291161766,htap,OLTP_BATCH,4,BATCH,59,,statements=1002
1768291161769,htap,OLTP_BATCH,2,BATCH,62,,statements=1002
1768291161772,htap,OLTP_BATCH,7,BATCH,66,,statements=1002
1768291161773,htap,OLTP_BATCH,1,BATCH,67,,statements=1002
1768291161775,htap,OLTP_BATCH,5,BATCH,64,,statements=1002
1768291161784,htap,OLTP_BATCH,9,BATCH,58,,statements=1002
1768291161796,htap,OLTP_BATCH,3,BATCH,58,,statements=1002
1768291161796,htap,OLTP_BATCH,0,BATCH,62,,statements=1002
1768291161799,htap,OLTP_BATCH,8,BATCH,62,,statements=1002
1768291161802,htap,OLAP_QUERY,2,MAIN_OLAP,18,17208,
1768291161810,htap,OLTP_BATCH,6,BATCH,66,,statements=1002
1768291161829,htap,OLTP_BATCH,4,BATCH,62,,statements=1002
1768291161835,htap,OLTP_BATCH,7,BATCH,60,,statements=1002
1768291161838,htap,OLTP_BATCH,2,BATCH,68,,statements=1002
1768291161842,htap,OLTP_BATCH,1,BATCH,67,,statements=1002
1768291161846,htap,OLTP_BATCH,9,BATCH,60,,statements=1002
1768291161853,htap,OLTP_BATCH,5,BATCH,76,,statements=1002
1768291161857,htap,OLTP_BATCH,0,BATCH,59,,statements=1002
1768291161863,htap,OLTP_BATCH,8,BATCH,62,,statements=1002
1768291161870,htap,OLTP_BATCH,3,BATCH,72,,statements=1002
1768291161879,htap,OLTP_BATCH,6,BATCH,67,,statements=1002
1768291161891,htap,OLTP_BATCH,7,BATCH,55,,statements=1002
1768291161907,htap,OLTP_BATCH,4,BATCH,76,,statements=1002
1768291161908,htap,OLTP_BATCH,9,BATCH,60,,statements=1002
1768291161908,htap,OLTP_BATCH,1,BATCH,64,,statements=1002
1768291161911,htap,OLTP_BATCH,2,BATCH,71,,statements=1002
1768291161914,htap,OLTP_BATCH,0,BATCH,55,,statements=1002
1768291161916,htap,OLTP_BATCH,5,BATCH,61,,statements=1002
1768291161924,htap,OLTP_BATCH,8,BATCH,59,,statements=1002
1768291161941,htap,OLTP_BATCH,6,BATCH,60,,statements=1002
1768291161951,htap,OLTP_BATCH,3,BATCH,79,,statements=1002
1768291161957,htap,OLTP_BATCH,7,BATCH,64,,statements=1002
1768291161957,htap,OLAP_QUERY,1,MAIN_OLAP,25,17364,
1768291161975,htap,OLTP_BATCH,5,BATCH,58,,statements=1002
1768291161975,htap,OLTP_BATCH,4,BATCH,66,,statements=1002
1768291161978,htap,OLTP_BATCH,1,BATCH,69,,statements=1002
1768291161979,htap,OLTP_BATCH,9,BATCH,69,,statements=1002
1768291161981,htap,OLTP_BATCH,2,BATCH,68,,statements=1002
1768291161989,htap,OLTP_BATCH,8,BATCH,63,,statements=1002
1768291161989,htap,OLTP_BATCH,0,BATCH,73,,statements=1002
1768291162012,htap,OLTP_BATCH,6,BATCH,69,,statements=1002
1768291162025,htap,OLTP_BATCH,7,BATCH,66,,statements=1002
1768291162025,htap,OLTP_BATCH,3,BATCH,72,,statements=1002
1768291162040,htap,OLTP_BATCH,1,BATCH,60,,statements=1002
1768291162041,htap,OLTP_BATCH,9,BATCH,60,,statements=1002
1768291162042,htap,OLTP_BATCH,2,BATCH,59,,statements=1002
1768291162045,htap,OLTP_BATCH,8,BATCH,54,,statements=1002
1768291162049,htap,OLTP_BATCH,4,BATCH,69,,statements=1002
1768291162050,htap,OLTP_BATCH,5,BATCH,71,,statements=1002
1768291162051,htap,OLTP_BATCH,0,BATCH,60,,statements=1002
1768291162079,htap,OLTP_BATCH,6,BATCH,65,,statements=1002
1768291162085,htap,OLTP_BATCH,7,BATCH,58,,statements=1002
1768291162089,htap,OLTP_BATCH,3,BATCH,62,,statements=1002
1768291162099,htap,OLTP_BATCH,9,BATCH,56,,statements=1002
1768291162100,htap,OLTP_BATCH,1,BATCH,58,,statements=1002
1768291162107,htap,OLTP_BATCH,2,BATCH,63,,statements=1002
1768291162108,htap,OLTP_BATCH,8,BATCH,61,,statements=1002
1768291162109,htap,OLTP_BATCH,5,BATCH,57,,statements=1002
1768291162111,htap,OLTP_BATCH,4,BATCH,60,,statements=1002
1768291162111,htap,OLTP_BATCH,0,BATCH,58,,statements=1002
1768291162162,htap,OLTP_BATCH,6,BATCH,81,,statements=1002
1768291162163,htap,OLTP_BATCH,9,BATCH,62,,statements=1002
1768291162163,htap,OLTP_BATCH,3,BATCH,72,,statements=1002
1768291162163,htap,OLTP_BATCH,7,BATCH,77,,statements=1002
1768291162170,htap,OLTP_BATCH,1,BATCH,68,,statements=1002
1768291162171,htap,OLTP_BATCH,2,BATCH,62,,statements=1002
1768291162175,htap,OLTP_BATCH,8,BATCH,65,,statements=1002
1768291162178,htap,OLTP_BATCH,4,BATCH,65,,statements=1002
1768291162179,htap,OLTP_BATCH,0,BATCH,66,,statements=1002
1768291162179,htap,OLTP_BATCH,5,BATCH,68,,statements=1002
1768291162216,htap,OLAP_QUERY,4,MAIN_OLAP,31,17613,
1768291162225,htap,OLAP_QUERY,3,MAIN_OLAP,41,17604,
1768291162228,htap,OLTP_BATCH,9,BATCH,63,,statements=1002
1768291162230,htap,OLTP_BATCH,3,BATCH,65,,statements=1002
1768291162235,htap,OLTP_BATCH,6,BATCH,70,,statements=1002
1768291162241,htap,OLTP_BATCH,2,BATCH,68,,statements=1002
1768291162243,htap,OLTP_BATCH,1,BATCH,71,,statements=1002
1768291162245,htap,OLTP_BATCH,8,BATCH,68,,statements=1002
1768291162248,htap,OLTP_BATCH,4,BATCH,68,,statements=1002
1768291162251,htap,OLTP_BATCH,7,BATCH,86,,statements=1002
1768291162251,htap,OLTP_BATCH,0,BATCH,70,,statements=1002
1768291162253,htap,OLTP_BATCH,5,BATCH,72,,statements=1002
1768291162297,htap,OLTP_BATCH,9,BATCH,66,,statements=1002
1768291162301,htap,OLTP_BATCH,3,BATCH,70,,statements=1002
1768291162312,htap,OLTP_BATCH,6,BATCH,75,,statements=1002
1768291162312,htap,OLTP_BATCH,2,BATCH,69,,statements=1002
1768291162312,htap,OLTP_BATCH,8,BATCH,65,,statements=1002
1768291162313,htap,OLAP_QUERY,0,MAIN_OLAP,32,17598,
1768291162313,htap,OLTP_BATCH,1,BATCH,66,,statements=1002
1768291162318,htap,OLTP_BATCH,4,BATCH,68,,statements=1002
1768291162324,htap,OLTP_BATCH,7,BATCH,72,,statements=1002
1768291162325,htap,OLTP_BATCH,5,BATCH,70,,statements=1002
1768291162325,htap,OLTP_BATCH,0,BATCH,73,,statements=1002
1768291162348,htap,OLAP_QUERY,2,MAIN_OLAP,30,17640,
1768291162362,htap,OLTP_BATCH,3,BATCH,59,,statements=1002
1768291162362,htap,OLTP_BATCH,9,BATCH,63,,statements=1002
1768291162376,htap,OLTP_BATCH,8,BATCH,61,,statements=1002
1768291162376,htap,OLTP_BATCH,2,BATCH,62,,statements=1002
1768291162378,htap,OLTP_BATCH,1,BATCH,64,,statements=1002
1768291162386,htap,OLTP_BATCH,4,BATCH,66,,statements=1002
1768291162386,htap,OLTP_BATCH,6,BATCH,71,,statements=1002
1768291162386,htap,OLTP_BATCH,7,BATCH,59,,statements=1002
1768291162391,htap,OLTP_BATCH,5,BATCH,64,,statements=1002
1768291162391,htap,OLTP_BATCH,0,BATCH,64,,statements=1002
1768291162430,htap,OLTP_BATCH,9,BATCH,66,,statements=1002
1768291162433,htap,OLTP_BATCH,2,BATCH,55,,statements=1002
1768291162435,htap,OLTP_BATCH,3,BATCH,71,,statements=1002
1768291162438,htap,OLTP_BATCH,8,BATCH,60,,statements=1002
1768291162442,htap,OLTP_BATCH,1,BATCH,63,,statements=1002
1768291162445,htap,OLTP_BATCH,7,BATCH,57,,statements=1002
1768291162450,htap,OLTP_BATCH,6,BATCH,62,,statements=1002
1768291162451,htap,OLTP_BATCH,4,BATCH,63,,statements=1002
1768291162454,htap,OLTP_BATCH,0,BATCH,61,,statements=1002
1768291162467,htap,OLTP_BATCH,5,BATCH,75,,statements=1002
1768291162493,htap,OLAP_QUERY,1,MAIN_OLAP,28,17795,
1768291162495,htap,OLTP_BATCH,9,BATCH,63,,statements=1002
1768291162502,htap,OLTP_BATCH,2,BATCH,66,,statements=1002
1768291162505,htap,OLTP_BATCH,3,BATCH,68,,statements=1002
1768291162506,htap,OLTP_BATCH,8,BATCH,66,,statements=1002
1768291162512,htap,OLTP_BATCH,7,BATCH,65,,statements=1002
1768291162513,htap,OLTP_BATCH,1,BATCH,69,,statements=1002
1768291162516,htap,OLTP_BATCH,6,BATCH,64,,statements=1002
1768291162520,htap,OLTP_BATCH,0,BATCH,64,,statements=1002
1768291162520,monitor,OLAP_FRESHNESS,-1,MONITOR_QUERY,0,17853,
1768291162530,htap,OLTP_BATCH,4,BATCH,77,,statements=1002
1768291162532,htap,OLTP_BATCH,5,BATCH,63,,statements=1002
1768291162561,htap,OLTP_BATCH,9,BATCH,65,,statements=1002
1768291162562,htap,OLTP_BATCH,2,BATCH,58,,statements=1002
1768291162596,htap,OLTP_BATCH,3,BATCH,90,,statements=1002
1768291162599,htap,OLTP_BATCH,1,BATCH,82,,statements=1002
1768291162599,htap,OLTP_BATCH,0,BATCH,77,,statements=1002
1768291162599,htap,OLTP_BATCH,8,BATCH,91,,statements=1002
1768291162599,htap,OLTP_BATCH,6,BATCH,82,,statements=1002
1768291162599,htap,OLTP_BATCH,7,BATCH,83,,statements=1002
1768291162603,htap,OLTP_BATCH,4,BATCH,72,,statements=1002
1768291162609,htap,OLTP_BATCH,5,BATCH,76,,statements=1002
1768291162624,htap,OLTP_BATCH,2,BATCH,60,,statements=1002
1768291162627,htap,OLTP_BATCH,9,BATCH,64,,statements=1002
1768291162655,htap,OLTP_BATCH,6,BATCH,54,,statements=1002
1768291162655,htap,OLTP_BATCH,0,BATCH,54,,statements=1002
1768291162663,htap,OLTP_BATCH,8,BATCH,62,,statements=1002
1768291162663,htap,OLTP_BATCH,3,BATCH,65,,statements=1002
1768291162668,htap,OLTP_BATCH,4,BATCH,63,,statements=1002
1768291162668,htap,OLTP_BATCH,7,BATCH,67,,statements=1002
1768291162669,htap,OLTP_BATCH,1,BATCH,68,,statements=1002
1768291162671,htap,OLTP_BATCH,5,BATCH,60,,statements=1002
1768291162689,htap,OLTP_BATCH,2,BATCH,63,,statements=1002
1768291162693,htap,OLTP_BATCH,9,BATCH,65,,statements=1002
1768291162722,htap,OLTP_BATCH,8,BATCH,57,,statements=1002
1768291162723,htap,OLTP_BATCH,6,BATCH,66,,statements=1002
1768291162723,htap,OLTP_BATCH,0,BATCH,65,,statements=1002
1768291162724,htap,OLTP_BATCH,3,BATCH,59,,statements=1002
1768291162726,htap,OLTP_BATCH,5,BATCH,54,,statements=1002
1768291162730,htap,OLTP_BATCH,4,BATCH,60,,statements=1002
1768291162732,htap,OLTP_BATCH,7,BATCH,61,,statements=1002
1768291162745,htap,OLTP_BATCH,1,BATCH,74,,statements=1002
1768291162751,htap,OLAP_QUERY,3,MAIN_OLAP,22,18063,
1768291162756,htap,OLTP_BATCH,2,BATCH,64,,statements=1002
1768291162757,htap,OLTP_BATCH,9,BATCH,62,,statements=1002
1768291162766,htap,OLAP_QUERY,4,MAIN_OLAP,33,18054,
1768291162789,htap,OLTP_BATCH,3,BATCH,64,,statements=1002
1768291162797,htap,OLTP_BATCH,8,BATCH,74,,statements=1002
1768291162797,htap,OLTP_BATCH,7,BATCH,63,,statements=1002
1768291162798,htap,OLTP_BATCH,6,BATCH,73,,statements=1002
1768291162803,htap,OLTP_BATCH,5,BATCH,75,,statements=1002
1768291162806,htap,OLTP_BATCH,4,BATCH,74,,statements=1002
1768291162806,htap,OLTP_BATCH,0,BATCH,81,,statements=1002
1768291162809,htap,OLTP_BATCH,1,BATCH,62,,statements=1002
1768291162833,htap,OLTP_BATCH,9,BATCH,74,,statements=1002
1768291162838,htap,OLTP_BATCH,2,BATCH,80,,statements=1002
1768291162842,htap,OLAP_QUERY,0,MAIN_OLAP,24,18151,
1768291162857,htap,OLTP_BATCH,3,BATCH,66,,statements=1002
1768291162862,htap,OLTP_BATCH,7,BATCH,63,,statements=1002
1768291162868,htap,OLTP_BATCH,8,BATCH,69,,statements=1002
1768291162870,htap,OLTP_BATCH,1,BATCH,59,,statements=1002
1768291162873,htap,OLTP_BATCH,6,BATCH,73,,statements=1002
1768291162873,htap,OLTP_BATCH,0,BATCH,65,,statements=1002
1768291162875,htap,OLTP_BATCH,4,BATCH,67,,statements=1002
1768291162876,htap,OLTP_BATCH,5,BATCH,71,,statements=1002
1768291162878,htap,OLAP_QUERY,2,MAIN_OLAP,23,18186,
1768291162901,htap,OLTP_BATCH,9,BATCH,66,,statements=1002
1768291162904,htap,OLTP_BATCH,2,BATCH,63,,statements=1002
1768291162918,htap,OLTP_BATCH,3,BATCH,60,,statements=1002
1768291162928,htap,OLTP_BATCH,1,BATCH,57,,statements=1002
1768291162931,htap,OLTP_BATCH,0,BATCH,57,,statements=1002
1768291162934,htap,OLTP_BATCH,5,BATCH,56,,statements=1002
1768291162934,htap,OLTP_BATCH,8,BATCH,65,,statements=1002
1768291162938,htap,OLTP_BATCH,6,BATCH,63,,statements=1002
1768291162943,htap,OLTP_BATCH,4,BATCH,66,,statements=1002
1768291162950,htap,OLTP_BATCH,7,BATCH,86,,statements=1002
1768291162973,htap,OLTP_BATCH,9,BATCH,69,,statements=1002
1768291162979,htap,OLTP_BATCH,2,BATCH,73,,statements=1002
1768291162985,htap,OLTP_BATCH,3,BATCH,65,,statements=1002
1768291162992,htap,OLTP_BATCH,1,BATCH,62,,statements=1002
1768291162996,htap,OLTP_BATCH,5,BATCH,61,,statements=1002
1768291163002,htap,OLTP_BATCH,8,BATCH,66,,statements=1002
1768291163005,htap,OLTP_BATCH,0,BATCH,72,,statements=1002
1768291163005,htap,OLTP_BATCH,6,BATCH,65,,statements=1002
1768291163012,htap,OLTP_BATCH,4,BATCH,67,,statements=1002
1768291163018,htap,OLAP_QUERY,1,MAIN_OLAP,20,18331,
1768291163021,htap,OLTP_BATCH,7,BATCH,69,,statements=1002
1768291163053,htap,OLTP_BATCH,9,BATCH,78,,statements=1002
1768291163053,htap,OLTP_BATCH,2,BATCH,72,,statements=1002
1768291163053,htap,OLTP_BATCH,3,BATCH,65,,statements=1002
1768291163059,htap,OLTP_BATCH,1,BATCH,65,,statements=1002
1768291163061,htap,OLTP_BATCH,5,BATCH,63,,statements=1002
1768291163063,htap,OLTP_BATCH,6,BATCH,55,,statements=1002
1768291163068,htap,OLTP_BATCH,8,BATCH,64,,statements=1002
1768291163074,htap,OLTP_BATCH,4,BATCH,59,,statements=1002
1768291163078,htap,OLTP_BATCH,0,BATCH,71,,statements=1002
1768291163087,htap,OLTP_BATCH,7,BATCH,63,,statements=1002
1768291163120,htap,OLTP_BATCH,9,BATCH,65,,statements=1002
1768291163124,htap,OLTP_BATCH,2,BATCH,69,,statements=1002
1768291163126,htap,OLTP_BATCH,3,BATCH,71,,statements=1002
1768291163128,htap,OLTP_BATCH,1,BATCH,66,,statements=1002
1768291163129,htap,OLTP_BATCH,6,BATCH,65,,statements=1002
1768291163130,htap,OLTP_BATCH,5,BATCH,67,,statements=1002
1768291163132,htap,OLTP_BATCH,8,BATCH,60,,statements=1002
1768291163145,htap,OLTP_BATCH,4,BATCH,69,,statements=1002
1768291163146,htap,OLTP_BATCH,0,BATCH,66,,statements=1002
1768291163152,htap,OLTP_BATCH,7,BATCH,63,,statements=1002
1768291163189,htap,OLTP_BATCH,1,BATCH,59,,statements=1002
1768291163191,htap,OLTP_BATCH,9,BATCH,69,,statements=1002
1768291163192,htap,OLTP_BATCH,2,BATCH,65,,statements=1002
1768291163196,htap,OLTP_BATCH,3,BATCH,68,,statements=1002
1768291163201,htap,OLTP_BATCH,8,BATCH,67,,statements=1002
1768291163204,htap,OLTP_BATCH,5,BATCH,72,,statements=1002
1768291163210,htap,OLTP_BATCH,6,BATCH,79,,statements=1002
1768291163216,htap,OLTP_BATCH,4,BATCH,68,,statements=1002
1768291163218,htap,OLTP_BATCH,7,BATCH,64,,statements=1002
1768291163226,htap,OLTP_BATCH,0,BATCH,78,,statements=1002
1768291163254,htap,OLTP_BATCH,1,BATCH,62,,statements=1002
1768291163256,htap,OLTP_BATCH,2,BATCH,62,,statements=1002
1768291163259,htap,OLTP_BATCH,9,BATCH,66,,statements=1002
1768291163265,htap,OLTP_BATCH,3,BATCH,67,,statements=1002
1768291163268,htap,OLTP_BATCH,5,BATCH,62,,statements=1002
1768291163276,htap,OLTP_BATCH,6,BATCH,64,,statements=1002
1768291163280,htap,OLTP_BATCH,8,BATCH,77,,statements=1002
1768291163285,htap,OLTP_BATCH,4,BATCH,67,,statements=1002
1768291163289,htap,OLTP_BATCH,7,BATCH,69,,statements=1002
1768291163300,htap,OLTP_BATCH,0,BATCH,71,,statements=1002
1768291163311,htap,OLAP_QUERY,3,MAIN_OLAP,25,18512,
1768291163311,htap,OLAP_QUERY,4,MAIN_OLAP,35,18526,
1768291163326,htap,OLTP_BATCH,9,BATCH,65,,statements=1002
1768291163327,htap,OLTP_BATCH,1,BATCH,71,,statements=1002
1768291163332,htap,OLTP_BATCH,3,BATCH,65,,statements=1002
1768291163334,htap,OLTP_BATCH,2,BATCH,76,,statements=1002
1768291163343,htap,OLTP_BATCH,8,BATCH,61,,statements=1002
1768291163343,htap,OLTP_BATCH,5,BATCH,73,,statements=1002
1768291163351,htap,OLTP_BATCH,6,BATCH,73,,statements=1002
1768291163356,htap,OLTP_BATCH,4,BATCH,69,,statements=1002
1768291163360,htap,OLTP_BATCH,7,BATCH,69,,statements=1002
1768291163371,htap,OLTP_BATCH,0,BATCH,70,,statements=1002
1768291163393,htap,OLAP_QUERY,0,MAIN_OLAP,26,18603,
1768291163393,htap,OLTP_BATCH,1,BATCH,64,,statements=1002
1768291163394,htap,OLTP_BATCH,9,BATCH,67,,statements=1002
1768291163400,htap,OLTP_BATCH,3,BATCH,66,,statements=1002
1768291163409,htap,OLTP_BATCH,2,BATCH,73,,statements=1002
1768291163411,htap,OLTP_BATCH,5,BATCH,67,,statements=1002
1768291163417,htap,OLTP_BATCH,8,BATCH,72,,statements=1002
1768291163418,htap,OLAP_QUERY,2,MAIN_OLAP,35,18638,
1768291163418,htap,OLTP_BATCH,6,BATCH,65,,statements=1002
1768291163423,htap,OLTP_BATCH,4,BATCH,65,,statements=1002
1768291163432,htap,OLTP_BATCH,7,BATCH,70,,statements=1002
1768291163456,htap,OLTP_BATCH,0,BATCH,83,,statements=1002
1768291163458,htap,OLTP_BATCH,1,BATCH,63,,statements=1002
1768291163466,htap,OLTP_BATCH,9,BATCH,70,,statements=1002
1768291163467,htap,OLTP_BATCH,3,BATCH,65,,statements=1002
1768291163478,htap,OLTP_BATCH,5,BATCH,65,,statements=1002
1768291163500,htap,OLTP_BATCH,2,BATCH,89,,statements=1002
1768291163500,htap,OLTP_BATCH,4,BATCH,76,,statements=1002
1768291163500,htap,OLTP_BATCH,6,BATCH,80,,statements=1002
1768291163500,htap,OLTP_BATCH,8,BATCH,81,,statements=1002
1768291163509,htap,OLTP_BATCH,7,BATCH,75,,statements=1002
1768291163533,htap,OLTP_BATCH,1,BATCH,73,,statements=1002
1768291163539,htap,OLTP_BATCH,0,BATCH,77,,statements=1002
1768291163540,htap,OLTP_BATCH,9,BATCH,70,,statements=1002
1768291163544,monitor,OLAP_FRESHNESS,-1,MONITOR_QUERY,0,18780,
1768291163552,htap,OLAP_QUERY,1,MAIN_OLAP,30,18778,
1768291163555,htap,OLTP_BATCH,5,BATCH,75,,statements=1002
1768291163556,htap,OLTP_BATCH,3,BATCH,88,,statements=1002
1768291163569,htap,OLTP_BATCH,2,BATCH,67,,statements=1002
1768291163569,htap,OLTP_BATCH,8,BATCH,66,,statements=1002
1768291163570,htap,OLTP_BATCH,4,BATCH,67,,statements=1002
1768291163573,htap,OLTP_BATCH,6,BATCH,70,,statements=1002
1768291163579,htap,OLTP_BATCH,7,BATCH,68,,statements=1002
1768291163600,htap,OLTP_BATCH,1,BATCH,64,,statements=1002
1768291163604,htap,OLTP_BATCH,0,BATCH,62,,statements=1002
1768291163608,htap,OLTP_BATCH,9,BATCH,66,,statements=1002
1768291163617,htap,OLTP_BATCH,5,BATCH,59,,statements=1002
1768291163620,htap,OLTP_BATCH,3,BATCH,62,,statements=1002
1768291163634,htap,OLTP_BATCH,8,BATCH,62,,statements=1002
1768291163635,htap,OLTP_BATCH,4,BATCH,62,,statements=1002
1768291163635,htap,OLTP_BATCH,6,BATCH,60,,statements=1002
1768291163637,htap,OLTP_BATCH,2,BATCH,66,,statements=1002
1768291163641,htap,OLTP_BATCH,7,BATCH,60,,statements=1002
1768291163661,htap,OLTP_BATCH,1,BATCH,58,,statements=1002
1768291163671,htap,OLTP_BATCH,0,BATCH,66,,statements=1002
1768291163672,htap,OLTP_BATCH,9,BATCH,63,,statements=1002
1768291163677,htap,OLTP_BATCH,5,BATCH,59,,statements=1002
1768291163687,htap,OLTP_BATCH,3,BATCH,65,,statements=1002
1768291163694,htap,OLTP_BATCH,8,BATCH,58,,statements=1002
1768291163698,htap,OLTP_BATCH,4,BATCH,61,,statements=1002
1768291163703,htap,OLTP_BATCH,6,BATCH,65,,statements=1002
1768291163704,htap,OLTP_BATCH,2,BATCH,62,,statements=1002
1768291163709,htap,OLTP_BATCH,7,BATCH,66,,statements=1002
1768291163721,htap,OLTP_BATCH,1,BATCH,58,,statements=1002
1768291163736,htap,OLTP_BATCH,0,BATCH,63,,statements=1002
1768291163738,htap,OLTP_BATCH,9,BATCH,64,,statements=1002
1768291163744,htap,OLTP_BATCH,5,BATCH,66,,statements=1002
1768291163751,htap,OLTP_BATCH,8,BATCH,56,,statements=1002
1768291163754,htap,OLTP_BATCH,3,BATCH,65,,statements=1002
1768291163764,htap,OLTP_BATCH,4,BATCH,64,,statements=1002
1768291163770,htap,OLTP_BATCH,2,BATCH,64,,statements=1002
1768291163773,htap,OLTP_BATCH,6,BATCH,68,,statements=1002
1768291163774,htap,OLTP_BATCH,7,BATCH,63,,statements=1002
1768291163781,htap,OLTP_BATCH,1,BATCH,58,,statements=1002
1768291163798,htap,OLTP_BATCH,9,BATCH,58,,statements=1002
1768291163799,htap,OLTP_BATCH,0,BATCH,61,,statements=1002
1768291163825,htap,OLTP_BATCH,5,BATCH,79,,statements=1002
1768291163825,htap,OLTP_BATCH,3,BATCH,69,,statements=1002
1768291163825,htap,OLTP_BATCH,8,BATCH,72,,statements=1002
1768291163834,htap,OLTP_BATCH,6,BATCH,59,,statements=1002
1768291163836,htap,OLTP_BATCH,2,BATCH,64,,statements=1002
1768291163837,htap,OLTP_BATCH,4,BATCH,68,,statements=1002
1768291163842,htap,OLTP_BATCH,7,BATCH,66,,statements=1002
1768291163842,htap,OLAP_QUERY,4,MAIN_OLAP,25,19071,
1768291163842,htap,OLAP_QUERY,3,MAIN_OLAP,25,19071,
1768291163845,htap,OLTP_BATCH,1,BATCH,62,,statements=1002
1768291163862,htap,OLTP_BATCH,9,BATCH,62,,statements=1002
1768291163880,htap,OLTP_BATCH,0,BATCH,78,,statements=1002
1768291163896,htap,OLTP_BATCH,5,BATCH,69,,statements=1002
1768291163896,htap,OLTP_BATCH,8,BATCH,69,,statements=1002
1768291163897,htap,OLTP_BATCH,3,BATCH,70,,statements=1002
1768291163900,htap,OLTP_BATCH,4,BATCH,62,,statements=1002
1768291163906,htap,OLTP_BATCH,2,BATCH,68,,statements=1002
1768291163906,htap,OLTP_BATCH,6,BATCH,70,,statements=1002
1768291163910,htap,OLTP_BATCH,7,BATCH,66,,statements=1002
1768291163916,htap,OLTP_BATCH,1,BATCH,69,,statements=1002
1768291163920,htap,OLTP_BATCH,9,BATCH,56,,statements=1002
1768291163939,htap,OLAP_QUERY,0,MAIN_OLAP,32,19067,
1768291163960,htap,OLAP_QUERY,2,MAIN_OLAP,33,19092,
1768291163962,htap,OLTP_BATCH,0,BATCH,80,,statements=1002
1768291163962,htap,OLTP_BATCH,5,BATCH,64,,statements=1002
1768291163968,htap,OLTP_BATCH,4,BATCH,65,,statements=1002
1768291163975,htap,OLTP_BATCH,3,BATCH,76,,statements=1002
1768291163976,htap,OLTP_BATCH,2,BATCH,68,,statements=1002
1768291163977,htap,OLTP_BATCH,8,BATCH,79,,statements=1002
1768291163979,htap,OLTP_BATCH,1,BATCH,62,,statements=1002
1768291163983,htap,OLTP_BATCH,6,BATCH,69,,statements=1002
1768291163983,htap,OLTP_BATCH,9,BATCH,62,,statements=1002
1768291163984,htap,OLTP_BATCH,7,BATCH,72,,statements=1002
1768291164024,htap,OLTP_BATCH,5,BATCH,60,,statements=1002
1768291164029,htap,OLTP_BATCH,0,BATCH,66,,statements=1002
1768291164039,htap,OLTP_BATCH,2,BATCH,62,,statements=1002
1768291164039,htap,OLTP_BATCH,4,BATCH,69,,statements=1002
1768291164040,htap,OLTP_BATCH,8,BATCH,61,,statements=1002
1768291164044,htap,OLTP_BATCH,1,BATCH,64,,statements=1002
1768291164051,htap,OLTP_BATCH,3,BATCH,73,,statements=1002
1768291164052,htap,OLTP_BATCH,6,BATCH,68,,statements=1002
1768291164052,htap,OLTP_BATCH,9,BATCH,67,,statements=1002
1768291164057,htap,OLTP_BATCH,7,BATCH,72,,statements=1002
1768291164085,htap,OLAP_QUERY,1,MAIN_OLAP,23,19227,
1768291164088,htap,OLTP_BATCH,5,BATCH,62,,statements=1002
1768291164096,htap,OLTP_BATCH,0,BATCH,65,,statements=1002
1768291164103,htap,OLTP_BATCH,2,BATCH,62,,statements=1002
1768291164105,htap,OLTP_BATCH,4,BATCH,64,,statements=1002
1768291164106,htap,OLTP_BATCH,8,BATCH,64,,statements=1002
1768291164111,htap,OLTP_BATCH,1,BATCH,65,,statements=1002
1768291164116,htap,OLTP_BATCH,9,BATCH,62,,statements=1002
1768291164120,htap,OLTP_BATCH,3,BATCH,67,,statements=1002
1768291164121,htap,OLTP_BATCH,6,BATCH,67,,statements=1002
1768291164121,htap,OLTP_BATCH,7,BATCH,62,,statements=1002
1768291164150,htap,OLTP_BATCH,5,BATCH,60,,statements=1002
1768291164161,htap,OLTP_BATCH,0,BATCH,63,,statements=1002
1768291164168,htap,OLTP_BATCH,4,BATCH,61,,statements=1002
1768291164168,htap,OLTP_BATCH,8,BATCH,61,,statements=1002
1768291164169,htap,OLTP_BATCH,2,BATCH,64,,statements=1002
1768291164177,htap,OLTP_BATCH,1,BATCH,64,,statements=1002
1768291164182,htap,OLTP_BATCH,9,BATCH,64,,statements=1002
1768291164182,htap,OLTP_BATCH,7,BATCH,59,,statements=1002
1768291164185,htap,OLTP_BATCH,6,BATCH,63,,statements=1002
1768291164190,htap,OLTP_BATCH,3,BATCH,68,,statements=1002
1768291164211,htap,OLTP_BATCH,5,BATCH,59,,statements=1002
1768291164216,htap,OLTP_BATCH,0,BATCH,53,,statements=1002
1768291164233,htap,OLTP_BATCH,8,BATCH,63,,statements=1002
1768291164233,htap,OLTP_BATCH,4,BATCH,63,,statements=1002
1768291164233,htap,OLTP_BATCH,2,BATCH,62,,statements=1002
1768291164236,htap,OLTP_BATCH,1,BATCH,57,,statements=1002
1768291164249,htap,OLTP_BATCH,7,BATCH,64,,statements=1002
1768291164251,htap,OLTP_BATCH,6,BATCH,62,,statements=1002
1768291164252,htap,OLTP_BATCH,9,BATCH,68,,statements=1002
1768291164257,htap,OLTP_BATCH,3,BATCH,65,,statements=1002
1768291164279,htap,OLTP_BATCH,0,BATCH,61,,statements=1002
1768291164279,htap,OLTP_BATCH,5,BATCH,66,,statements=1002
1768291164297,htap,OLTP_BATCH,2,BATCH,62,,statements=1002
1768291164298,htap,OLTP_BATCH,4,BATCH,63,,statements=1002
1768291164299,htap,OLTP_BATCH,1,BATCH,62,,statements=1002
1768291164300,htap,OLTP_BATCH,8,BATCH,65,,statements=1002
1768291164312,htap,OLTP_BATCH,6,BATCH,59,,statements=1002
1768291164315,htap,OLTP_BATCH,7,BATCH,64,,statements=1002
1768291164318,htap,OLTP_BATCH,9,BATCH,65,,statements=1002
1768291164336,htap,OLTP_BATCH,3,BATCH,76,,statements=1002
1768291164344,htap,OLTP_BATCH,5,BATCH,63,,statements=1002
1768291164358,htap,OLTP_BATCH,0,BATCH,76,,statements=1002
1768291164363,htap,OLTP_BATCH,1,BATCH,61,,statements=1002
1768291164384,htap,OLTP_BATCH,4,BATCH,83,,statements=1002
1768291164385,htap,OLTP_BATCH,6,BATCH,71,,statements=1002
1768291164385,htap,OLTP_BATCH,8,BATCH,83,,statements=1002
1768291164385,htap,OLTP_BATCH,2,BATCH,86,,statements=1002
1768291164385,htap,OLTP_BATCH,7,BATCH,68,,statements=1002
1768291164385,htap,OLTP_BATCH,9,BATCH,65,,statements=1002
1768291164400,htap,OLTP_BATCH,3,BATCH,62,,statements=1002
1768291164400,htap,OLAP_QUERY,3,MAIN_OLAP,35,19517,
1768291164404,htap,OLAP_QUERY,4,MAIN_OLAP,49,19517,
1768291164418,htap,OLTP_BATCH,5,BATCH,72,,statements=1002
1768291164428,htap,OLTP_BATCH,1,BATCH,63,,statements=1002
1768291164428,htap,OLTP_BATCH,0,BATCH,68,,statements=1002
1768291164455,htap,OLTP_BATCH,9,BATCH,68,,statements=1002
1768291164456,htap,OLTP_BATCH,4,BATCH,69,,statements=1002
1768291164456,htap,OLTP_BATCH,8,BATCH,69,,statements=1002
1768291164459,htap,OLTP_BATCH,7,BATCH,72,,statements=1002
1768291164463,htap,OLTP_BATCH,2,BATCH,76,,statements=1002
1768291164470,htap,OLTP_BATCH,6,BATCH,83,,statements=1002
1768291164470,htap,OLTP_BATCH,3,BATCH,68,,statements=1002
1768291164488,htap,OLAP_QUERY,0,MAIN_OLAP,30,19613,
1768291164498,htap,OLTP_BATCH,5,BATCH,78,,statements=1002
1768291164503,htap,OLTP_BATCH,0,BATCH,73,,statements=1002
1768291164512,htap,OLAP_QUERY,2,MAIN_OLAP,37,19634,
1768291164516,htap,OLTP_BATCH,1,BATCH,86,,statements=1002
1768291164524,htap,OLTP_BATCH,8,BATCH,66,,statements=1002
1768291164524,htap,OLTP_BATCH,4,BATCH,66,,statements=1002
1768291164525,htap,OLTP_BATCH,9,BATCH,68,,statements=1002
1768291164540,htap,OLTP_BATCH,3,BATCH,68,,statements=1002
1768291164545,htap,OLTP_BATCH,2,BATCH,80,,statements=1002
1768291164545,htap,OLTP_BATCH,6,BATCH,73,,statements=1002
1768291164552,htap,OLTP_BATCH,7,BATCH,91,,statements=1002
1768291164562,monitor,OLAP_FRESHNESS,-1,MONITOR_QUERY,0,19718,
1768291164569,htap,OLTP_BATCH,5,BATCH,68,,statements=1002
1768291164571,htap,OLTP_BATCH,0,BATCH,66,,statements=1002
1768291164579,htap,OLTP_BATCH,1,BATCH,61,,statements=1002
1768291164597,htap,OLTP_BATCH,8,BATCH,71,,statements=1002
1768291164604,htap,OLTP_BATCH,9,BATCH,77,,statements=1002
1768291164606,htap,OLTP_BATCH,4,BATCH,80,,statements=1002
1768291164613,htap,OLAP_QUERY,1,MAIN_OLAP,23,19759,
1768291164613,htap,OLTP_BATCH,3,BATCH,71,,statements=1002
1768291164621,htap,OLTP_BATCH,6,BATCH,73,,statements=1002
1768291164624,htap,OLTP_BATCH,7,BATCH,70,,statements=1002
1768291164624,htap,OLTP_BATCH,2,BATCH,78,,statements=1002
1768291164642,htap,OLTP_BATCH,5,BATCH,71,,statements=1002
1768291164648,htap,OLTP_BATCH,1,BATCH,67,,statements=1002
1768291164648,htap,OLTP_BATCH,0,BATCH,75,,statements=1002
1768291164660,htap,OLTP_BATCH,8,BATCH,61,,statements=1002
1768291164668,htap,OLTP_BATCH,4,BATCH,60,,statements=1002
1768291164678,htap,OLTP_BATCH,9,BATCH,72,,statements=1002
1768291164686,htap,OLTP_BATCH,3,BATCH,71,,statements=1002
1768291164687,htap,OLTP_BATCH,6,BATCH,64,,statements=1002
1768291164691,htap,OLTP_BATCH,7,BATCH,65,,statements=1002
1768291164695,htap,OLTP_BATCH,2,BATCH,69,,statements=1002
1768291164708,htap,OLTP_BATCH,5,BATCH,64,,statements=1002
1768291164717,htap,OLTP_BATCH,1,BATCH,68,,statements=1002
1768291164717,htap,OLTP_BATCH,0,BATCH,67,,statements=1002
1768291164736,htap,OLTP_BATCH,8,BATCH,73,,statements=1002
1768291164738,htap,OLTP_BATCH,4,BATCH,68,,statements=1002
1768291164742,htap,OLTP_BATCH,9,BATCH,62,,statements=1002
1768291164754,htap,OLTP_BATCH,3,BATCH,66,,statements=1002
1768291164757,htap,OLTP_BATCH,7,BATCH,64,,statements=1002
1768291164759,htap,OLTP_BATCH,6,BATCH,70,,statements=1002
1768291164760,htap,OLTP_BATCH,2,BATCH,63,,statements=1002
1768291164779,htap,OLTP_BATCH,5,BATCH,69,,statements=1002
1768291164779,htap,OLTP_BATCH,1,BATCH,60,,statements=1002
1768291164783,htap,OLTP_BATCH,0,BATCH,64,,statements=1002
1768291164800,htap,OLTP_BATCH,9,BATCH,55,,statements=1002
1768291164801,htap,OLTP_BATCH,4,BATCH,61,,statements=1002
1768291164806,htap,OLTP_BATCH,8,BATCH,68,,statements=1002
1768291164814,htap,OLTP_BATCH,6,BATCH,51,,statements=1002
1768291164817,htap,OLTP_BATCH,7,BATCH,58,,statements=1002
1768291164819,htap,OLTP_BATCH,3,BATCH,63,,statements=1002
1768291164821,htap,OLTP_BATCH,2,BATCH,57,,statements=1002
1768291164860,htap,OLTP_BATCH,5,BATCH,79,,statements=1002
1768291164860,htap,OLTP_BATCH,1,BATCH,80,,statements=1002
1768291164860,htap,OLTP_BATCH,0,BATCH,75,,statements=1002
1768291164865,htap,OLTP_BATCH,4,BATCH,62,,statements=1002
1768291164865,htap,OLTP_BATCH,9,BATCH,62,,statements=1002
1768291164867,htap,OLTP_BATCH,8,BATCH,58,,statements=1002
1768291164874,htap,OLTP_BATCH,6,BATCH,58,,statements=1002
1768291164875,htap,OLTP_BATCH,2,BATCH,53,,statements=1002
1768291164875,htap,OLTP_BATCH,7,BATCH,56,,statements=1002
1768291164882,htap,OLTP_BATCH,3,BATCH,61,,statements=1002
1768291164927,htap,OLTP_BATCH,1,BATCH,65,,statements=1002
1768291164928,htap,OLTP_BATCH,4,BATCH,61,,statements=1002
1768291164933,htap,OLTP_BATCH,9,BATCH,66,,statements=1002
1768291164933,htap,OLTP_BATCH,0,BATCH,71,,statements=1002
1768291164933,htap,OLTP_BATCH,8,BATCH,64,,statements=1002
1768291164933,htap,OLTP_BATCH,5,BATCH,71,,statements=1002
1768291164938,htap,OLAP_QUERY,4,MAIN_OLAP,29,19997,
1768291164943,htap,OLTP_BATCH,2,BATCH,66,,statements=1002
1768291164943,htap,OLTP_BATCH,6,BATCH,67,,statements=1002
1768291164945,htap,OLTP_BATCH,7,BATCH,68,,statements=1002
1768291164948,htap,OLTP_BATCH,3,BATCH,64,,statements=1002
1768291164951,htap,OLAP_QUERY,3,MAIN_OLAP,43,19993,
1768291164995,htap,OLTP_BATCH,1,BATCH,66,,statements=1002
1768291164998,htap,OLTP_BATCH,4,BATCH,68,,statements=1002
1768291164998,htap,OLTP_BATCH,0,BATCH,63,,statements=1002
1768291164998,htap,OLTP_BATCH,8,BATCH,63,,statements=1002
1768291164999,htap,OLTP_BATCH,5,BATCH,64,,statements=1002
1768291165001,htap,OLTP_BATCH,9,BATCH,66,,statements=1002
1768291165002,htap,OLTP_BATCH,7,BATCH,55,,statements=1002
1768291165007,htap,OLTP_BATCH,2,BATCH,62,,statements=1002
1768291165011,htap,OLTP_BATCH,6,BATCH,66,,statements=1002
1768291165015,htap,OLTP_BATCH,3,BATCH,65,,statements=1002
1768291165033,htap,OLAP_QUERY,0,MAIN_OLAP,24,20081,
1768291165056,htap,OLAP_QUERY,2,MAIN_OLAP,40,20105,
1768291165066,htap,OLTP_BATCH,5,BATCH,65,,statements=1002
1768291165067,htap,OLTP_BATCH,0,BATCH,67,,statements=1002
1768291165067,htap,OLTP_BATCH,8,BATCH,67,,statements=1002
1768291165068,htap,OLTP_BATCH,1,BATCH,71,,statements=1002
1768291165070,htap,OLTP_BATCH,4,BATCH,70,,statements=1002
1768291165070,htap,OLTP_BATCH,9,BATCH,68,,statements=1002
1768291165073,htap,OLTP_BATCH,2,BATCH,65,,statements=1002
1768291165076,htap,OLTP_BATCH,7,BATCH,73,,statements=1002
1768291165081,htap,OLTP_BATCH,6,BATCH,69,,statements=1002
1768291165084,htap,OLTP_BATCH,3,BATCH,68,,statements=1002
1768291165129,htap,OLTP_BATCH,1,BATCH,59,,statements=1002
1768291165129,htap,OLTP_BATCH,5,BATCH,61,,statements=1002
1768291165135,htap,OLTP_BATCH,8,BATCH,66,,statements=1002
1768291165137,htap,OLTP_BATCH,9,BATCH,65,,statements=1002
1768291165138,htap,OLTP_BATCH,4,BATCH,66,,statements=1002
1768291165140,htap,OLTP_BATCH,2,BATCH,65,,statements=1002
1768291165141,htap,OLTP_BATCH,7,BATCH,62,,statements=1002
1768291165141,htap,OLTP_BATCH,0,BATCH,72,,statements=1002
1768291165146,htap,OLTP_BATCH,6,BATCH,63,,statements=1002
1768291165151,htap,OLTP_BATCH,3,BATCH,65,,statements=1002
1768291165151,htap,OLAP_QUERY,1,MAIN_OLAP,31,20206,
1768291165194,htap,OLTP_BATCH,5,BATCH,62,,statements=1002
1768291165196,htap,OLTP_BATCH,1,BATCH,65,,statements=1002
1768291165196,htap,OLTP_BATCH,4,BATCH,56,,statements=1002
1768291165198,htap,OLTP_BATCH,8,BATCH,61,,statements=1002
1768291165204,htap,OLTP_BATCH,9,BATCH,65,,statements=1002
1768291165206,htap,OLTP_BATCH,2,BATCH,64,,statements=1002
1768291165207,htap,OLTP_BATCH,0,BATCH,64,,statements=1002
1768291165212,htap,OLTP_BATCH,6,BATCH,64,,statements=1002
1768291165213,htap,OLTP_BATCH,7,BATCH,71,,statements=1002
1768291165218,htap,OLTP_BATCH,3,BATCH,66,,statements=1002
1768291165260,htap,OLTP_BATCH,1,BATCH,62,,statements=1002
1768291165262,htap,OLTP_BATCH,5,BATCH,66,,statements=1002
1768291165263,htap,OLTP_BATCH,4,BATCH,65,,statements=1002
1768291165264,htap,OLTP_BATCH,9,BATCH,58,,statements=1002
1768291165267,htap,OLTP_BATCH,8,BATCH,67,,statements=1002
1768291165267,htap,OLTP_BATCH,2,BATCH,59,,statements=1002
1768291165269,htap,OLTP_BATCH,0,BATCH,60,,statements=1002
1768291165270,htap,OLTP_BATCH,6,BATCH,56,,statements=1002
1768291165274,htap,OLTP_BATCH,7,BATCH,60,,statements=1002
1768291165295,htap,OLTP_BATCH,3,BATCH,75,,statements=1002
1768291165322,htap,OLTP_BATCH,9,BATCH,56,,statements=1002
1768291165322,htap,OLTP_BATCH,5,BATCH,59,,statements=1002
1768291165327,htap,OLTP_BATCH,4,BATCH,62,,statements=1002
1768291165328,htap,OLTP_BATCH,1,BATCH,66,,statements=1002
1768291165331,htap,OLTP_BATCH,6,BATCH,59,,statements=1002
1768291165333,htap,OLTP_BATCH,8,BATCH,64,,statements=1002
1768291165336,htap,OLTP_BATCH,0,BATCH,64,,statements=1002
1768291165339,htap,OLTP_BATCH,7,BATCH,62,,statements=1002
1768291165351,htap,OLTP_BATCH,2,BATCH,82,,statements=1002
1768291165365,htap,OLTP_BATCH,3,BATCH,68,,statements=1002
1768291165390,htap,OLTP_BATCH,1,BATCH,61,,statements=1002
1768291165392,htap,OLTP_BATCH,6,BATCH,60,,statements=1002
1768291165392,htap,OLTP_BATCH,9,BATCH,66,,statements=1002
1768291165394,htap,OLTP_BATCH,4,BATCH,65,,statements=1002
1768291165396,htap,OLTP_BATCH,5,BATCH,70,,statements=1002
1768291165397,htap,OLTP_BATCH,0,BATCH,59,,statements=1002
1768291165399,htap,OLTP_BATCH,8,BATCH,64,,statements=1002
1768291165402,htap,OLTP_BATCH,7,BATCH,61,,statements=1002
1768291165423,htap,OLTP_BATCH,2,BATCH,70,,statements=1002
1768291165432,htap,OLTP_BATCH,3,BATCH,65,,statements=1002
1768291165450,htap,OLTP_BATCH,9,BATCH,57,,statements=1002
1768291165450,htap,OLTP_BATCH,6,BATCH,57,,statements=1002
1768291165454,htap,OLTP_BATCH,1,BATCH,63,,statements=1002
1768291165454,htap,OLTP_BATCH,0,BATCH,55,,statements=1002
1768291165461,htap,OLTP_BATCH,4,BATCH,65,,statements=1002
1768291165463,htap,OLTP_BATCH,8,BATCH,62,,statements=1002
1768291165476,htap,OLTP_BATCH,7,BATCH,72,,statements=1002
1768291165477,htap,OLTP_BATCH,5,BATCH,80,,statements=1002
1768291165497,htap,OLTP_BATCH,3,BATCH,63,,statements=1002
1768291165497,htap,OLAP_QUERY,4,MAIN_OLAP,47,20442,
1768291165502,htap,OLAP_QUERY,3,MAIN_OLAP,41,20455,
1768291165506,htap,OLTP_BATCH,2,BATCH,81,,statements=1002
1768291165521,htap,OLTP_BATCH,9,BATCH,69,,statements=1002
1768291165523,htap,OLTP_BATCH,1,BATCH,67,,statements=1002
1768291165531,htap,OLTP_BATCH,4,BATCH,68,,statements=1002
1768291165532,htap,OLTP_BATCH,6,BATCH,80,,statements=1002
1768291165532,htap,OLTP_BATCH,8,BATCH,67,,statements=1002
1768291165536,htap,OLTP_BATCH,0,BATCH,80,,statements=1002
1768291165543,htap,OLTP_BATCH,7,BATCH,65,,statements=1002
1768291165543,htap,OLTP_BATCH,5,BATCH,65,,statements=1002
1768291165562,htap,OLTP_BATCH,3,BATCH,63,,statements=1002
1768291165580,htap,OLTP_BATCH,2,BATCH,72,,statements=1002
1768291165580,monitor,OLAP_FRESHNESS,-1,MONITOR_QUERY,0,20566,
1768291165587,htap,OLAP_QUERY,2,MAIN_OLAP,26,20560,
1768291165589,htap,OLTP_BATCH,9,BATCH,66,,statements=1002
1768291165595,htap,OLTP_BATCH,1,BATCH,70,,statements=1002
1768291165599,htap,OLTP_BATCH,6,BATCH,66,,statements=1002
1768291165599,htap,OLTP_BATCH,4,BATCH,66,,statements=1002
1768291165605,htap,OLTP_BATCH,0,BATCH,67,,statements=1002
1768291165608,htap,OLTP_BATCH,8,BATCH,73,,statements=1002
1768291165615,htap,OLTP_BATCH,5,BATCH,70,,statements=1002
1768291165619,htap,OLTP_BATCH,7,BATCH,74,,statements=1002
1768291165633,htap,OLAP_QUERY,0,MAIN_OLAP,37,20537,
1768291165639,htap,OLTP_BATCH,3,BATCH,75,,statements=1002
1768291165656,htap,OLTP_BATCH,9,BATCH,65,,statements=1002
1768291165656,htap,OLTP_BATCH,2,BATCH,74,,statements=1002
1768291165678,htap,OLTP_BATCH,1,BATCH,81,,statements=1002
1768291165679,htap,OLTP_BATCH,6,BATCH,77,,statements=1002
1768291165679,htap,OLTP_BATCH,8,BATCH,69,,statements=1002
1768291165688,htap,OLTP_BATCH,4,BATCH,87,,statements=1002
1768291165688,htap,OLAP_QUERY,1,MAIN_OLAP,27,20655,
1768291165689,htap,OLTP_BATCH,5,BATCH,72,,statements=1002
1768291165689,htap,OLTP_BATCH,0,BATCH,82,,statements=1002
1768291165703,htap,OLTP_BATCH,3,BATCH,62,,statements=1002
1768291165704,htap,OLTP_BATCH,7,BATCH,83,,statements=1002
1768291165725,htap,OLTP_BATCH,2,BATCH,67,,statements=1002
1768291165728,htap,OLTP_BATCH,9,BATCH,70,,statements=1002
1768291165756,htap,OLTP_BATCH,1,BATCH,76,,statements=1002
1768291165756,htap,OLTP_BATCH,6,BATCH,75,,statements=1002
1768291165756,htap,OLTP_BATCH,8,BATCH,75,,statements=1002
1768291165756,htap,OLTP_BATCH,5,BATCH,66,,statements=1002
1768291165756,htap,OLTP_BATCH,0,BATCH,65,,statements=1002
1768291165757,htap,OLTP_BATCH,4,BATCH,67,,statements=1002
1768291165764,htap,OLTP_BATCH,7,BATCH,59,,statements=1002
1768291165766,htap,OLTP_BATCH,3,BATCH,60,,statements=1002
1768291165786,htap,OLTP_BATCH,2,BATCH,59,,statements=1002
1768291165797,htap,OLTP_BATCH,9,BATCH,66,,statements=1002
1768291165815,htap,OLTP_BATCH,5,BATCH,56,,statements=1002
1768291165815,htap,OLTP_BATCH,1,BATCH,57,,statements=1002
1768291165820,htap,OLTP_BATCH,0,BATCH,62,,statements=1002
1768291165821,htap,OLTP_BATCH,6,BATCH,62,,statements=1002
1768291165822,htap,OLTP_BATCH,7,BATCH,56,,statements=1002
1768291165825,htap,OLTP_BATCH,4,BATCH,66,,statements=1002
1768291165825,htap,OLTP_BATCH,3,BATCH,58,,statements=1002
1768291165830,htap,OLTP_BATCH,8,BATCH,71,,statements=1002
1768291165845,htap,OLTP_BATCH,2,BATCH,57,,statements=1002
1768291165864,htap,OLTP_BATCH,9,BATCH,65,,statements=1002
1768291165882,htap,OLTP_BATCH,0,BATCH,60,,statements=1002
1768291165882,htap,OLTP_BATCH,5,BATCH,65,,statements=1002
1768291165882,htap,OLTP_BATCH,1,BATCH,65,,statements=1002
1768291165883,htap,OLTP_BATCH,7,BATCH,59,,statements=1002
1768291165886,htap,OLTP_BATCH,6,BATCH,63,,statements=1002
1768291165886,htap,OLTP_BATCH,3,BATCH,60,,statements=1002
1768291165887,htap,OLTP_BATCH,4,BATCH,60,,statements=1002
1768291165892,htap,OLTP_BATCH,8,BATCH,60,,statements=1002
1768291165912,htap,OLTP_BATCH,2,BATCH,65,,statements=1002
1768291165928,htap,OLTP_BATCH,9,BATCH,62,,statements=1002
1768291165945,htap,OLTP_BATCH,0,BATCH,60,,statements=1002
1768291165946,htap,OLTP_BATCH,5,BATCH,60,,statements=1002
1768291165946,htap,OLTP_BATCH,6,BATCH,58,,statements=1002
1768291165952,htap,OLTP_BATCH,3,BATCH,64,,statements=1002
1768291165952,htap,OLTP_BATCH,7,BATCH,65,,statements=1002
1768291165955,htap,OLTP_BATCH,1,BATCH,69,,statements=1002
1768291165956,htap,OLTP_BATCH,4,BATCH,68,,statements=1002
1768291165963,htap,OLTP_BATCH,8,BATCH,69,,statements=1002
1768291165976,htap,OLTP_BATCH,2,BATCH,62,,statements=1002
1768291165991,htap,OLTP_BATCH,9,BATCH,62,,statements=1002
1768291166012,htap,OLTP_BATCH,5,BATCH,64,,statements=1002
1768291166015,htap,OLTP_BATCH,6,BATCH,67,,statements=1002
1768291166015,htap,OLTP_BATCH,7,BATCH,61,,statements=1002
1768291166024,htap,OLTP_BATCH,0,BATCH,76,,statements=1002
1768291166024,htap,OLTP_BATCH,1,BATCH,67,,statements=1002
1768291166025,htap,OLTP_BATCH,4,BATCH,67,,statements=1002
1768291166027,htap,OLTP_BATCH,3,BATCH,73,,statements=1002
1768291166027,htap,OLTP_BATCH,8,BATCH,62,,statements=1002
1768291166036,htap,OLAP_QUERY,3,MAIN_OLAP,29,21006,
1768291166037,htap,OLAP_QUERY,4,MAIN_OLAP,31,21001,
1768291166041,htap,OLTP_BATCH,2,BATCH,64,,statements=1002
1768291166059,htap,OLTP_BATCH,9,BATCH,66,,statements=1002
1768291166080,htap,OLTP_BATCH,5,BATCH,66,,statements=1002
1768291166085,htap,OLTP_BATCH,6,BATCH,68,,statements=1002
1768291166086,htap,OLTP_BATCH,4,BATCH,59,,statements=1002
1768291166088,htap,OLTP_BATCH,7,BATCH,70,,statements=1002
1768291166091,htap,OLTP_BATCH,0,BATCH,65,,statements=1002
1768291166097,htap,OLTP_BATCH,1,BATCH,71,,statements=1002
1768291166097,htap,OLTP_BATCH,8,BATCH,68,,statements=1002
1768291166098,htap,OLTP_BATCH,3,BATCH,69,,statements=1002
1768291166101,htap,OLTP_BATCH,2,BATCH,59,,statements=1002
1768291166142,htap,OLTP_BATCH,9,BATCH,81,,statements=1002
1768291166152,htap,OLAP_QUERY,2,MAIN_OLAP,49,21091,
1768291166156,htap,OLTP_BATCH,4,BATCH,69,,statements=1002
1768291166159,htap,OLTP_BATCH,6,BATCH,72,,statements=1002
1768291166159,htap,OLTP_BATCH,5,BATCH,76,,statements=1002
1768291166162,htap,OLTP_BATCH,8,BATCH,63,,statements=1002
1768291166167,htap,OLTP_BATCH,1,BATCH,68,,statements=1002
1768291166167,htap,OLTP_BATCH,0,BATCH,74,,statements=1002
1768291166169,htap,OLTP_BATCH,2,BATCH,65,,statements=1002
1768291166172,htap,OLTP_BATCH,7,BATCH,83,,statements=1002
1768291166174,htap,OLTP_BATCH,3,BATCH,74,,statements=1002
1768291166176,htap,OLAP_QUERY,0,MAIN_OLAP,23,21137,
1768291166216,htap,OLTP_BATCH,9,BATCH,72,,statements=1002
1768291166217,htap,OLTP_BATCH,6,BATCH,57,,statements=1002
1768291166219,htap,OLAP_QUERY,1,MAIN_OLAP,24,21192,
1768291166221,htap,OLTP_BATCH,5,BATCH,60,,statements=1002
1768291166225,htap,OLTP_BATCH,8,BATCH,61,,statements=1002
1768291166230,htap,OLTP_BATCH,1,BATCH,61,,statements=1002
1768291166231,htap,OLTP_BATCH,4,BATCH,73,,statements=1002
1768291166232,htap,OLTP_BATCH,0,BATCH,63,,statements=1002
1768291166233,htap,OLTP_BATCH,2,BATCH,62,,statements=1002
1768291166238,htap,OLTP_BATCH,3,BATCH,63,,statements=1002
1768291166238,htap,OLTP_BATCH,7,BATCH,63,,statements=1002
1768291166276,htap,OLTP_BATCH,9,BATCH,58,,statements=1002
1768291166283,htap,OLTP_BATCH,6,BATCH,64,,statements=1002
1768291166285,htap,OLTP_BATCH,5,BATCH,63,,statements=1002
1768291166291,htap,OLTP_BATCH,8,BATCH,64,,statements=1002
1768291166292,htap,OLTP_BATCH,2,BATCH,57,,statements=1002
1768291166297,htap,OLTP_BATCH,4,BATCH,65,,statements=1002
1768291166297,htap,OLTP_BATCH,0,BATCH,63,,statements=1002
1768291166299,htap,OLTP_BATCH,3,BATCH,59,,statements=1002
1768291166299,htap,OLTP_BATCH,1,BATCH,67,,statements=1002
1768291166303,htap,OLTP_BATCH,7,BATCH,63,,statements=1002
1768291166336,htap,OLTP_BATCH,9,BATCH,58,,statements=1002
1768291166346,htap,OLTP_BATCH,6,BATCH,61,,statements=1002
1768291166351,htap,OLTP_BATCH,8,BATCH,58,,statements=1002
1768291166351,htap,OLTP_BATCH,5,BATCH,60,,statements=1002
1768291166352,htap,OLTP_BATCH,2,BATCH,58,,statements=1002
1768291166360,htap,OLTP_BATCH,0,BATCH,61,,statements=1002
1768291166362,htap,OLTP_BATCH,7,BATCH,57,,statements=1002
1768291166364,htap,OLTP_BATCH,4,BATCH,66,,statements=1002
1768291166367,htap,OLTP_BATCH,1,BATCH,66,,statements=1002
1768291166368,htap,OLTP_BATCH,3,BATCH,67,,statements=1002
1768291166397,htap,OLTP_BATCH,9,BATCH,59,,statements=1002
1768291166405,htap,OLTP_BATCH,8,BATCH,52,,statements=1002
1768291166411,htap,OLTP_BATCH,6,BATCH,62,,statements=1002
1768291166413,htap,OLTP_BATCH,5,BATCH,60,,statements=1002
1768291166418,htap,OLTP_BATCH,2,BATCH,64,,statements=1002
1768291166422,htap,OLTP_BATCH,7,BATCH,58,,statements=1002
1768291166424,htap,OLTP_BATCH,4,BATCH,58,,statements=1002
1768291166427,htap,OLTP_BATCH,1,BATCH,58,,statements=1002
1768291166427,htap,OLTP_BATCH,0,BATCH,64,,statements=1002
1768291166432,htap,OLTP_BATCH,3,BATCH,62,,statements=1002
1768291166461,htap,OLTP_BATCH,9,BATCH,62,,statements=1002
1768291166473,htap,OLTP_BATCH,8,BATCH,65,,statements=1002
1768291166477,htap,OLTP_BATCH,6,BATCH,64,,statements=1002
1768291166481,htap,OLTP_BATCH,5,BATCH,66,,statements=1002
1768291166482,htap,OLTP_BATCH,2,BATCH,63,,statements=1002
1768291166490,htap,OLTP_BATCH,7,BATCH,66,,statements=1002
1768291166490,htap,OLTP_BATCH,1,BATCH,61,,statements=1002
1768291166493,htap,OLTP_BATCH,4,BATCH,66,,statements=1002
1768291166495,htap,OLTP_BATCH,3,BATCH,60,,statements=1002
1768291166495,htap,OLTP_BATCH,0,BATCH,66,,statements=1002
1768291166530,htap,OLTP_BATCH,9,BATCH,66,,statements=1002
1768291166543,htap,OLTP_BATCH,8,BATCH,68,,statements=1002
1768291166544,htap,OLTP_BATCH,6,BATCH,64,,statements=1002
1768291166556,htap,OLTP_BATCH,7,BATCH,64,,statements=1002
1768291166557,htap,OLTP_BATCH,5,BATCH,74,,statements=1002
1768291166559,htap,OLTP_BATCH,0,BATCH,62,,statements=1002
1768291166562,htap,OLTP_BATCH,3,BATCH,65,,statements=1002
1768291166567,htap,OLTP_BATCH,2,BATCH,83,,statements=1002
1768291166570,htap,OLTP_BATCH,4,BATCH,76,,statements=1002
1768291166577,htap,OLTP_BATCH,1,BATCH,85,,statements=1002
1768291166590,monitor,OLAP_FRESHNESS,-1,MONITOR_QUERY,0,21470,
1768291166600,htap,OLAP_QUERY,4,MAIN_OLAP,29,21427,
1768291166603,htap,OLTP_BATCH,9,BATCH,71,,statements=1002
1768291166612,htap,OLAP_QUERY,3,MAIN_OLAP,55,21426,
1768291166619,htap,OLTP_BATCH,5,BATCH,61,,statements=1002
1768291166619,htap,OLTP_BATCH,6,BATCH,73,,statements=1002
1768291166619,htap,OLTP_BATCH,0,BATCH,58,,statements=1002
1768291166622,htap,OLTP_BATCH,8,BATCH,77,,statements=1002
1768291166622,htap,OLTP_BATCH,7,BATCH,64,,statements=1002
1768291166622,htap,OLTP_BATCH,3,BATCH,58,,statements=1002
1768291166629,htap,OLTP_BATCH,4,BATCH,57,,statements=1002
1768291166645,htap,OLTP_BATCH,2,BATCH,76,,statements=1002
1768291166645,htap,OLTP_BATCH,1,BATCH,65,,statements=1002
1768291166662,htap,OLTP_BATCH,9,BATCH,57,,statements=1002
1768291166681,htap,OLTP_BATCH,6,BATCH,60,,statements=1002
1768291166683,htap,OLTP_BATCH,0,BATCH,62,,statements=1002
1768291166689,htap,OLTP_BATCH,5,BATCH,68,,statements=1002
1768291166689,htap,OLTP_BATCH,3,BATCH,64,,statements=1002
1768291166695,htap,OLTP_BATCH,4,BATCH,64,,statements=1002
1768291166695,htap,OLTP_BATCH,8,BATCH,71,,statements=1002
1768291166695,htap,OLAP_QUERY,2,MAIN_OLAP,25,21542,
1768291166695,htap,OLTP_BATCH,7,BATCH,71,,statements=1002
1768291166711,htap,OLTP_BATCH,2,BATCH,64,,statements=1002
1768291166712,htap,OLTP_BATCH,1,BATCH,65,,statements=1002
1768291166730,htap,OLTP_BATCH,9,BATCH,66,,statements=1002
1768291166744,htap,OLTP_BATCH,6,BATCH,61,,statements=1002
1768291166745,htap,OLAP_QUERY,0,MAIN_OLAP,40,21566,
1768291166749,htap,OLTP_BATCH,0,BATCH,64,,statements=1002
1768291166750,htap,OLAP_QUERY,1,MAIN_OLAP,26,21609,
1768291166753,htap,OLTP_BATCH,3,BATCH,62,,statements=1002
1768291166754,htap,OLTP_BATCH,7,BATCH,57,,statements=1002
1768291166757,htap,OLTP_BATCH,8,BATCH,60,,statements=1002
1768291166761,htap,OLTP_BATCH,5,BATCH,70,,statements=1002
1768291166772,htap,OLTP_BATCH,4,BATCH,76,,statements=1002
1768291166776,htap,OLTP_BATCH,2,BATCH,63,,statements=1002
1768291166778,htap,OLTP_BATCH,1,BATCH,64,,statements=1002
1768291166793,htap,OLTP_BATCH,9,BATCH,61,,statements=1002
1768291166809,htap,OLTP_BATCH,6,BATCH,63,,statements=1002
1768291166814,htap,OLTP_BATCH,7,BATCH,58,,statements=1002
1768291166815,htap,OLTP_BATCH,0,BATCH,64,,statements=1002
1768291166822,htap,OLTP_BATCH,3,BATCH,66,,statements=1002
1768291166827,htap,OLTP_BATCH,8,BATCH,68,,statements=1002
1768291166827,htap,OLTP_BATCH,5,BATCH,64,,statements=1002
1768291166841,htap,OLTP_BATCH,1,BATCH,61,,statements=1002
1768291166841,htap,OLTP_BATCH,4,BATCH,66,,statements=1002
1768291166843,htap,OLTP_BATCH,2,BATCH,65,,statements=1002
1768291166852,htap,OLTP_BATCH,9,BATCH,58,,statements=1002
1768291166871,htap,OLTP_BATCH,6,BATCH,60,,statements=1002
1768291166873,htap,OLTP_BATCH,7,BATCH,57,,statements=1002
1768291166888,htap,OLTP_BATCH,3,BATCH,64,,statements=1002
1768291166889,htap,OLTP_BATCH,8,BATCH,60,,statements=1002
1768291166890,htap,OLTP_BATCH,5,BATCH,61,,statements=1002
1768291166896,htap,OLTP_BATCH,0,BATCH,80,,statements=1002
1768291166905,htap,OLTP_BATCH,4,BATCH,62,,statements=1002
1768291166905,htap,OLTP_BATCH,1,BATCH,62,,statements=1002
1768291166911,htap,OLTP_BATCH,2,BATCH,66,,statements=1002
1768291166914,htap,OLTP_BATCH,9,BATCH,60,,statements=1002
1768291166936,htap,OLTP_BATCH,6,BATCH,63,,statements=1002
1768291166936,htap,OLTP_BATCH,7,BATCH,62,,statements=1002
1768291166957,htap,OLTP_BATCH,8,BATCH,66,,statements=1002
1768291166958,htap,OLTP_BATCH,5,BATCH,66,,statements=1002
1768291166958,htap,OLTP_BATCH,3,BATCH,67,,statements=1002
1768291166962,htap,OLTP_BATCH,0,BATCH,64,,statements=1002
1768291166962,htap,OLTP_BATCH,1,BATCH,56,,statements=1002
1768291166967,htap,OLTP_BATCH,4,BATCH,60,,statements=1002
1768291166976,htap,OLTP_BATCH,2,BATCH,63,,statements=1002
1768291166976,htap,OLTP_BATCH,9,BATCH,61,,statements=1002
1768291167000,htap,OLTP_BATCH,7,BATCH,62,,statements=1002
1768291167005,htap,OLTP_BATCH,6,BATCH,67,,statements=1002
1768291167019,htap,OLTP_BATCH,8,BATCH,59,,statements=1002
1768291167020,htap,OLTP_BATCH,0,BATCH,56,,statements=1002
1768291167021,htap,OLTP_BATCH,5,BATCH,61,,statements=1002
1768291167023,htap,OLTP_BATCH,3,BATCH,60,,statements=1002
1768291167028,htap,OLTP_BATCH,4,BATCH,59,,statements=1002
1768291167030,htap,OLTP_BATCH,1,BATCH,66,,statements=1002
1768291167034,htap,OLTP_BATCH,9,BATCH,56,,statements=1002
1768291167040,htap,OLTP_BATCH,2,BATCH,62,,statements=1002
1768291167060,htap,OLTP_BATCH,7,BATCH,58,,statements=1002
1768291167068,htap,OLTP_BATCH,6,BATCH,61,,statements=1002
1768291167100,htap,OLTP_BATCH,8,BATCH,79,,statements=1002
1768291167100,htap,OLTP_BATCH,4,BATCH,70,,statements=1002
1768291167100,htap,OLTP_BATCH,5,BATCH,77,,statements=1002
1768291167100,htap,OLTP_BATCH,2,BATCH,58,,statements=1002
1768291167100,htap,OLTP_BATCH,3,BATCH,75,,statements=1002
1768291167100,htap,OLTP_BATCH,0,BATCH,78,,statements=1002
1768291167100,htap,OLTP_BATCH,9,BATCH,65,,statements=1002
1768291167101,htap,OLTP_BATCH,1,BATCH,69,,statements=1002
1768291167117,htap,OLTP_BATCH,7,BATCH,56,,statements=1002
1768291167138,htap,OLTP_BATCH,6,BATCH,69,,statements=1002
1768291167160,htap,OLAP_QUERY,3,MAIN_OLAP,38,21911,
1768291167163,htap,OLAP_QUERY,4,MAIN_OLAP,44,21899,
1768291167167,htap,OLTP_BATCH,8,BATCH,64,,statements=1002
1768291167167,htap,OLTP_BATCH,4,BATCH,64,,statements=1002
1768291167173,htap,OLTP_BATCH,0,BATCH,70,,statements=1002
1768291167173,htap,OLTP_BATCH,5,BATCH,70,,statements=1002
1768291167175,htap,OLTP_BATCH,1,BATCH,71,,statements=1002
1768291167179,htap,OLTP_BATCH,2,BATCH,76,,statements=1002
1768291167181,htap,OLTP_BATCH,9,BATCH,78,,statements=1002
1768291167184,htap,OLTP_BATCH,3,BATCH,81,,statements=1002
1768291167187,htap,OLTP_BATCH,7,BATCH,68,,statements=1002
1768291167208,htap,OLTP_BATCH,6,BATCH,68,,statements=1002
1768291167230,htap,OLTP_BATCH,8,BATCH,61,,statements=1002
1768291167230,htap,OLTP_BATCH,4,BATCH,61,,statements=1002
1768291167238,htap,OLTP_BATCH,0,BATCH,62,,statements=1002
1768291167238,htap,OLTP_BATCH,5,BATCH,63,,statements=1002
1768291167241,htap,OLAP_QUERY,2,MAIN_OLAP,31,21994,
1768291167242,htap,OLTP_BATCH,9,BATCH,59,,statements=1002
1768291167245,htap,OLTP_BATCH,2,BATCH,64,,statements=1002
1768291167248,htap,OLTP_BATCH,1,BATCH,71,,statements=1002
1768291167250,htap,OLTP_BATCH,3,BATCH,64,,statements=1002
1768291167262,htap,OLTP_BATCH,7,BATCH,73,,statements=1002
1768291167280,htap,OLTP_BATCH,6,BATCH,70,,statements=1002
1768291167283,htap,OLAP_QUERY,0,MAIN_OLAP,30,22044,
1768291167297,htap,OLTP_BATCH,8,BATCH,65,,statements=1002
1768291167297,htap,OLTP_BATCH,4,BATCH,65,,statements=1002
1768291167307,htap,OLTP_BATCH,0,BATCH,68,,statements=1002
1768291167307,htap,OLTP_BATCH,5,BATCH,67,,statements=1002
1768291167317,htap,OLTP_BATCH,9,BATCH,73,,statements=1002
1768291167318,htap,OLTP_BATCH,2,BATCH,71,,statements=1002
1768291167323,htap,OLTP_BATCH,1,BATCH,73,,statements=1002
1768291167323,htap,OLTP_BATCH,3,BATCH,71,,statements=1002
1768291167328,htap,OLAP_QUERY,1,MAIN_OLAP,51,22049,
1768291167329,htap,OLTP_BATCH,7,BATCH,65,,statements=1002
1768291167348,htap,OLTP_BATCH,6,BATCH,66,,statements=1002
1768291167363,htap,OLTP_BATCH,4,BATCH,64,,statements=1002
1768291167363,htap,OLTP_BATCH,8,BATCH,65,,statements=1002
1768291167366,htap,OLTP_BATCH,0,BATCH,58,,statements=1002
1768291167371,htap,OLTP_BATCH,5,BATCH,62,,statements=1002
1768291167375,htap,OLTP_BATCH,9,BATCH,56,,statements=1002
1768291167381,htap,OLTP_BATCH,1,BATCH,57,,statements=1002
1768291167384,htap,OLTP_BATCH,3,BATCH,58,,statements=1002
1768291167389,htap,OLTP_BATCH,2,BATCH,69,,statements=1002
1768291167391,htap,OLTP_BATCH,7,BATCH,60,,statements=1002
1768291167415,htap,OLTP_BATCH,6,BATCH,64,,statements=1002
1768291167425,htap,OLTP_BATCH,4,BATCH,60,,statements=1002
1768291167429,htap,OLTP_BATCH,8,BATCH,64,,statements=1002
1768291167435,htap,OLTP_BATCH,0,BATCH,67,,statements=1002
1768291167439,htap,OLTP_BATCH,5,BATCH,66,,statements=1002
1768291167440,htap,OLTP_BATCH,9,BATCH,63,,statements=1002
1768291167449,htap,OLTP_BATCH,3,BATCH,63,,statements=1002
1768291167449,htap,OLTP_BATCH,1,BATCH,66,,statements=1002
1768291167454,htap,OLTP_BATCH,2,BATCH,63,,statements=1002
1768291167457,htap,OLTP_BATCH,7,BATCH,64,,statements=1002
1768291167481,htap,OLTP_BATCH,6,BATCH,64,,statements=1002
1768291167492,htap,OLTP_BATCH,4,BATCH,66,,statements=1002
1768291167495,htap,OLTP_BATCH,8,BATCH,64,,statements=1002
1768291167499,htap,OLTP_BATCH,0,BATCH,62,,statements=1002
1768291167508,htap,OLTP_BATCH,9,BATCH,66,,statements=1002
1768291167512,htap,OLTP_BATCH,5,BATCH,70,,statements=1002
1768291167517,htap,OLTP_BATCH,1,BATCH,66,,statements=1002
1768291167523,htap,OLTP_BATCH,2,BATCH,67,,statements=1002
1768291167523,htap,OLTP_BATCH,3,BATCH,73,,statements=1002
1768291167548,htap,OLTP_BATCH,7,BATCH,89,,statements=1002
1768291167549,htap,OLTP_BATCH,6,BATCH,66,,statements=1002
1768291167557,htap,OLTP_BATCH,4,BATCH,64,,statements=1002
1768291167561,htap,OLTP_BATCH,0,BATCH,60,,statements=1002
1768291167578,htap,OLTP_BATCH,5,BATCH,64,,statements=1002
1768291167578,htap,OLTP_BATCH,9,BATCH,69,,statements=1002
1768291167578,htap,OLTP_BATCH,8,BATCH,81,,statements=1002
1768291167587,htap,OLTP_BATCH,1,BATCH,68,,statements=1002
1768291167593,htap,OLTP_BATCH,2,BATCH,68,,statements=1002
1768291167594,htap,OLTP_BATCH,3,BATCH,69,,statements=1002
1768291167595,monitor,OLAP_FRESHNESS,-1,MONITOR_QUERY,0,22389,
1768291167609,htap,OLTP_BATCH,7,BATCH,58,,statements=1002
1768291167610,htap,OLTP_BATCH,6,BATCH,59,,statements=1002
1768291167623,htap,OLTP_BATCH,4,BATCH,65,,statements=1002
1768291167634,htap,OLTP_BATCH,0,BATCH,71,,statements=1002
1768291167643,htap,OLTP_BATCH,5,BATCH,63,,statements=1002
1768291167646,htap,OLTP_BATCH,9,BATCH,66,,statements=1002
1768291167646,htap,OLTP_BATCH,1,BATCH,57,,statements=1002
1768291167646,htap,OLTP_BATCH,8,BATCH,66,,statements=1002
1768291167651,htap,OLTP_BATCH,3,BATCH,55,,statements=1002
1768291167664,htap,OLTP_BATCH,2,BATCH,70,,statements=1002
1768291167671,htap,OLTP_BATCH,6,BATCH,59,,statements=1002
1768291167684,htap,OLTP_BATCH,7,BATCH,72,,statements=1002
1768291167691,htap,OLTP_BATCH,4,BATCH,66,,statements=1002
1768291167697,htap,OLAP_QUERY,3,MAIN_OLAP,25,22459,
1768291167708,htap,OLTP_BATCH,0,BATCH,72,,statements=1002
1768291167711,htap,OLTP_BATCH,9,BATCH,63,,statements=1002
1768291167711,htap,OLTP_BATCH,5,BATCH,66,,statements=1002
1768291167712,htap,OLTP_BATCH,8,BATCH,64,,statements=1002
1768291167712,htap,OLTP_BATCH,1,BATCH,64,,statements=1002
1768291167716,htap,OLTP_BATCH,3,BATCH,63,,statements=1002
1768291167718,htap,OLAP_QUERY,4,MAIN_OLAP,49,22462,
1768291167730,htap,OLTP_BATCH,2,BATCH,64,,statements=1002
1768291167750,htap,OLTP_BATCH,6,BATCH,77,,statements=1002
1768291167750,htap,OLTP_BATCH,7,BATCH,64,,statements=1002
1768291167772,htap,OLTP_BATCH,4,BATCH,79,,statements=1002
1768291167773,htap,OLTP_BATCH,0,BATCH,63,,statements=1002
1768291167774,htap,OLTP_BATCH,5,BATCH,60,,statements=1002
1768291167775,htap,OLTP_BATCH,9,BATCH,62,,statements=1002
1768291167776,htap,OLTP_BATCH,1,BATCH,62,,statements=1002
1768291167777,htap,OLTP_BATCH,8,BATCH,63,,statements=1002
1768291167778,htap,OLTP_BATCH,3,BATCH,59,,statements=1002
1768291167781,htap,OLAP_QUERY,2,MAIN_OLAP,26,22540,
1768291167795,htap,OLTP_BATCH,2,BATCH,62,,statements=1002
1768291167810,htap,OLAP_QUERY,0,MAIN_OLAP,23,22582,
1768291167814,htap,OLTP_BATCH,7,BATCH,62,,statements=1002
1768291167820,htap,OLTP_BATCH,6,BATCH,68,,statements=1002
1768291167831,htap,OLTP_BATCH,5,BATCH,56,,statements=1002
1768291167836,htap,OLTP_BATCH,4,BATCH,62,,statements=1002
1768291167837,htap,OLTP_BATCH,8,BATCH,58,,statements=1002
1768291167841,htap,OLTP_BATCH,0,BATCH,65,,statements=1002
1768291167847,htap,OLTP_BATCH,9,BATCH,70,,statements=1002
1768291167848,htap,OLTP_BATCH,3,BATCH,68,,statements=1002
1768291167848,htap,OLTP_BATCH,1,BATCH,69,,statements=1002
1768291167864,htap,OLTP_BATCH,2,BATCH,67,,statements=1002
1768291167866,htap,OLAP_QUERY,1,MAIN_OLAP,33,22627,
1768291167881,htap,OLTP_BATCH,7,BATCH,65,,statements=1002
1768291167898,htap,OLTP_BATCH,6,BATCH,76,,statements=1002
1768291167898,htap,OLTP_BATCH,5,BATCH,65,,statements=1002
1768291167905,htap,OLTP_BATCH,8,BATCH,65,,statements=1002
1768291167907,htap,OLTP_BATCH,9,BATCH,58,,statements=1002
1768291167907,htap,OLTP_BATCH,0,BATCH,64,,statements=1002
1768291167909,htap,OLTP_BATCH,4,BATCH,71,,statements=1002
1768291167918,htap,OLTP_BATCH,3,BATCH,68,,statements=1002
1768291167924,htap,OLTP_BATCH,1,BATCH,74,,statements=1002
1768291167930,htap,OLTP_BATCH,2,BATCH,64,,statements=1002
1768291167942,htap,OLTP_BATCH,7,BATCH,59,,statements=1002
1768291167963,htap,OLTP_BATCH,5,BATCH,63,,statements=1002
1768291167970,htap,OLTP_BATCH,4,BATCH,59,,statements=1002
1768291167970,htap,OLTP_BATCH,6,BATCH,70,,statements=1002
1768291167971,htap,OLTP_BATCH,8,BATCH,64,,statements=1002
1768291167971,htap,OLTP_BATCH,9,BATCH,62,,statements=1002
1768291167971,htap,OLTP_BATCH,0,BATCH,62,,statements=1002
1768291167981,htap,OLTP_BATCH,3,BATCH,61,,statements=1002
1768291167993,htap,OLTP_BATCH,1,BATCH,68,,statements=1002
1768291167999,htap,OLTP_BATCH,2,BATCH,67,,statements=1002
1768291168011,htap,OLTP_BATCH,7,BATCH,67,,statements=1002
1768291168027,htap,OLTP_BATCH,4,BATCH,55,,statements=1002
1768291168027,htap,OLTP_BATCH,5,BATCH,63,,statements=1002
1768291168031,htap,OLTP_BATCH,6,BATCH,59,,statements=1002
1768291168035,htap,OLTP_BATCH,9,BATCH,62,,statements=1002
1768291168037,htap,OLTP_BATCH,8,BATCH,64,,statements=1002
1768291168039,htap,OLTP_BATCH,0,BATCH,65,,statements=1002
1768291168043,htap,OLTP_BATCH,3,BATCH,60,,statements=1002
1768291168053,htap,OLTP_BATCH,1,BATCH,58,,statements=1002
1768291168064,htap,OLTP_BATCH,2,BATCH,63,,statements=1002
1768291168073,htap,OLTP_BATCH,7,BATCH,59,,statements=1002
1768291168087,htap,OLTP_BATCH,4,BATCH,59,,statements=1002
1768291168089,htap,OLTP_BATCH,5,BATCH,60,,statements=1002
1768291168093,htap,OLTP_BATCH,9,BATCH,56,,statements=1002
1768291168096,htap,OLTP_BATCH,6,BATCH,63,,statements=1002
1768291168097,htap,OLTP_BATCH,8,BATCH,58,,statements=1002
1768291168104,htap,OLTP_BATCH,0,BATCH,64,,statements=1002
1768291168107,htap,OLTP_BATCH,3,BATCH,60,,statements=1002
1768291168119,htap,OLTP_BATCH,2,BATCH,53,,statements=1002
1768291168120,htap,OLTP_BATCH,1,BATCH,65,,statements=1002
1768291168143,htap,OLTP_BATCH,7,BATCH,68,,statements=1002
1768291168150,htap,OLTP_BATCH,4,BATCH,61,,statements=1002
1768291168152,htap,OLTP_BATCH,5,BATCH,61,,statements=1002
1768291168164,htap,OLTP_BATCH,9,BATCH,69,,statements=1002
1768291168165,htap,OLTP_BATCH,0,BATCH,59,,statements=1002
1768291168168,htap,OLTP_BATCH,6,BATCH,70,,statements=1002
1768291168171,htap,OLTP_BATCH,8,BATCH,72,,statements=1002
1768291168172,htap,OLTP_BATCH,3,BATCH,63,,statements=1002
1768291168180,htap,OLTP_BATCH,1,BATCH,58,,statements=1002
1768291168182,htap,OLTP_BATCH,2,BATCH,61,,statements=1002
1768291168211,htap,OLTP_BATCH,4,BATCH,59,,statements=1002
1768291168223,htap,OLTP_BATCH,7,BATCH,77,,statements=1002
1768291168223,htap,OLTP_BATCH,5,BATCH,68,,statements=1002
1768291168232,htap,OLTP_BATCH,9,BATCH,66,,statements=1002
1768291168235,htap,OLTP_BATCH,6,BATCH,66,,statements=1002
1768291168235,htap,OLTP_BATCH,0,BATCH,68,,statements=1002
1768291168240,htap,OLAP_QUERY,3,MAIN_OLAP,26,22919,
1768291168241,htap,OLTP_BATCH,3,BATCH,67,,statements=1002
1768291168244,htap,OLTP_BATCH,8,BATCH,71,,statements=1002
1768291168248,htap,OLTP_BATCH,1,BATCH,66,,statements=1002
1768291168253,htap,OLTP_BATCH,2,BATCH,69,,statements=1002
1768291168268,htap,OLAP_QUERY,4,MAIN_OLAP,37,22940,
1768291168274,htap,OLTP_BATCH,4,BATCH,60,,statements=1002
1768291168296,htap,OLTP_BATCH,5,BATCH,71,,statements=1002
1768291168296,htap,OLTP_BATCH,9,BATCH,62,,statements=1002
1768291168299,htap,OLTP_BATCH,7,BATCH,71,,statements=1002
1768291168307,htap,OLTP_BATCH,0,BATCH,70,,statements=1002
1768291168307,htap,OLTP_BATCH,6,BATCH,71,,statements=1002
1768291168312,htap,OLTP_BATCH,8,BATCH,66,,statements=1002
1768291168313,htap,OLAP_QUERY,2,MAIN_OLAP,23,23002,
1768291168314,htap,OLTP_BATCH,3,BATCH,71,,statements=1002
1768291168323,htap,OLTP_BATCH,1,BATCH,73,,statements=1002
1768291168334,htap,OLTP_BATCH,2,BATCH,80,,statements=1002
1768291168348,htap,OLTP_BATCH,4,BATCH,71,,statements=1002
1768291168348,htap,OLAP_QUERY,0,MAIN_OLAP,31,23031,
1768291168360,htap,OLTP_BATCH,7,BATCH,59,,statements=1002
1768291168361,htap,OLTP_BATCH,5,BATCH,63,,statements=1002
1768291168364,htap,OLTP_BATCH,9,BATCH,66,,statements=1002
1768291168369,htap,OLTP_BATCH,0,BATCH,60,,statements=1002
1768291168373,htap,OLTP_BATCH,6,BATCH,64,,statements=1002
1768291168379,htap,OLTP_BATCH,8,BATCH,65,,statements=1002
1768291168383,htap,OLTP_BATCH,3,BATCH,67,,statements=1002
1768291168398,htap,OLTP_BATCH,1,BATCH,73,,statements=1002
1768291168402,htap,OLTP_BATCH,2,BATCH,66,,statements=1002
1768291168404,htap,OLAP_QUERY,1,MAIN_OLAP,21,23087,
1768291168423,htap,OLTP_BATCH,4,BATCH,73,,statements=1002
1768291168430,htap,OLTP_BATCH,9,BATCH,64,,statements=1002
1768291168449,htap,OLTP_BATCH,5,BATCH,86,,statements=1002
1768291168450,htap,OLTP_BATCH,7,BATCH,89,,statements=1002
1768291168450,htap,OLTP_BATCH,6,BATCH,75,,statements=1002
1768291168450,htap,OLTP_BATCH,3,BATCH,65,,statements=1002
1768291168450,htap,OLTP_BATCH,0,BATCH,78,,statements=1002
1768291168450,htap,OLTP_BATCH,8,BATCH,69,,statements=1002
1768291168461,htap,OLTP_BATCH,1,BATCH,61,,statements=1002
1768291168464,htap,OLTP_BATCH,2,BATCH,60,,statements=1002
1768291168480,htap,OLTP_BATCH,4,BATCH,54,,statements=1002
1768291168487,htap,OLTP_BATCH,9,BATCH,55,,statements=1002
1768291168514,htap,OLTP_BATCH,5,BATCH,63,,statements=1002
1768291168514,htap,OLTP_BATCH,7,BATCH,62,,statements=1002
1768291168514,htap,OLTP_BATCH,1,BATCH,51,,statements=1002
1768291168514,htap,OLTP_BATCH,6,BATCH,62,,statements=1002
1768291168514,htap,OLTP_BATCH,0,BATCH,61,,statements=1002
1768291168515,htap,OLTP_BATCH,3,BATCH,63,,statements=1002
1768291168517,htap,OLTP_BATCH,8,BATCH,65,,statements=1002
1768291168528,htap,OLTP_BATCH,2,BATCH,63,,statements=1002
1768291168547,htap,OLTP_BATCH,4,BATCH,65,,statements=1002
1768291168553,htap,OLTP_BATCH,9,BATCH,64,,statements=1002
1768291168573,htap,OLTP_BATCH,0,BATCH,57,,statements=1002
1768291168578,htap,OLTP_BATCH,7,BATCH,62,,statements=1002
1768291168579,htap,OLTP_BATCH,5,BATCH,63,,statements=1002
1768291168581,htap,OLTP_BATCH,6,BATCH,65,,statements=1002
1768291168581,htap,OLTP_BATCH,1,BATCH,65,,statements=1002
1768291168581,htap,OLTP_BATCH,3,BATCH,64,,statements=1002
1768291168584,htap,OLTP_BATCH,8,BATCH,65,,statements=1002
1768291168596,htap,OLTP_BATCH,2,BATCH,66,,statements=1002
1768291168600,monitor,OLAP_FRESHNESS,-1,MONITOR_QUERY,0,23316,
1768291168610,htap,OLTP_BATCH,9,BATCH,56,,statements=1002
1768291168625,htap,OLTP_BATCH,4,BATCH,76,,statements=1002
1768291168633,htap,OLTP_BATCH,0,BATCH,58,,statements=1002
1768291168644,htap,OLTP_BATCH,3,BATCH,61,,statements=1002
1768291168644,htap,OLTP_BATCH,5,BATCH,63,,statements=1002
1768291168646,htap,OLTP_BATCH,1,BATCH,63,,statements=1002
1768291168649,htap,OLTP_BATCH,7,BATCH,69,,statements=1002
1768291168654,htap,OLTP_BATCH,8,BATCH,68,,statements=1002
1768291168655,htap,OLTP_BATCH,6,BATCH,72,,statements=1002
1768291168661,htap,OLTP_BATCH,2,BATCH,63,,statements=1002
1768291168675,htap,OLTP_BATCH,9,BATCH,64,,statements=1002
1768291168694,htap,OLTP_BATCH,0,BATCH,59,,statements=1002
1768291168694,htap,OLTP_BATCH,4,BATCH,67,,statements=1002
1768291168715,htap,OLTP_BATCH,3,BATCH,69,,statements=1002
1768291168718,htap,OLTP_BATCH,7,BATCH,67,,statements=1002
1768291168718,htap,OLTP_BATCH,2,BATCH,55,,statements=1002
1768291168721,htap,OLTP_BATCH,8,BATCH,65,,statements=1002
1768291168721,htap,OLTP_BATCH,5,BATCH,75,,statements=1002
1768291168721,htap,OLTP_BATCH,1,BATCH,74,,statements=1002
1768291168723,htap,OLTP_BATCH,6,BATCH,67,,statements=1002
1768291168739,htap,OLTP_BATCH,9,BATCH,62,,statements=1002
1768291168757,htap,OLTP_BATCH,0,BATCH,61,,statements=1002
1768291168768,htap,OLTP_BATCH,4,BATCH,72,,statements=1002
1768291168780,htap,OLAP_QUERY,3,MAIN_OLAP,21,23366,
1768291168781,htap,OLTP_BATCH,7,BATCH,62,,statements=1002
1768291168785,htap,OLTP_BATCH,2,BATCH,65,,statements=1002
1768291168787,htap,OLTP_BATCH,1,BATCH,63,,statements=1002
1768291168787,htap,OLTP_BATCH,3,BATCH,70,,statements=1002
1768291168792,htap,OLTP_BATCH,6,BATCH,67,,statements=1002
1768291168793,htap,OLTP_BATCH,5,BATCH,70,,statements=1002
1768291168794,htap,OLTP_BATCH,8,BATCH,71,,statements=1002
1768291168804,htap,OLTP_BATCH,9,BATCH,63,,statements=1002
1768291168804,htap,OLAP_QUERY,4,MAIN_OLAP,20,23394,
1768291168818,htap,OLTP_BATCH,0,BATCH,59,,statements=1002
1768291168840,htap,OLTP_BATCH,4,BATCH,70,,statements=1002
1768291168846,htap,OLTP_BATCH,7,BATCH,63,,statements=1002
1768291168848,htap,OLAP_QUERY,2,MAIN_OLAP,19,23439,
1768291168851,htap,OLTP_BATCH,2,BATCH,63,,statements=1002
1768291168855,htap,OLTP_BATCH,6,BATCH,61,,statements=1002
1768291168857,htap,OLTP_BATCH,1,BATCH,69,,statements=1002
1768291168860,htap,OLTP_BATCH,5,BATCH,65,,statements=1002
1768291168861,htap,OLTP_BATCH,8,BATCH,66,,statements=1002
1768291168866,htap,OLTP_BATCH,3,BATCH,77,,statements=1002
1768291168871,htap,OLTP_BATCH,9,BATCH,66,,statements=1002
1768291168882,htap,OLTP_BATCH,0,BATCH,62,,statements=1002
1768291168886,htap,OLAP_QUERY,0,MAIN_OLAP,26,23475,
1768291168920,htap,OLTP_BATCH,4,BATCH,78,,statements=1002
1768291168924,htap,OLAP_QUERY,1,MAIN_OLAP,15,23530,
1768291168934,htap,OLTP_BATCH,2,BATCH,81,,statements=1002
1768291168936,htap,OLTP_BATCH,7,BATCH,87,,statements=1002
1768291168943,htap,OLTP_BATCH,1,BATCH,84,,statements=1002
1768291168944,htap,OLTP_BATCH,6,BATCH,87,,statements=1002
1768291168947,htap,OLTP_BATCH,5,BATCH,85,,statements=1002
1768291168964,htap,OLTP_BATCH,9,BATCH,92,,statements=1002
1768291168966,htap,OLTP_BATCH,8,BATCH,103,,statements=1002
1768291168974,htap,OLTP_BATCH,0,BATCH,90,,statements=1002
1768291168977,htap,OLTP_BATCH,3,BATCH,110,,statements=1002
1768291169008,htap,OLTP_BATCH,4,BATCH,86,,statements=1002
1768291169016,htap,OLTP_BATCH,7,BATCH,78,,statements=1002
1768291169016,htap,OLTP_BATCH,2,BATCH,80,,statements=1002
1768291169019,htap,OLTP_BATCH,1,BATCH,74,,statements=1002
1768291169023,htap,OLTP_BATCH,6,BATCH,77,,statements=1002
1768291169027,htap,OLTP_BATCH,5,BATCH,78,,statements=1002
1768291169033,htap,OLTP_BATCH,9,BATCH,67,,statements=1002
1768291169034,htap,OLTP_BATCH,8,BATCH,66,,statements=1002
1768291169045,htap,OLTP_BATCH,0,BATCH,69,,statements=1002
1768291169062,htap,OLTP_BATCH,3,BATCH,83,,statements=1002
1768291169073,htap,OLTP_BATCH,4,BATCH,63,,statements=1002
1768291169079,htap,OLTP_BATCH,1,BATCH,58,,statements=1002
1768291169082,htap,OLTP_BATCH,7,BATCH,65,,statements=1002
1768291169084,htap,OLTP_BATCH,2,BATCH,66,,statements=1002
1768291169086,htap,OLTP_BATCH,6,BATCH,62,,statements=1002
1768291169091,htap,OLTP_BATCH,5,BATCH,61,,statements=1002
1768291169097,htap,OLTP_BATCH,8,BATCH,61,,statements=1002
1768291169098,htap,OLTP_BATCH,9,BATCH,63,,statements=1002
1768291169109,htap,OLTP_BATCH,0,BATCH,62,,statements=1002
1768291169131,htap,OLTP_BATCH,3,BATCH,66,,statements=1002
1768291169143,htap,OLTP_BATCH,4,BATCH,68,,statements=1002
1768291169146,htap,OLTP_BATCH,7,BATCH,62,,statements=1002
1768291169150,htap,OLTP_BATCH,2,BATCH,64,,statements=1002
1768291169150,htap,OLTP_BATCH,6,BATCH,62,,statements=1002
1768291169157,htap,OLTP_BATCH,1,BATCH,76,,statements=1002
1768291169161,htap,OLTP_BATCH,5,BATCH,67,,statements=1002
1768291169170,htap,OLTP_BATCH,8,BATCH,71,,statements=1002
1768291169171,htap,OLTP_BATCH,9,BATCH,71,,statements=1002
1768291169172,htap,OLTP_BATCH,0,BATCH,61,,statements=1002
1768291169194,htap,OLTP_BATCH,3,BATCH,61,,statements=1002
1768291169212,htap,OLTP_BATCH,4,BATCH,67,,statements=1002
1768291169213,htap,OLTP_BATCH,2,BATCH,61,,statements=1002
1768291169220,htap,OLTP_BATCH,6,BATCH,68,,statements=1002
1768291169222,htap,OLTP_BATCH,7,BATCH,74,,statements=1002
1768291169232,htap,OLTP_BATCH,5,BATCH,69,,statements=1002
1768291169234,htap,OLTP_BATCH,1,BATCH,75,,statements=1002
1768291169237,htap,OLTP_BATCH,8,BATCH,65,,statements=1002
1768291169240,htap,OLTP_BATCH,0,BATCH,64,,statements=1002
1768291169240,htap,OLTP_BATCH,9,BATCH,66,,statements=1002
1768291169262,htap,OLTP_BATCH,3,BATCH,66,,statements=1002
1768291169272,htap,OLTP_BATCH,4,BATCH,57,,statements=1002
1768291169280,htap,OLTP_BATCH,2,BATCH,65,,statements=1002
1768291169284,htap,OLTP_BATCH,6,BATCH,61,,statements=1002
1768291169284,htap,OLTP_BATCH,7,BATCH,60,,statements=1002
1768291169290,htap,OLTP_BATCH,5,BATCH,57,,statements=1002
1768291169293,htap,OLTP_BATCH,1,BATCH,57,,statements=1002
1768291169301,htap,OLTP_BATCH,9,BATCH,58,,statements=1002
1768291169305,htap,OLTP_BATCH,8,BATCH,67,,statements=1002
1768291169310,htap,OLTP_BATCH,0,BATCH,68,,statements=1002
1768291169312,htap,OLAP_QUERY,3,MAIN_OLAP,25,23906,
1768291169338,htap,OLTP_BATCH,3,BATCH,74,,statements=1002
1768291169346,htap,OLTP_BATCH,4,BATCH,71,,statements=1002
1768291169349,htap,OLTP_BATCH,7,BATCH,63,,statements=1002
1768291169349,htap,OLTP_BATCH,2,BATCH,67,,statements=1002
1768291169351,htap,OLTP_BATCH,6,BATCH,65,,statements=1002
1768291169351,htap,OLAP_QUERY,4,MAIN_OLAP,41,23930,
1768291169360,htap,OLTP_BATCH,5,BATCH,68,,statements=1002
1768291169361,htap,OLTP_BATCH,1,BATCH,66,,statements=1002
1768291169363,htap,OLTP_BATCH,9,BATCH,60,,statements=1002
1768291169379,htap,OLTP_BATCH,8,BATCH,72,,statements=1002
1768291169380,htap,OLTP_BATCH,0,BATCH,68,,statements=1002
1768291169389,htap,OLAP_QUERY,2,MAIN_OLAP,36,23974,
1768291169407,htap,OLTP_BATCH,3,BATCH,67,,statements=1002
1768291169410,htap,OLTP_BATCH,4,BATCH,61,,statements=1002
1768291169413,htap,OLTP_BATCH,7,BATCH,63,,statements=1002
1768291169417,htap,OLTP_BATCH,2,BATCH,65,,statements=1002
1768291169420,htap,OLTP_BATCH,6,BATCH,67,,statements=1002
1768291169423,htap,OLTP_BATCH,1,BATCH,60,,statements=1002
1768291169425,htap,OLAP_QUERY,0,MAIN_OLAP,25,24012,
1768291169426,htap,OLTP_BATCH,9,BATCH,61,,statements=1002
1768291169429,htap,OLTP_BATCH,5,BATCH,67,,statements=1002
1768291169451,htap,OLTP_BATCH,0,BATCH,69,,statements=1002
1768291169457,htap,OLTP_BATCH,8,BATCH,76,,statements=1002
1768291169484,htap,OLAP_QUERY,1,MAIN_OLAP,44,23975,
1768291169492,htap,OLTP_BATCH,3,BATCH,84,,statements=1002
1768291169492,htap,OLTP_BATCH,4,BATCH,79,,statements=1002
1768291169492,htap,OLTP_BATCH,6,BATCH,70,,statements=1002
1768291169492,htap,OLTP_BATCH,1,BATCH,67,,statements=1002
1768291169493,htap,OLTP_BATCH,7,BATCH,78,,statements=1002
1768291169497,htap,OLTP_BATCH,5,BATCH,66,,statements=1002
1768291169502,htap,OLTP_BATCH,2,BATCH,82,,statements=1002
1768291169506,htap,OLTP_BATCH,9,BATCH,78,,statements=1002
1768291169512,htap,OLTP_BATCH,0,BATCH,59,,statements=1002
1768291169517,htap,OLTP_BATCH,8,BATCH,58,,statements=1002
1768291169555,htap,OLTP_BATCH,3,BATCH,61,,statements=1002
1768291169555,htap,OLTP_BATCH,6,BATCH,60,,statements=1002
1768291169560,htap,OLTP_BATCH,5,BATCH,62,,statements=1002
1768291169561,htap,OLTP_BATCH,4,BATCH,66,,statements=1002
1768291169564,htap,OLTP_BATCH,1,BATCH,69,,statements=1002
1768291169565,htap,OLTP_BATCH,9,BATCH,58,,statements=1002
1768291169568,htap,OLTP_BATCH,7,BATCH,73,,statements=1002
1768291169572,htap,OLTP_BATCH,2,BATCH,69,,statements=1002
1768291169574,htap,OLTP_BATCH,0,BATCH,60,,statements=1002
1768291169581,htap,OLTP_BATCH,8,BATCH,62,,statements=1002
1768291169606,monitor,OLAP_FRESHNESS,-1,MONITOR_QUERY,0,24151,
1768291169635,htap,OLTP_BATCH,6,BATCH,78,,statements=1002
1768291169635,htap,OLTP_BATCH,5,BATCH,73,,statements=1002
1768291169636,htap,OLTP_BATCH,1,BATCH,69,,statements=1002
1768291169636,htap,OLTP_BATCH,7,BATCH,65,,statements=1002
1768291169637,htap,OLTP_BATCH,2,BATCH,63,,statements=1002
1768291169637,htap,OLTP_BATCH,4,BATCH,72,,statements=1002
1768291169637,htap,OLTP_BATCH,3,BATCH,78,,statements=1002
1768291169637,htap,OLTP_BATCH,9,BATCH,70,,statements=1002
1768291169638,htap,OLTP_BATCH,0,BATCH,62,,statements=1002
1768291169653,htap,OLTP_BATCH,8,BATCH,69,,statements=1002
1768291169703,htap,OLTP_BATCH,6,BATCH,66,,statements=1002
1768291169703,htap,OLTP_BATCH,0,BATCH,62,,statements=1002
1768291169703,htap,OLTP_BATCH,9,BATCH,63,,statements=1002
1768291169704,htap,OLTP_BATCH,5,BATCH,67,,statements=1002
1768291169705,htap,OLTP_BATCH,4,BATCH,66,,statements=1002
1768291169706,htap,OLTP_BATCH,1,BATCH,68,,statements=1002
1768291169711,htap,OLTP_BATCH,2,BATCH,72,,statements=1002
1768291169712,htap,OLTP_BATCH,7,BATCH,73,,statements=1002
1768291169712,htap,OLTP_BATCH,3,BATCH,72,,statements=1002
1768291169718,htap,OLTP_BATCH,8,BATCH,62,,statements=1002
1768291169774,htap,OLTP_BATCH,4,BATCH,67,,statements=1002
1768291169774,htap,OLTP_BATCH,9,BATCH,69,,statements=1002
1768291169774,htap,OLTP_BATCH,6,BATCH,69,,statements=1002
1768291169774,htap,OLTP_BATCH,5,BATCH,68,,statements=1002
1768291169780,htap,OLTP_BATCH,2,BATCH,67,,statements=1002
1768291169780,htap,OLTP_BATCH,7,BATCH,67,,statements=1002
1768291169782,htap,OLTP_BATCH,3,BATCH,67,,statements=1002
1768291169784,htap,OLTP_BATCH,0,BATCH,79,,statements=1002
1768291169797,htap,OLTP_BATCH,8,BATCH,77,,statements=1002
1768291169797,htap,OLTP_BATCH,1,BATCH,90,,statements=1002
1768291169842,htap,OLTP_BATCH,9,BATCH,64,,statements=1002
1768291169845,htap,OLTP_BATCH,4,BATCH,67,,statements=1002
1768291169848,htap,OLTP_BATCH,3,BATCH,64,,statements=1002
1768291169848,htap,OLAP_QUERY,3,MAIN_OLAP,29,24363,
1768291169848,htap,OLTP_BATCH,2,BATCH,67,,statements=1002
1768291169849,htap,OLTP_BATCH,7,BATCH,66,,statements=1002
1768291169849,htap,OLTP_BATCH,6,BATCH,69,,statements=1002
1768291169856,htap,OLTP_BATCH,5,BATCH,78,,statements=1002
1768291169864,htap,OLTP_BATCH,8,BATCH,65,,statements=1002
1768291169872,htap,OLTP_BATCH,1,BATCH,73,,statements=1002
1768291169876,htap,OLTP_BATCH,0,BATCH,89,,statements=1002
1768291169904,htap,OLTP_BATCH,4,BATCH,57,,statements=1002
1768291169908,htap,OLAP_QUERY,4,MAIN_OLAP,32,24403,
1768291169911,htap,OLTP_BATCH,9,BATCH,67,,statements=1002
1768291169915,htap,OLTP_BATCH,6,BATCH,64,,statements=1002
1768291169917,htap,OLTP_BATCH,7,BATCH,66,,statements=1002
1768291169920,htap,OLTP_BATCH,3,BATCH,70,,statements=1002
1768291169928,htap,OLTP_BATCH,5,BATCH,70,,statements=1002
1768291169935,htap,OLTP_BATCH,2,BATCH,85,,statements=1002
1768291169946,htap,OLTP_BATCH,0,BATCH,69,,statements=1002
1768291169946,htap,OLAP_QUERY,2,MAIN_OLAP,43,24440,
1768291169967,htap,OLTP_BATCH,1,BATCH,92,,statements=1002
1768291169968,htap,OLTP_BATCH,8,BATCH,102,,statements=1002
1768291169973,htap,OLAP_QUERY,0,MAIN_OLAP,40,24476,
1768291169977,htap,OLTP_BATCH,4,BATCH,71,,statements=1002
1768291169979,htap,OLTP_BATCH,9,BATCH,66,,statements=1002
1768291169981,htap,OLTP_BATCH,7,BATCH,62,,statements=1002
1768291170002,htap,OLTP_BATCH,2,BATCH,66,,statements=1002
1768291170002,htap,OLTP_BATCH,3,BATCH,80,,statements=1002
1768291170002,htap,OLTP_BATCH,6,BATCH,84,,statements=1002
1768291170012,htap,OLTP_BATCH,5,BATCH,82,,statements=1002
1768291170016,htap,OLTP_BATCH,0,BATCH,68,,statements=1002
1768291170032,htap,OLTP_BATCH,8,BATCH,62,,statements=1002
1768291170038,htap,OLTP_BATCH,1,BATCH,69,,statements=1002
1768291170042,htap,OLTP_BATCH,4,BATCH,63,,statements=1002
1768291170046,htap,OLAP_QUERY,1,MAIN_OLAP,41,24535,
1768291170048,htap,OLTP_BATCH,7,BATCH,65,,statements=1002
1768291170052,htap,OLTP_BATCH,9,BATCH,71,,statements=1002
1768291170073,htap,OLTP_BATCH,2,BATCH,69,,statements=1002
1768291170074,htap,OLTP_BATCH,3,BATCH,70,,statements=1002
1768291170074,htap,OLTP_BATCH,6,BATCH,70,,statements=1002
1768291170075,htap,OLTP_BATCH,5,BATCH,62,,statements=1002
1768291170086,htap,OLTP_BATCH,0,BATCH,68,,statements=1002
1768291170095,htap,OLTP_BATCH,8,BATCH,61,,statements=1002
1768291170107,htap,OLTP_BATCH,7,BATCH,57,,statements=1002
1768291170111,htap,OLTP_BATCH,4,BATCH,67,,statements=1002
1768291170111,htap,OLTP_BATCH,9,BATCH,57,,statements=1002
1768291170111,htap,OLTP_BATCH,1,BATCH,70,,statements=1002
1768291170133,htap,OLTP_BATCH,5,BATCH,57,,statements=1002
1768291170133,htap,OLTP_BATCH,6,BATCH,57,,statements=1002
1768291170137,htap,OLTP_BATCH,3,BATCH,61,,statements=1002
1768291170141,htap,OLTP_BATCH,2,BATCH,66,,statements=1002
1768291170150,htap,OLTP_BATCH,0,BATCH,62,,statements=1002
1768291170164,htap,OLTP_BATCH,8,BATCH,67,,statements=1002
1768291170173,htap,OLTP_BATCH,4,BATCH,60,,statements=1002
1768291170175,htap,OLTP_BATCH,7,BATCH,66,,statements=1002
1768291170176,htap,OLTP_BATCH,9,BATCH,63,,statements=1002
1768291170176,htap,OLTP_BATCH,1,BATCH,63,,statements=1002
1768291170195,htap,OLTP_BATCH,5,BATCH,60,,statements=1002
1768291170198,htap,OLTP_BATCH,6,BATCH,63,,statements=1002
1768291170202,htap,OLTP_BATCH,2,BATCH,60,,statements=1002
1768291170202,htap,OLTP_BATCH,3,BATCH,63,,statements=1002
1768291170218,htap,OLTP_BATCH,0,BATCH,67,,statements=1002
1768291170233,htap,OLTP_BATCH,8,BATCH,67,,statements=1002
1768291170239,htap,OLTP_BATCH,7,BATCH,62,,statements=1002
1768291170241,htap,OLTP_BATCH,1,BATCH,63,,statements=1002
1768291170243,htap,OLTP_BATCH,4,BATCH,68,,statements=1002
1768291170258,htap,OLTP_BATCH,9,BATCH,80,,statements=1002
1768291170258,htap,OLTP_BATCH,6,BATCH,59,,statements=1002
1768291170275,htap,OLTP_BATCH,2,BATCH,71,,statements=1002
1768291170275,htap,OLTP_BATCH,5,BATCH,78,,statements=1002
1768291170277,htap,OLTP_BATCH,3,BATCH,73,,statements=1002
1768291170289,htap,OLTP_BATCH,0,BATCH,69,,statements=1002
1768291170303,htap,OLTP_BATCH,8,BATCH,68,,statements=1002
1768291170315,htap,OLTP_BATCH,4,BATCH,70,,statements=1002
1768291170316,htap,OLTP_BATCH,1,BATCH,73,,statements=1002
1768291170317,htap,OLTP_BATCH,7,BATCH,75,,statements=1002
1768291170322,htap,OLTP_BATCH,9,BATCH,59,,statements=1002
1768291170324,htap,OLTP_BATCH,6,BATCH,64,,statements=1002
1768291170344,htap,OLTP_BATCH,2,BATCH,67,,statements=1002
1768291170351,htap,OLTP_BATCH,0,BATCH,59,,statements=1002
1768291170355,htap,OLTP_BATCH,5,BATCH,78,,statements=1002
1768291170367,htap,OLTP_BATCH,3,BATCH,88,,statements=1002
1768291170379,htap,OLTP_BATCH,8,BATCH,74,,statements=1002
1768291170384,htap,OLTP_BATCH,6,BATCH,57,,statements=1002
1768291170385,htap,OLTP_BATCH,7,BATCH,66,,statements=1002
1768291170388,htap,OLTP_BATCH,4,BATCH,71,,statements=1002
1768291170389,htap,OLTP_BATCH,9,BATCH,62,,statements=1002
1768291170390,htap,OLTP_BATCH,1,BATCH,72,,statements=1002
1768291170401,htap,OLAP_QUERY,3,MAIN_OLAP,30,24791,
1768291170409,htap,OLTP_BATCH,2,BATCH,63,,statements=1002
1768291170439,htap,OLTP_BATCH,5,BATCH,82,,statements=1002
1768291170442,htap,OLTP_BATCH,3,BATCH,73,,statements=1002
1768291170446,htap,OLTP_BATCH,0,BATCH,93,,statements=1002
1768291170448,htap,OLTP_BATCH,6,BATCH,62,,statements=1002
1768291170448,htap,OLTP_BATCH,8,BATCH,66,,statements=1002
1768291170451,htap,OLTP_BATCH,7,BATCH,64,,statements=1002
1768291170455,htap,OLTP_BATCH,4,BATCH,66,,statements=1002
1768291170457,htap,OLAP_QUERY,4,MAIN_OLAP,34,24851,
1768291170471,htap,OLTP_BATCH,9,BATCH,80,,statements=1002
1768291170472,htap,OLTP_BATCH,1,BATCH,80,,statements=1002
1768291170508,htap,OLTP_BATCH,2,BATCH,97,,statements=1002
1768291170508,htap,OLAP_QUERY,0,MAIN_OLAP,28,24916,
1768291170514,htap,OLTP_BATCH,5,BATCH,72,,statements=1002
1768291170520,htap,OLTP_BATCH,7,BATCH,67,,statements=1002
1768291170521,htap,OLAP_QUERY,2,MAIN_OLAP,59,24889,
1768291170523,htap,OLTP_BATCH,6,BATCH,73,,statements=1002
1768291170531,htap,OLTP_BATCH,8,BATCH,81,,statements=1002
1768291170534,htap,OLTP_BATCH,0,BATCH,86,,statements=1002
1768291170541,htap,OLTP_BATCH,3,BATCH,96,,statements=1002
1768291170542,htap,OLTP_BATCH,9,BATCH,69,,statements=1002
1768291170543,htap,OLTP_BATCH,4,BATCH,85,,statements=1002
1768291170554,htap,OLTP_BATCH,1,BATCH,80,,statements=1002
1768291170587,htap,OLTP_BATCH,2,BATCH,77,,statements=1002
1768291170592,htap,OLTP_BATCH,7,BATCH,70,,statements=1002
1768291170596,htap,OLTP_BATCH,6,BATCH,71,,statements=1002
1768291170600,htap,OLTP_BATCH,8,BATCH,67,,statements=1002
1768291170603,htap,OLTP_BATCH,0,BATCH,66,,statements=1002
1768291170608,htap,OLAP_QUERY,1,MAIN_OLAP,50,24989,
1768291170611,htap,OLTP_BATCH,9,BATCH,67,,statements=1002
1768291170615,htap,OLTP_BATCH,3,BATCH,72,,statements=1002
1768291170619,htap,OLTP_BATCH,5,BATCH,103,,statements=1002
1768291170620,monitor,OLAP_FRESHNESS,-1,MONITOR_QUERY,0,25049,
1768291170626,htap,OLTP_BATCH,1,BATCH,69,,statements=1002
1768291170631,htap,OLTP_BATCH,4,BATCH,86,,statements=1002
1768291170659,htap,OLTP_BATCH,8,BATCH,57,,statements=1002
1768291170664,htap,OLTP_BATCH,7,BATCH,70,,statements=1002
1768291170664,htap,OLTP_BATCH,6,BATCH,67,,statements=1002
1768291170664,htap,OLTP_BATCH,2,BATCH,75,,statements=1002
1768291170674,htap,OLTP_BATCH,0,BATCH,69,,statements=1002
1768291170675,htap,OLTP_BATCH,3,BATCH,58,,statements=1002
1768291170676,htap,OLTP_BATCH,9,BATCH,63,,statements=1002
1768291170681,htap,OLTP_BATCH,5,BATCH,60,,statements=1002
1768291170691,htap,OLTP_BATCH,1,BATCH,62,,statements=1002
1768291170696,htap,OLTP_BATCH,4,BATCH,64,,statements=1002
1768291170720,htap,OLTP_BATCH,6,BATCH,55,,statements=1002
1768291170726,htap,OLTP_BATCH,8,BATCH,66,,statements=1002
1768291170732,htap,OLTP_BATCH,0,BATCH,56,,statements=1002
1768291170733,htap,OLTP_BATCH,7,BATCH,67,,statements=1002
1768291170734,htap,OLTP_BATCH,3,BATCH,58,,statements=1002
1768291170737,htap,OLTP_BATCH,2,BATCH,71,,statements=1002
1768291170737,htap,OLTP_BATCH,9,BATCH,60,,statements=1002
1768291170744,htap,OLTP_BATCH,5,BATCH,61,,statements=1002
1768291170753,htap,OLTP_BATCH,1,BATCH,59,,statements=1002
1768291170753,htap,OLTP_BATCH,4,BATCH,55,,statements=1002
1768291170787,htap,OLTP_BATCH,6,BATCH,65,,statements=1002
1768291170792,htap,OLTP_BATCH,8,BATCH,64,,statements=1002
1768291170797,htap,OLTP_BATCH,3,BATCH,61,,statements=1002
1768291170799,htap,OLTP_BATCH,9,BATCH,61,,statements=1002
1768291170804,htap,OLTP_BATCH,0,BATCH,70,,statements=1002
1768291170804,htap,OLTP_BATCH,7,BATCH,69,,statements=1002
1768291170811,htap,OLTP_BATCH,2,BATCH,72,,statements=1002
1768291170819,htap,OLTP_BATCH,5,BATCH,74,,statements=1002
1768291170820,htap,OLTP_BATCH,4,BATCH,64,,statements=1002
1768291170835,htap,OLTP_BATCH,1,BATCH,80,,statements=1002
1768291170856,htap,OLTP_BATCH,6,BATCH,67,,statements=1002
1768291170859,htap,OLTP_BATCH,9,BATCH,58,,statements=1002
1768291170860,htap,OLTP_BATCH,3,BATCH,61,,statements=1002
1768291170866,htap,OLTP_BATCH,0,BATCH,60,,statements=1002
1768291170870,htap,OLTP_BATCH,7,BATCH,64,,statements=1002
1768291170871,htap,OLTP_BATCH,8,BATCH,77,,statements=1002
1768291170877,htap,OLTP_BATCH,2,BATCH,64,,statements=1002
1768291170891,htap,OLTP_BATCH,4,BATCH,69,,statements=1002
1768291170892,htap,OLTP_BATCH,5,BATCH,70,,statements=1002
1768291170925,htap,OLTP_BATCH,1,BATCH,88,,statements=1002
1768291170927,htap,OLTP_BATCH,3,BATCH,65,,statements=1002
1768291170931,htap,OLTP_BATCH,9,BATCH,70,,statements=1002
1768291170934,htap,OLTP_BATCH,6,BATCH,76,,statements=1002
1768291170941,htap,OLAP_QUERY,3,MAIN_OLAP,30,25344,
1768291170941,htap,OLTP_BATCH,8,BATCH,68,,statements=1002
1768291170945,htap,OLTP_BATCH,7,BATCH,73,,statements=1002
1768291170953,htap,OLTP_BATCH,2,BATCH,74,,statements=1002
1768291170955,htap,OLTP_BATCH,5,BATCH,62,,statements=1002
1768291170964,htap,OLTP_BATCH,0,BATCH,96,,statements=1002
1768291170972,htap,OLTP_BATCH,4,BATCH,78,,statements=1002
1768291170992,htap,OLTP_BATCH,3,BATCH,61,,statements=1002
1768291170995,htap,OLTP_BATCH,1,BATCH,68,,statements=1002
1768291171002,htap,OLTP_BATCH,9,BATCH,69,,statements=1002
1768291171004,htap,OLTP_BATCH,8,BATCH,62,,statements=1002
1768291171007,htap,OLTP_BATCH,6,BATCH,71,,statements=1002
1768291171015,htap,OLAP_QUERY,4,MAIN_OLAP,51,25401,
1768291171028,htap,OLTP_BATCH,7,BATCH,81,,statements=1002
1768291171031,htap,OLTP_BATCH,0,BATCH,65,,statements=1002
1768291171033,htap,OLTP_BATCH,2,BATCH,78,,statements=1002
1768291171034,htap,OLTP_BATCH,5,BATCH,77,,statements=1002
1768291171062,htap,OLTP_BATCH,4,BATCH,87,,statements=1002
1768291171064,htap,OLTP_BATCH,1,BATCH,67,,statements=1002
1768291171068,htap,OLTP_BATCH,3,BATCH,74,,statements=1002
1768291171072,htap,OLTP_BATCH,9,BATCH,67,,statements=1002
1768291171076,htap,OLAP_QUERY,0,MAIN_OLAP,44,25451,
1768291171081,htap,OLTP_BATCH,8,BATCH,75,,statements=1002
1768291171086,htap,OLAP_QUERY,2,MAIN_OLAP,55,25392,
1768291171087,htap,OLTP_BATCH,6,BATCH,78,,statements=1002
1768291171107,htap,OLTP_BATCH,2,BATCH,72,,statements=1002
1768291171108,htap,OLTP_BATCH,5,BATCH,71,,statements=1002
1768291171108,htap,OLTP_BATCH,7,BATCH,78,,statements=1002
1768291171116,htap,OLTP_BATCH,0,BATCH,83,,statements=1002
1768291171127,htap,OLTP_BATCH,4,BATCH,63,,statements=1002
1768291171128,htap,OLTP_BATCH,1,BATCH,62,,statements=1002
1768291171139,htap,OLTP_BATCH,3,BATCH,69,,statements=1002
1768291171147,htap,OLTP_BATCH,9,BATCH,73,,statements=1002
1768291171159,htap,OLTP_BATCH,6,BATCH,70,,statements=1002
1768291171168,htap,OLTP_BATCH,8,BATCH,85,,statements=1002
1768291171172,htap,OLAP_QUERY,1,MAIN_OLAP,49,25479,
1768291171181,htap,OLTP_BATCH,7,BATCH,71,,statements=1002
1768291171183,htap,OLTP_BATCH,2,BATCH,74,,statements=1002
1768291171189,htap,OLTP_BATCH,0,BATCH,71,,statements=1002
1768291171191,htap,OLTP_BATCH,5,BATCH,81,,statements=1002
1768291171202,htap,OLTP_BATCH,3,BATCH,61,,statements=1002
1768291171204,htap,OLTP_BATCH,4,BATCH,75,,statements=1002
1768291171208,htap,OLTP_BATCH,1,BATCH,78,,statements=1002
1768291171218,htap,OLTP_BATCH,9,BATCH,68,,statements=1002
1768291171225,htap,OLTP_BATCH,6,BATCH,64,,statements=1002
1768291171236,htap,OLTP_BATCH,8,BATCH,65,,statements=1002
1768291171249,htap,OLTP_BATCH,7,BATCH,66,,statements=1002
1768291171255,htap,OLTP_BATCH,0,BATCH,64,,statements=1002
1768291171256,htap,OLTP_BATCH,2,BATCH,71,,statements=1002
1768291171275,htap,OLTP_BATCH,4,BATCH,69,,statements=1002
1768291171276,htap,OLTP_BATCH,1,BATCH,66,,statements=1002
1768291171276,htap,OLTP_BATCH,5,BATCH,83,,statements=1002
1768291171276,htap,OLTP_BATCH,3,BATCH,72,,statements=1002
1768291171281,htap,OLTP_BATCH,9,BATCH,61,,statements=1002
1768291171291,htap,OLTP_BATCH,6,BATCH,64,,statements=1002
1768291171300,htap,OLTP_BATCH,8,BATCH,63,,statements=1002
1768291171314,htap,OLTP_BATCH,2,BATCH,56,,statements=1002
1768291171315,htap,OLTP_BATCH,7,BATCH,64,,statements=1002
1768291171319,htap,OLTP_BATCH,0,BATCH,63,,statements=1002
1768291171336,htap,OLTP_BATCH,5,BATCH,58,,statements=1002
1768291171340,htap,OLTP_BATCH,3,BATCH,62,,statements=1002
1768291171340,htap,OLTP_BATCH,4,BATCH,62,,statements=1002
1768291171346,htap,OLTP_BATCH,1,BATCH,68,,statements=1002
1768291171346,htap,OLTP_BATCH,9,BATCH,64,,statements=1002
1768291171352,htap,OLTP_BATCH,6,BATCH,59,,statements=1002
1768291171394,htap,OLTP_BATCH,8,BATCH,92,,statements=1002
1768291171394,htap,OLTP_BATCH,2,BATCH,77,,statements=1002
1768291171394,htap,OLTP_BATCH,0,BATCH,73,,statements=1002
1768291171394,htap,OLTP_BATCH,7,BATCH,77,,statements=1002
1768291171399,htap,OLTP_BATCH,5,BATCH,61,,statements=1002
1768291171404,htap,OLTP_BATCH,4,BATCH,62,,statements=1002
1768291171405,htap,OLTP_BATCH,3,BATCH,63,,statements=1002
1768291171408,htap,OLTP_BATCH,6,BATCH,54,,statements=1002
1768291171409,htap,OLTP_BATCH,1,BATCH,61,,statements=1002
1768291171420,htap,OLTP_BATCH,9,BATCH,73,,statements=1002
1768291171458,htap,OLTP_BATCH,0,BATCH,62,,statements=1002
1768291171460,htap,OLTP_BATCH,7,BATCH,64,,statements=1002
1768291171467,htap,OLTP_BATCH,8,BATCH,71,,statements=1002
1768291171479,htap,OLTP_BATCH,2,BATCH,83,,statements=1002
1768291171481,htap,OLTP_BATCH,5,BATCH,80,,statements=1002
1768291171481,htap,OLTP_BATCH,4,BATCH,75,,statements=1002
1768291171482,htap,OLTP_BATCH,3,BATCH,75,,statements=1002
1768291171485,htap,OLTP_BATCH,6,BATCH,75,,statements=1002
1768291171486,htap,OLAP_QUERY,3,MAIN_OLAP,40,25812,
1768291171492,htap,OLTP_BATCH,1,BATCH,81,,statements=1002
1768291171503,htap,OLTP_BATCH,9,BATCH,81,,statements=1002
1768291171534,htap,OLTP_BATCH,7,BATCH,72,,statements=1002
1768291171541,htap,OLTP_BATCH,8,BATCH,72,,statements=1002
1768291171549,htap,OLTP_BATCH,2,BATCH,68,,statements=1002
1768291171555,htap,OLTP_BATCH,5,BATCH,72,,statements=1002
1768291171555,htap,OLTP_BATCH,0,BATCH,95,,statements=1002
1768291171562,htap,OLTP_BATCH,4,BATCH,75,,statements=1002
1768291171564,htap,OLTP_BATCH,6,BATCH,77,,statements=1002
1768291171568,htap,OLTP_BATCH,3,BATCH,84,,statements=1002
1768291171570,htap,OLTP_BATCH,1,BATCH,74,,statements=1002
1768291171576,htap,OLAP_QUERY,4,MAIN_OLAP,40,25886,
1768291171587,htap,OLTP_BATCH,9,BATCH,82,,statements=1002
1768291171601,htap,OLTP_BATCH,7,BATCH,65,,statements=1002
1768291171613,htap,OLTP_BATCH,8,BATCH,70,,statements=1002
1768291171629,htap,OLAP_QUERY,0,MAIN_OLAP,45,25947,
1768291171629,htap,OLTP_BATCH,5,BATCH,72,,statements=1002
1768291171629,monitor,OLAP_FRESHNESS,-1,MONITOR_QUERY,0,25991,
1768291171631,htap,OLTP_BATCH,2,BATCH,80,,statements=1002
1768291171636,htap,OLTP_BATCH,6,BATCH,69,,statements=1002
1768291171636,htap,OLTP_BATCH,4,BATCH,72,,statements=1002
1768291171639,htap,OLTP_BATCH,3,BATCH,69,,statements=1002
1768291171642,htap,OLTP_BATCH,0,BATCH,84,,statements=1002
1768291171648,htap,OLTP_BATCH,1,BATCH,75,,statements=1002
1768291171654,htap,OLTP_BATCH,9,BATCH,65,,statements=1002
1768291171655,htap,OLAP_QUERY,2,MAIN_OLAP,60,25957,
1768291171673,htap,OLTP_BATCH,7,BATCH,70,,statements=1002
1768291171681,htap,OLTP_BATCH,8,BATCH,66,,statements=1002
1768291171695,htap,OLTP_BATCH,5,BATCH,64,,statements=1002
1768291171698,htap,OLTP_BATCH,6,BATCH,60,,statements=1002
1768291171701,htap,OLTP_BATCH,2,BATCH,68,,statements=1002
1768291171706,htap,OLTP_BATCH,4,BATCH,68,,statements=1002
1768291171713,htap,OLTP_BATCH,3,BATCH,72,,statements=1002
1768291171719,htap,OLTP_BATCH,9,BATCH,63,,statements=1002
1768291171719,htap,OLTP_BATCH,0,BATCH,75,,statements=1002
1768291171724,htap,OLAP_QUERY,1,MAIN_OLAP,35,26043,
1768291171724,htap,OLTP_BATCH,1,BATCH,73,,statements=1002
1768291171738,htap,OLTP_BATCH,7,BATCH,63,,statements=1002
1768291171743,htap,OLTP_BATCH,8,BATCH,60,,statements=1002
1768291171760,htap,OLTP_BATCH,6,BATCH,59,,statements=1002
1768291171765,htap,OLTP_BATCH,5,BATCH,67,,statements=1002
1768291171767,htap,OLTP_BATCH,2,BATCH,65,,statements=1002
1768291171777,htap,OLTP_BATCH,4,BATCH,69,,statements=1002
1768291171779,htap,OLTP_BATCH,3,BATCH,64,,statements=1002
1768291171784,htap,OLTP_BATCH,9,BATCH,63,,statements=1002
1768291171788,htap,OLTP_BATCH,0,BATCH,67,,statements=1002
1768291171798,htap,OLTP_BATCH,1,BATCH,72,,statements=1002
1768291171799,htap,OLTP_BATCH,7,BATCH,59,,statements=1002
1768291171809,htap,OLTP_BATCH,8,BATCH,64,,statements=1002
1768291171827,htap,OLTP_BATCH,5,BATCH,61,,statements=1002
1768291171829,htap,OLTP_BATCH,6,BATCH,67,,statements=1002
1768291171833,htap,OLTP_BATCH,2,BATCH,64,,statements=1002
1768291171838,htap,OLTP_BATCH,4,BATCH,59,,statements=1002
1768291171838,htap,OLTP_BATCH,3,BATCH,57,,statements=1002
1768291171848,htap,OLTP_BATCH,9,BATCH,62,,statements=1002
1768291171855,htap,OLTP_BATCH,0,BATCH,65,,statements=1002
1768291171863,htap,OLTP_BATCH,7,BATCH,62,,statements=1002
1768291171864,htap,OLTP_BATCH,1,BATCH,64,,statements=1002
1768291171894,htap,OLTP_BATCH,8,BATCH,83,,statements=1002
1768291171894,htap,OLTP_BATCH,2,BATCH,58,,statements=1002
1768291171896,htap,OLTP_BATCH,6,BATCH,66,,statements=1002
1768291171898,htap,OLTP_BATCH,5,BATCH,69,,statements=1002
1768291171905,htap,OLTP_BATCH,4,BATCH,65,,statements=1002
1768291171905,htap,OLTP_BATCH,3,BATCH,65,,statements=1002
1768291171914,htap,OLTP_BATCH,9,BATCH,64,,statements=1002
1768291171914,htap,OLTP_BATCH,0,BATCH,57,,statements=1002
1768291171925,htap,OLTP_BATCH,1,BATCH,59,,statements=1002
1768291171928,htap,OLTP_BATCH,7,BATCH,63,,statements=1002
1768291171956,htap,OLTP_BATCH,5,BATCH,56,,statements=1002
1768291171956,htap,OLTP_BATCH,2,BATCH,60,,statements=1002
1768291171957,htap,OLTP_BATCH,8,BATCH,62,,statements=1002
1768291171961,htap,OLTP_BATCH,6,BATCH,63,,statements=1002
1768291171963,htap,OLTP_BATCH,3,BATCH,55,,statements=1002
1768291171963,htap,OLTP_BATCH,4,BATCH,56,,statements=1002
1768291171974,htap,OLTP_BATCH,9,BATCH,58,,statements=1002
1768291171979,htap,OLTP_BATCH,0,BATCH,63,,statements=1002
1768291171984,htap,OLTP_BATCH,1,BATCH,57,,statements=1002
1768291171999,htap,OLTP_BATCH,7,BATCH,69,,statements=1002
1768291172015,htap,OLAP_QUERY,3,MAIN_OLAP,21,26278,
1768291172022,htap,OLTP_BATCH,5,BATCH,64,,statements=1002
1768291172023,htap,OLTP_BATCH,2,BATCH,65,,statements=1002
1768291172024,htap,OLTP_BATCH,8,BATCH,65,,statements=1002
1768291172031,htap,OLTP_BATCH,3,BATCH,67,,statements=1002
1768291172032,htap,OLTP_BATCH,6,BATCH,69,,statements=1002
1768291172033,htap,OLTP_BATCH,4,BATCH,68,,statements=1002
1768291172039,htap,OLTP_BATCH,9,BATCH,63,,statements=1002
1768291172042,htap,OLTP_BATCH,0,BATCH,62,,statements=1002
1768291172052,htap,OLTP_BATCH,1,BATCH,65,,statements=1002
1768291172078,htap,OLTP_BATCH,7,BATCH,77,,statements=1002
1768291172087,htap,OLTP_BATCH,5,BATCH,63,,statements=1002
1768291172094,htap,OLTP_BATCH,8,BATCH,69,,statements=1002
1768291172094,htap,OLTP_BATCH,3,BATCH,61,,statements=1002
1768291172094,htap,OLTP_BATCH,2,BATCH,69,,statements=1002
1768291172094,htap,OLTP_BATCH,6,BATCH,61,,statements=1002
1768291172098,htap,OLTP_BATCH,4,BATCH,63,,statements=1002
1768291172103,htap,OLTP_BATCH,9,BATCH,62,,statements=1002
1768291172110,htap,OLAP_QUERY,4,MAIN_OLAP,25,26368,
1768291172124,htap,OLTP_BATCH,1,BATCH,67,,statements=1002
1768291172129,htap,OLTP_BATCH,0,BATCH,85,,statements=1002
1768291172147,htap,OLTP_BATCH,7,BATCH,67,,statements=1002
1768291172156,htap,OLTP_BATCH,5,BATCH,67,,statements=1002
1768291172160,htap,OLTP_BATCH,2,BATCH,64,,statements=1002
1768291172164,htap,OLTP_BATCH,3,BATCH,68,,statements=1002
1768291172164,htap,OLTP_BATCH,9,BATCH,59,,statements=1002
1768291172164,htap,OLTP_BATCH,4,BATCH,63,,statements=1002
1768291172164,htap,OLTP_BATCH,6,BATCH,69,,statements=1002
1768291172166,htap,OLTP_BATCH,8,BATCH,70,,statements=1002
1768291172171,htap,OLAP_QUERY,0,MAIN_OLAP,36,26421,
1768291172188,htap,OLAP_QUERY,2,MAIN_OLAP,27,26447,
1768291172189,htap,OLTP_BATCH,1,BATCH,63,,statements=1002
1768291172195,htap,OLTP_BATCH,0,BATCH,64,,statements=1002
1768291172213,htap,OLTP_BATCH,7,BATCH,64,,statements=1002
1768291172221,htap,OLTP_BATCH,5,BATCH,62,,statements=1002
1768291172222,htap,OLTP_BATCH,9,BATCH,56,,statements=1002
1768291172224,htap,OLTP_BATCH,4,BATCH,58,,statements=1002
1768291172225,htap,OLTP_BATCH,2,BATCH,63,,statements=1002
1768291172228,htap,OLTP_BATCH,3,BATCH,62,,statements=1002
1768291172237,htap,OLTP_BATCH,8,BATCH,69,,statements=1002
1768291172238,htap,OLTP_BATCH,6,BATCH,72,,statements=1002
1768291172257,htap,OLTP_BATCH,1,BATCH,66,,statements=1002
1768291172260,htap,OLAP_QUERY,1,MAIN_OLAP,21,26516,
1768291172262,htap,OLTP_BATCH,0,BATCH,65,,statements=1002
1768291172279,htap,OLTP_BATCH,7,BATCH,64,,statements=1002
1768291172284,htap,OLTP_BATCH,9,BATCH,60,,statements=1002
1768291172287,htap,OLTP_BATCH,5,BATCH,64,,statements=1002
1768291172289,htap,OLTP_BATCH,4,BATCH,63,,statements=1002
1768291172293,htap,OLTP_BATCH,2,BATCH,65,,statements=1002
1768291172298,htap,OLTP_BATCH,3,BATCH,67,,statements=1002
1768291172300,htap,OLTP_BATCH,8,BATCH,61,,statements=1002
1768291172301,htap,OLTP_BATCH,6,BATCH,61,,statements=1002
1768291172329,htap,OLTP_BATCH,1,BATCH,71,,statements=1002
1768291172332,htap,OLTP_BATCH,0,BATCH,68,,statements=1002
1768291172350,htap,OLTP_BATCH,9,BATCH,64,,statements=1002
1768291172350,htap,OLTP_BATCH,7,BATCH,69,,statements=1002
1768291172355,htap,OLTP_BATCH,5,BATCH,66,,statements=1002
1768291172356,htap,OLTP_BATCH,4,BATCH,65,,statements=1002
1768291172363,htap,OLTP_BATCH,2,BATCH,68,,statements=1002
1768291172365,htap,OLTP_BATCH,8,BATCH,63,,statements=1002
1768291172365,htap,OLTP_BATCH,3,BATCH,65,,statements=1002
1768291172371,htap,OLTP_BATCH,6,BATCH,68,,statements=1002
1768291172395,htap,OLTP_BATCH,0,BATCH,61,,statements=1002
1768291172396,htap,OLTP_BATCH,1,BATCH,66,,statements=1002
1768291172416,htap,OLTP_BATCH,5,BATCH,59,,statements=1002
1768291172416,htap,OLTP_BATCH,7,BATCH,64,,statements=1002
1768291172419,htap,OLTP_BATCH,9,BATCH,67,,statements=1002
1768291172419,htap,OLTP_BATCH,4,BATCH,61,,statements=1002
1768291172427,htap,OLTP_BATCH,2,BATCH,62,,statements=1002
1768291172427,htap,OLTP_BATCH,8,BATCH,60,,statements=1002
1768291172429,htap,OLTP_BATCH,3,BATCH,63,,statements=1002
1768291172431,htap,OLTP_BATCH,6,BATCH,58,,statements=1002
1768291172459,htap,OLTP_BATCH,0,BATCH,62,,statements=1002
1768291172459,htap,OLTP_BATCH,1,BATCH,60,,statements=1002
1768291172475,htap,OLTP_BATCH,7,BATCH,57,,statements=1002
1768291172480,htap,OLTP_BATCH,5,BATCH,62,,statements=1002
1768291172480,htap,OLTP_BATCH,8,BATCH,51,,statements=1002
1768291172487,htap,OLTP_BATCH,4,BATCH,66,,statements=1002
1768291172489,htap,OLTP_BATCH,3,BATCH,59,,statements=1002
1768291172491,htap,OLTP_BATCH,9,BATCH,70,,statements=1002
1768291172493,htap,OLTP_BATCH,2,BATCH,65,,statements=1002
1768291172498,htap,OLTP_BATCH,6,BATCH,65,,statements=1002
1768291172523,htap,OLTP_BATCH,1,BATCH,62,,statements=1002
1768291172527,htap,OLTP_BATCH,0,BATCH,66,,statements=1002
1768291172541,htap,OLTP_BATCH,7,BATCH,64,,statements=1002
1768291172547,htap,OLTP_BATCH,8,BATCH,65,,statements=1002
1768291172549,htap,OLAP_QUERY,3,MAIN_OLAP,28,26808,
1768291172549,htap,OLTP_BATCH,5,BATCH,68,,statements=1002
1768291172549,htap,OLTP_BATCH,4,BATCH,60,,statements=1002
1768291172551,htap,OLTP_BATCH,3,BATCH,60,,statements=1002
1768291172557,htap,OLTP_BATCH,9,BATCH,64,,statements=1002
1768291172563,htap,OLTP_BATCH,2,BATCH,68,,statements=1002
1768291172569,htap,OLTP_BATCH,6,BATCH,69,,statements=1002
1768291172593,htap,OLTP_BATCH,1,BATCH,68,,statements=1002
1768291172605,htap,OLTP_BATCH,0,BATCH,76,,statements=1002
1768291172615,htap,OLTP_BATCH,4,BATCH,64,,statements=1002
1768291172616,htap,OLTP_BATCH,5,BATCH,65,,statements=1002
1768291172616,htap,OLTP_BATCH,3,BATCH,63,,statements=1002
1768291172625,htap,OLTP_BATCH,7,BATCH,82,,statements=1002
1768291172628,htap,OLTP_BATCH,9,BATCH,69,,statements=1002
1768291172628,htap,OLTP_BATCH,8,BATCH,79,,statements=1002
1768291172636,htap,OLTP_BATCH,6,BATCH,65,,statements=1002
1768291172637,monitor,OLAP_FRESHNESS,-1,MONITOR_QUERY,0,26921,
1768291172638,htap,OLTP_BATCH,2,BATCH,73,,statements=1002
1768291172652,htap,OLAP_QUERY,4,MAIN_OLAP,32,26902,
1768291172667,htap,OLTP_BATCH,1,BATCH,72,,statements=1002
1768291172671,htap,OLTP_BATCH,0,BATCH,64,,statements=1002
1768291172693,htap,OLTP_BATCH,3,BATCH,72,,statements=1002
1768291172695,htap,OLTP_BATCH,5,BATCH,75,,statements=1002
1768291172695,htap,OLTP_BATCH,9,BATCH,65,,statements=1002
1768291172695,htap,OLTP_BATCH,7,BATCH,68,,statements=1002
1768291172700,htap,OLTP_BATCH,6,BATCH,62,,statements=1002
1768291172701,htap,OLTP_BATCH,4,BATCH,81,,statements=1002
1768291172704,htap,OLTP_BATCH,8,BATCH,74,,statements=1002
1768291172708,htap,OLTP_BATCH,2,BATCH,69,,statements=1002
1768291172735,htap,OLTP_BATCH,1,BATCH,66,,statements=1002
1768291172736,htap,OLAP_QUERY,2,MAIN_OLAP,33,26910,
1768291172745,htap,OLAP_QUERY,0,MAIN_OLAP,65,26893,
1768291172752,htap,OLTP_BATCH,0,BATCH,79,,statements=1002
1768291172761,htap,OLTP_BATCH,7,BATCH,64,,statements=1002
1768291172764,htap,OLTP_BATCH,5,BATCH,67,,statements=1002
1768291172764,htap,OLTP_BATCH,9,BATCH,67,,statements=1002
1768291172770,htap,OLTP_BATCH,6,BATCH,67,,statements=1002
1768291172776,htap,OLTP_BATCH,3,BATCH,81,,statements=1002
1768291172778,htap,OLTP_BATCH,4,BATCH,75,,statements=1002
1768291172778,htap,OLTP_BATCH,2,BATCH,68,,statements=1002
1768291172796,htap,OLTP_BATCH,8,BATCH,90,,statements=1002
1768291172806,htap,OLAP_QUERY,1,MAIN_OLAP,29,26982,
1768291172818,htap,OLTP_BATCH,1,BATCH,81,,statements=1002
1768291172824,htap,OLTP_BATCH,0,BATCH,70,,statements=1002
1768291172825,htap,OLTP_BATCH,5,BATCH,59,,statements=1002
1768291172829,htap,OLTP_BATCH,7,BATCH,66,,statements=1002
1768291172844,htap,OLTP_BATCH,3,BATCH,66,,statements=1002
1768291172850,htap,OLTP_BATCH,6,BATCH,78,,statements=1002
1768291172856,htap,OLTP_BATCH,4,BATCH,76,,statements=1002
1768291172859,htap,OLTP_BATCH,9,BATCH,93,,statements=1002
1768291172867,htap,OLTP_BATCH,2,BATCH,87,,statements=1002
1768291172879,htap,OLTP_BATCH,8,BATCH,81,,statements=1002
1768291172895,htap,OLTP_BATCH,1,BATCH,75,,statements=1002
1768291172907,htap,OLTP_BATCH,5,BATCH,80,,statements=1002
1768291172908,htap,OLTP_BATCH,7,BATCH,77,,statements=1002
1768291172914,htap,OLTP_BATCH,0,BATCH,88,,statements=1002
1768291172922,htap,OLTP_BATCH,3,BATCH,75,,statements=1002
1768291172924,htap,OLTP_BATCH,6,BATCH,73,,statements=1002
1768291172929,htap,OLTP_BATCH,4,BATCH,71,,statements=1002
1768291172934,htap,OLTP_BATCH,9,BATCH,72,,statements=1002
1768291172938,htap,OLTP_BATCH,2,BATCH,69,,statements=1002
1768291172954,htap,OLTP_BATCH,8,BATCH,72,,statements=1002
1768291172962,htap,OLTP_BATCH,1,BATCH,65,,statements=1002
1768291172982,htap,OLTP_BATCH,7,BATCH,72,,statements=1002
1768291172983,htap,OLTP_BATCH,5,BATCH,73,,statements=1002
1768291172983,htap,OLTP_BATCH,0,BATCH,67,,statements=1002
1768291172983,htap,OLTP_BATCH,3,BATCH,59,,statements=1002
1768291172994,htap,OLTP_BATCH,6,BATCH,68,,statements=1002
1768291172996,htap,OLTP_BATCH,4,BATCH,65,,statements=1002
1768291172999,htap,OLTP_BATCH,9,BATCH,63,,statements=1002
1768291173006,htap,OLTP_BATCH,2,BATCH,65,,statements=1002
1768291173020,htap,OLTP_BATCH,8,BATCH,64,,statements=1002
1768291173034,htap,OLTP_BATCH,1,BATCH,70,,statements=1002
1768291173042,htap,OLTP_BATCH,7,BATCH,58,,statements=1002
1768291173043,htap,OLTP_BATCH,0,BATCH,58,,statements=1002
1768291173045,htap,OLTP_BATCH,3,BATCH,58,,statements=1002
1768291173050,htap,OLTP_BATCH,5,BATCH,65,,statements=1002
1768291173060,htap,OLTP_BATCH,4,BATCH,62,,statements=1002
1768291173070,htap,OLTP_BATCH,6,BATCH,74,,statements=1002
1768291173078,htap,OLTP_BATCH,2,BATCH,69,,statements=1002
1768291173079,htap,OLTP_BATCH,9,BATCH,78,,statements=1002
1768291173081,htap,OLAP_QUERY,3,MAIN_OLAP,28,27271,
1768291173087,htap,OLTP_BATCH,8,BATCH,65,,statements=1002
1768291173092,htap,OLTP_BATCH,1,BATCH,56,,statements=1002
1768291173108,htap,OLTP_BATCH,3,BATCH,61,,statements=1002
1768291173109,htap,OLTP_BATCH,7,BATCH,65,,statements=1002
1768291173110,htap,OLTP_BATCH,0,BATCH,64,,statements=1002
1768291173119,htap,OLTP_BATCH,5,BATCH,67,,statements=1002
1768291173127,htap,OLTP_BATCH,4,BATCH,65,,statements=1002
1768291173131,htap,OLTP_BATCH,6,BATCH,59,,statements=1002
1768291173137,htap,OLTP_BATCH,2,BATCH,57,,statements=1002
1768291173142,htap,OLTP_BATCH,9,BATCH,60,,statements=1002
1768291173150,htap,OLTP_BATCH,8,BATCH,61,,statements=1002
1768291173155,htap,OLTP_BATCH,1,BATCH,62,,statements=1002
1768291173171,htap,OLTP_BATCH,7,BATCH,61,,statements=1002
1768291173171,htap,OLTP_BATCH,3,BATCH,62,,statements=1002
1768291173174,htap,OLTP_BATCH,0,BATCH,62,,statements=1002
1768291173181,htap,OLAP_QUERY,4,MAIN_OLAP,24,27374,
1768291173186,htap,OLTP_BATCH,5,BATCH,65,,statements=1002
1768291173192,htap,OLTP_BATCH,6,BATCH,59,,statements=1002
1768291173199,htap,OLTP_BATCH,2,BATCH,60,,statements=1002
1768291173201,htap,OLTP_BATCH,4,BATCH,72,,statements=1002
1768291173205,htap,OLTP_BATCH,9,BATCH,61,,statements=1002
1768291173214,htap,OLTP_BATCH,8,BATCH,62,,statements=1002
1768291173231,htap,OLTP_BATCH,7,BATCH,58,,statements=1002
1768291173232,htap,OLTP_BATCH,3,BATCH,59,,statements=1002
1768291173233,htap,OLTP_BATCH,1,BATCH,76,,statements=1002
1768291173236,htap,OLTP_BATCH,0,BATCH,61,,statements=1002
1768291173281,htap,OLAP_QUERY,0,MAIN_OLAP,31,27467,
1768291173284,htap,OLAP_QUERY,2,MAIN_OLAP,45,27458,
1768291173284,htap,OLTP_BATCH,6,BATCH,90,,statements=1002
1768291173285,htap,OLTP_BATCH,9,BATCH,78,,statements=1002
1768291173285,htap,OLTP_BATCH,8,BATCH,69,,statements=1002
1768291173285,htap,OLTP_BATCH,5,BATCH,94,,statements=1002
1768291173285,htap,OLTP_BATCH,4,BATCH,82,,statements=1002
1768291173285,htap,OLTP_BATCH,2,BATCH,84,,statements=1002
1768291173296,htap,OLTP_BATCH,3,BATCH,62,,statements=1002
1768291173297,htap,OLTP_BATCH,1,BATCH,62,,statements=1002
1768291173300,htap,OLTP_BATCH,7,BATCH,66,,statements=1002
1768291173305,htap,OLTP_BATCH,0,BATCH,68,,statements=1002
1768291173344,htap,OLAP_QUERY,1,MAIN_OLAP,29,27529,
1768291173353,htap,OLTP_BATCH,9,BATCH,65,,statements=1002
1768291173354,htap,OLTP_BATCH,4,BATCH,66,,statements=1002
1768291173356,htap,OLTP_BATCH,5,BATCH,68,,statements=1002
1768291173358,htap,OLTP_BATCH,6,BATCH,71,,statements=1002
1768291173360,htap,OLTP_BATCH,1,BATCH,61,,statements=1002
1768291173364,htap,OLTP_BATCH,3,BATCH,66,,statements=1002
1768291173366,htap,OLTP_BATCH,0,BATCH,59,,statements=1002
1768291173366,htap,OLTP_BATCH,2,BATCH,78,,statements=1002
1768291173368,htap,OLTP_BATCH,7,BATCH,66,,statements=1002
1768291173371,htap,OLTP_BATCH,8,BATCH,83,,statements=1002
1768291173420,htap,OLTP_BATCH,9,BATCH,65,,statements=1002
1768291173420,htap,OLTP_BATCH,5,BATCH,62,,statements=1002
1768291173421,htap,OLTP_BATCH,4,BATCH,64,,statements=1002
1768291173425,htap,OLTP_BATCH,6,BATCH,65,,statements=1002
1768291173427,htap,OLTP_BATCH,2,BATCH,60,,statements=1002
1768291173430,htap,OLTP_BATCH,3,BATCH,61,,statements=1002
1768291173431,htap,OLTP_BATCH,1,BATCH,69,,statements=1002
1768291173436,htap,OLTP_BATCH,0,BATCH,68,,statements=1002
1768291173439,htap,OLTP_BATCH,7,BATCH,69,,statements=1002
1768291173443,htap,OLTP_BATCH,8,BATCH,71,,statements=1002
1768291173484,htap,OLTP_BATCH,4,BATCH,62,,statements=1002
1768291173484,htap,OLTP_BATCH,6,BATCH,57,,statements=1002
1768291173486,htap,OLTP_BATCH,2,BATCH,57,,statements=1002
1768291173486,htap,OLTP_BATCH,5,BATCH,64,,statements=1002
1768291173488,htap,OLTP_BATCH,9,BATCH,66,,statements=1002
1768291173497,htap,OLTP_BATCH,1,BATCH,64,,statements=1002
1768291173507,htap,OLTP_BATCH,3,BATCH,75,,statements=1002
1768291173507,htap,OLTP_BATCH,0,BATCH,69,,statements=1002
1768291173508,htap,OLTP_BATCH,8,BATCH,63,,statements=1002
1768291173510,htap,OLTP_BATCH,7,BATCH,68,,statements=1002
1768291173551,htap,OLTP_BATCH,4,BATCH,65,,statements=1002
1768291173553,htap,OLTP_BATCH,6,BATCH,66,,statements=1002
1768291173553,htap,OLTP_BATCH,5,BATCH,65,,statements=1002
1768291173556,htap,OLTP_BATCH,2,BATCH,68,,statements=1002
1768291173567,htap,OLTP_BATCH,1,BATCH,68,,statements=1002
1768291173567,htap,OLTP_BATCH,9,BATCH,77,,statements=1002
1768291173571,htap,OLTP_BATCH,0,BATCH,62,,statements=1002
1768291173573,htap,OLTP_BATCH,3,BATCH,64,,statements=1002
1768291173578,htap,OLTP_BATCH,8,BATCH,68,,statements=1002
1768291173579,htap,OLTP_BATCH,7,BATCH,66,,statements=1002
1768291173609,htap,OLAP_QUERY,3,MAIN_OLAP,23,27730,
1768291173617,htap,OLTP_BATCH,2,BATCH,58,,statements=1002
1768291173618,htap,OLTP_BATCH,6,BATCH,63,,statements=1002
1768291173618,htap,OLTP_BATCH,4,BATCH,64,,statements=1002
1768291173622,htap,OLTP_BATCH,5,BATCH,67,,statements=1002
1768291173624,htap,OLTP_BATCH,9,BATCH,55,,statements=1002
1768291173628,htap,OLTP_BATCH,1,BATCH,59,,statements=1002
1768291173638,htap,OLTP_BATCH,3,BATCH,62,,statements=1002
1768291173641,htap,OLTP_BATCH,0,BATCH,68,,statements=1002
1768291173643,htap,OLTP_BATCH,8,BATCH,63,,statements=1002
1768291173647,monitor,OLAP_FRESHNESS,-1,MONITOR_QUERY,0,27786,
1768291173649,htap,OLTP_BATCH,7,BATCH,68,,statements=1002
1768291173681,htap,OLTP_BATCH,2,BATCH,63,,statements=1002
1768291173691,htap,OLTP_BATCH,9,BATCH,65,,statements=1002
1768291173691,htap,OLTP_BATCH,1,BATCH,61,,statements=1002
1768291173694,htap,OLTP_BATCH,4,BATCH,74,,statements=1002
1768291173699,htap,OLTP_BATCH,6,BATCH,79,,statements=1002
1768291173703,htap,OLTP_BATCH,0,BATCH,61,,statements=1002
1768291173705,htap,OLTP_BATCH,8,BATCH,60,,statements=1002
1768291173706,htap,OLTP_BATCH,3,BATCH,66,,statements=1002
1768291173707,htap,OLTP_BATCH,7,BATCH,56,,statements=1002
1768291173707,htap,OLTP_BATCH,5,BATCH,83,,statements=1002
1768291173732,htap,OLAP_QUERY,4,MAIN_OLAP,32,27830,
1768291173757,htap,OLTP_BATCH,2,BATCH,75,,statements=1002
1768291173758,htap,OLTP_BATCH,9,BATCH,65,,statements=1002
1768291173760,htap,OLTP_BATCH,1,BATCH,67,,statements=1002
1768291173762,htap,OLTP_BATCH,3,BATCH,53,,statements=1002
1768291173764,htap,OLTP_BATCH,4,BATCH,68,,statements=1002
1768291173764,htap,OLTP_BATCH,7,BATCH,55,,statements=1002
1768291173768,htap,OLTP_BATCH,8,BATCH,61,,statements=1002
1768291173769,htap,OLTP_BATCH,0,BATCH,64,,statements=1002
1768291173771,htap,OLTP_BATCH,6,BATCH,70,,statements=1002
1768291173771,htap,OLTP_BATCH,5,BATCH,63,,statements=1002
1768291173825,htap,OLTP_BATCH,2,BATCH,65,,statements=1002
1768291173828,htap,OLTP_BATCH,9,BATCH,66,,statements=1002
1768291173831,htap,OLTP_BATCH,1,BATCH,68,,statements=1002
1768291173831,htap,OLTP_BATCH,3,BATCH,67,,statements=1002
1768291173833,htap,OLTP_BATCH,8,BATCH,63,,statements=1002
1768291173834,htap,OLTP_BATCH,4,BATCH,68,,statements=1002
1768291173834,htap,OLTP_BATCH,6,BATCH,62,,statements=1002
1768291173840,htap,OLAP_QUERY,2,MAIN_OLAP,43,27933,
1768291173840,htap,OLTP_BATCH,5,BATCH,67,,statements=1002
1768291173845,htap,OLTP_BATCH,7,BATCH,79,,statements=1002
1768291173845,htap,OLAP_QUERY,0,MAIN_OLAP,55,27930,
1768291173848,htap,OLTP_BATCH,0,BATCH,77,,statements=1002
1768291173897,htap,OLAP_QUERY,1,MAIN_OLAP,47,27993,
1768291173899,htap,OLTP_BATCH,3,BATCH,65,,statements=1002
1768291173899,htap,OLTP_BATCH,4,BATCH,63,,statements=1002
1768291173902,htap,OLTP_BATCH,1,BATCH,69,,statements=1002
1768291173906,htap,OLTP_BATCH,8,BATCH,71,,statements=1002
1768291173907,htap,OLTP_BATCH,2,BATCH,80,,statements=1002
1768291173907,htap,OLTP_BATCH,7,BATCH,60,,statements=1002
1768291173908,htap,OLTP_BATCH,9,BATCH,78,,statements=1002
1768291173913,htap,OLTP_BATCH,0,BATCH,63,,statements=1002
1768291173913,htap,OLTP_BATCH,6,BATCH,76,,statements=1002
1768291173919,htap,OLTP_BATCH,5,BATCH,77,,statements=1002
1768291173962,htap,OLTP_BATCH,4,BATCH,61,,statements=1002
1768291173965,htap,OLTP_BATCH,3,BATCH,63,,statements=1002
1768291173969,htap,OLTP_BATCH,8,BATCH,61,,statements=1002
1768291173969,htap,OLTP_BATCH,1,BATCH,65,,statements=1002
1768291173970,htap,OLTP_BATCH,2,BATCH,61,,statements=1002
1768291173975,htap,OLTP_BATCH,9,BATCH,65,,statements=1002
1768291173977,htap,OLTP_BATCH,7,BATCH,67,,statements=1002
1768291173985,htap,OLTP_BATCH,5,BATCH,64,,statements=1002
1768291173988,htap,OLTP_BATCH,6,BATCH,72,,statements=1002
1768291173996,htap,OLTP_BATCH,0,BATCH,81,,statements=1002
1768291174031,htap,OLTP_BATCH,2,BATCH,59,,statements=1002
1768291174031,htap,OLTP_BATCH,9,BATCH,54,,statements=1002
1768291174031,htap,OLTP_BATCH,8,BATCH,60,,statements=1002
1768291174031,htap,OLTP_BATCH,1,BATCH,60,,statements=1002
1768291174031,htap,OLTP_BATCH,4,BATCH,67,,statements=1002
1768291174035,htap,OLTP_BATCH,3,BATCH,68,,statements=1002
1768291174041,htap,OLTP_BATCH,5,BATCH,54,,statements=1002
1768291174045,htap,OLTP_BATCH,7,BATCH,66,,statements=1002
1768291174049,htap,OLTP_BATCH,6,BATCH,60,,statements=1002
1768291174080,htap,OLTP_BATCH,0,BATCH,82,,statements=1002
1768291174092,htap,OLTP_BATCH,1,BATCH,59,,statements=1002
1768291174094,htap,OLTP_BATCH,2,BATCH,61,,statements=1002
1768291174095,htap,OLTP_BATCH,4,BATCH,62,,statements=1002
1768291174096,htap,OLTP_BATCH,8,BATCH,63,,statements=1002
1768291174096,htap,OLTP_BATCH,9,BATCH,63,,statements=1002
1768291174100,htap,OLTP_BATCH,3,BATCH,63,,statements=1002
1768291174105,htap,OLTP_BATCH,5,BATCH,62,,statements=1002
1768291174110,htap,OLTP_BATCH,6,BATCH,60,,statements=1002
1768291174112,htap,OLTP_BATCH,7,BATCH,65,,statements=1002
1768291174153,htap,OLTP_BATCH,0,BATCH,70,,statements=1002
1768291174158,htap,OLAP_QUERY,3,MAIN_OLAP,33,28258,
1768291174161,htap,OLTP_BATCH,1,BATCH,67,,statements=1002
1768291174161,htap,OLTP_BATCH,8,BATCH,63,,statements=1002
1768291174162,htap,OLTP_BATCH,9,BATCH,64,,statements=1002
1768291174163,htap,OLTP_BATCH,4,BATCH,66,,statements=1002
1768291174164,htap,OLTP_BATCH,2,BATCH,68,,statements=1002
1768291174168,htap,OLTP_BATCH,3,BATCH,66,,statements=1002
1768291174189,htap,OLTP_BATCH,5,BATCH,81,,statements=1002
1768291174189,htap,OLTP_BATCH,6,BATCH,76,,statements=1002
1768291174189,htap,OLTP_BATCH,7,BATCH,75,,statements=1002
1768291174220,htap,OLTP_BATCH,1,BATCH,57,,statements=1002
1768291174222,htap,OLTP_BATCH,0,BATCH,68,,statements=1002
1768291174223,htap,OLTP_BATCH,9,BATCH,59,,statements=1002
1768291174225,htap,OLTP_BATCH,2,BATCH,59,,statements=1002
1768291174226,htap,OLTP_BATCH,4,BATCH,61,,statements=1002
1768291174227,htap,OLTP_BATCH,8,BATCH,64,,statements=1002
1768291174244,htap,OLTP_BATCH,3,BATCH,74,,statements=1002
1768291174253,htap,OLTP_BATCH,6,BATCH,62,,statements=1002
1768291174257,htap,OLTP_BATCH,5,BATCH,66,,statements=1002
1768291174259,htap,OLTP_BATCH,7,BATCH,68,,statements=1002
1768291174272,htap,OLAP_QUERY,4,MAIN_OLAP,27,28261,
1768291174280,htap,OLTP_BATCH,0,BATCH,57,,statements=1002
1768291174284,htap,OLTP_BATCH,4,BATCH,57,,statements=1002
1768291174286,htap,OLTP_BATCH,1,BATCH,65,,statements=1002
1768291174289,htap,OLTP_BATCH,8,BATCH,60,,statements=1002
1768291174294,htap,OLTP_BATCH,9,BATCH,69,,statements=1002
1768291174299,htap,OLTP_BATCH,2,BATCH,72,,statements=1002
1768291174310,htap,OLTP_BATCH,3,BATCH,64,,statements=1002
1768291174316,htap,OLTP_BATCH,6,BATCH,61,,statements=1002
1768291174325,htap,OLTP_BATCH,5,BATCH,66,,statements=1002
1768291174327,htap,OLTP_BATCH,7,BATCH,66,,statements=1002
1768291174341,htap,OLTP_BATCH,0,BATCH,59,,statements=1002
1768291174344,htap,OLTP_BATCH,4,BATCH,58,,statements=1002
1768291174349,htap,OLTP_BATCH,1,BATCH,61,,statements=1002
1768291174357,htap,OLTP_BATCH,8,BATCH,66,,statements=1002
1768291174360,htap,OLTP_BATCH,9,BATCH,60,,statements=1002
1768291174371,htap,OLTP_BATCH,2,BATCH,70,,statements=1002
1768291174391,htap,OLTP_BATCH,6,BATCH,73,,statements=1002
1768291174395,htap,OLTP_BATCH,3,BATCH,83,,statements=1002
1768291174401,htap,OLTP_BATCH,5,BATCH,74,,statements=1002
1768291174402,htap,OLTP_BATCH,7,BATCH,73,,statements=1002
1768291174416,htap,OLAP_QUERY,2,MAIN_OLAP,55,28369,
1768291174418,htap,OLAP_QUERY,0,MAIN_OLAP,60,28374,
1768291174419,htap,OLTP_BATCH,0,BATCH,76,,statements=1002
1768291174425,htap,OLTP_BATCH,9,BATCH,63,,statements=1002
1768291174437,htap,OLTP_BATCH,2,BATCH,64,,statements=1002
1768291174438,htap,OLAP_QUERY,1,MAIN_OLAP,33,28427,
1768291174439,htap,OLTP_BATCH,1,BATCH,87,,statements=1002
1768291174443,htap,OLTP_BATCH,8,BATCH,84,,statements=1002
1768291174446,htap,OLTP_BATCH,4,BATCH,100,,statements=1002
1768291174459,htap,OLTP_BATCH,6,BATCH,66,,statements=1002
1768291174466,htap,OLTP_BATCH,3,BATCH,69,,statements=1002
1768291174466,htap,OLTP_BATCH,7,BATCH,62,,statements=1002
1768291174483,htap,OLTP_BATCH,0,BATCH,62,,statements=1002
1768291174485,htap,OLTP_BATCH,5,BATCH,82,,statements=1002
1768291174485,htap,OLTP_BATCH,9,BATCH,58,,statements=1002
1768291174501,htap,OLTP_BATCH,2,BATCH,62,,statements=1002
1768291174506,htap,OLTP_BATCH,4,BATCH,59,,statements=1002
1768291174507,htap,OLTP_BATCH,8,BATCH,62,,statements=1002
1768291174509,htap,OLTP_BATCH,1,BATCH,68,,statements=1002
1768291174523,htap,OLTP_BATCH,6,BATCH,62,,statements=1002
1768291174527,htap,OLTP_BATCH,3,BATCH,60,,statements=1002
1768291174535,htap,OLTP_BATCH,7,BATCH,66,,statements=1002
1768291174548,htap,OLTP_BATCH,0,BATCH,63,,statements=1002
1768291174548,htap,OLTP_BATCH,9,BATCH,61,,statements=1002
1768291174550,htap,OLTP_BATCH,5,BATCH,64,,statements=1002
1768291174562,htap,OLTP_BATCH,2,BATCH,59,,statements=1002
1768291174565,htap,OLTP_BATCH,8,BATCH,56,,statements=1002
1768291174573,htap,OLTP_BATCH,4,BATCH,65,,statements=1002
1768291174573,htap,OLTP_BATCH,1,BATCH,62,,statements=1002
1768291174585,htap,OLTP_BATCH,6,BATCH,60,,statements=1002
1768291174588,htap,OLTP_BATCH,3,BATCH,60,,statements=1002
1768291174609,htap,OLTP_BATCH,7,BATCH,72,,statements=1002
1768291174615,htap,OLTP_BATCH,0,BATCH,65,,statements=1002
1768291174616,htap,OLTP_BATCH,5,BATCH,65,,statements=1002
1768291174617,htap,OLTP_BATCH,9,BATCH,67,,statements=1002
1768291174629,htap,OLTP_BATCH,2,BATCH,65,,statements=1002
1768291174631,htap,OLTP_BATCH,8,BATCH,64,,statements=1002
1768291174646,htap,OLTP_BATCH,4,BATCH,71,,statements=1002
1768291174646,htap,OLTP_BATCH,1,BATCH,71,,statements=1002
1768291174652,monitor,OLAP_FRESHNESS,-1,MONITOR_QUERY,0,28676,
1768291174652,htap,OLTP_BATCH,3,BATCH,62,,statements=1002
1768291174654,htap,OLTP_BATCH,6,BATCH,67,,statements=1002
1768291174674,htap,OLTP_BATCH,7,BATCH,62,,statements=1002
1768291174678,htap,OLTP_BATCH,5,BATCH,60,,statements=1002
1768291174687,htap,OLAP_QUERY,3,MAIN_OLAP,24,28687,
1768291174687,htap,OLTP_BATCH,9,BATCH,68,,statements=1002
1768291174688,htap,OLTP_BATCH,0,BATCH,71,,statements=1002
1768291174697,htap,OLTP_BATCH,8,BATCH,64,,statements=1002
1768291174698,htap,OLTP_BATCH,2,BATCH,67,,statements=1002
1768291174711,htap,OLTP_BATCH,1,BATCH,64,,statements=1002
1768291174712,htap,OLTP_BATCH,4,BATCH,64,,statements=1002
1768291174724,htap,OLTP_BATCH,6,BATCH,68,,statements=1002
1768291174727,htap,OLTP_BATCH,3,BATCH,73,,statements=1002
1768291174741,htap,OLTP_BATCH,7,BATCH,65,,statements=1002
1768291174742,htap,OLTP_BATCH,5,BATCH,62,,statements=1002
1768291174746,htap,OLTP_BATCH,9,BATCH,57,,statements=1002
1768291174754,htap,OLTP_BATCH,2,BATCH,54,,statements=1002
1768291174754,htap,OLTP_BATCH,0,BATCH,64,,statements=1002
1768291174762,htap,OLTP_BATCH,8,BATCH,63,,statements=1002
1768291174776,htap,OLTP_BATCH,1,BATCH,63,,statements=1002
1768291174784,htap,OLTP_BATCH,4,BATCH,70,,statements=1002
1768291174789,htap,OLTP_BATCH,6,BATCH,63,,statements=1002
1768291174794,htap,OLTP_BATCH,3,BATCH,66,,statements=1002
1768291174803,htap,OLTP_BATCH,7,BATCH,59,,statements=1002
1768291174810,htap,OLTP_BATCH,5,BATCH,66,,statements=1002
1768291174820,htap,OLAP_QUERY,4,MAIN_OLAP,37,28801,
1768291174821,htap,OLTP_BATCH,0,BATCH,65,,statements=1002
1768291174822,htap,OLTP_BATCH,9,BATCH,74,,statements=1002
1768291174828,htap,OLTP_BATCH,2,BATCH,73,,statements=1002
1768291174833,htap,OLTP_BATCH,8,BATCH,69,,statements=1002
1768291174846,htap,OLTP_BATCH,1,BATCH,68,,statements=1002
1768291174847,htap,OLTP_BATCH,4,BATCH,61,,statements=1002
1768291174862,htap,OLTP_BATCH,6,BATCH,71,,statements=1002
1768291174865,htap,OLTP_BATCH,3,BATCH,69,,statements=1002
1768291174874,htap,OLTP_BATCH,7,BATCH,69,,statements=1002
1768291174882,htap,OLTP_BATCH,9,BATCH,58,,statements=1002
1768291174889,htap,OLTP_BATCH,5,BATCH,77,,statements=1002
1768291174893,htap,OLTP_BATCH,0,BATCH,71,,statements=1002
1768291174901,htap,OLTP_BATCH,8,BATCH,66,,statements=1002
1768291174905,htap,OLTP_BATCH,2,BATCH,75,,statements=1002
1768291174914,htap,OLTP_BATCH,1,BATCH,66,,statements=1002
1768291174937,htap,OLTP_BATCH,4,BATCH,88,,statements=1002
1768291174958,htap,OLTP_BATCH,7,BATCH,83,,statements=1002
1768291174958,htap,OLTP_BATCH,3,BATCH,91,,statements=1002
1768291174966,htap,OLAP_QUERY,2,MAIN_OLAP,41,28945,
1768291174969,htap,OLAP_QUERY,0,MAIN_OLAP,46,28947,
1768291174970,htap,OLAP_QUERY,1,MAIN_OLAP,27,28967,
1768291174982,htap,OLTP_BATCH,6,BATCH,118,,statements=1002
1768291174982,htap,OLTP_BATCH,5,BATCH,91,,statements=1002
1768291175005,htap,OLTP_BATCH,8,BATCH,102,,statements=1002
1768291175005,htap,OLTP_BATCH,0,BATCH,111,,statements=1002
1768291175005,htap,OLTP_BATCH,2,BATCH,98,,statements=1002
1768291175005,htap,OLTP_BATCH,9,BATCH,120,,statements=1002
1768291175031,htap,OLTP_BATCH,4,BATCH,92,,statements=1002
1768291175031,htap,OLTP_BATCH,1,BATCH,115,,statements=1002
1768291175032,htap,OLTP_BATCH,7,BATCH,71,,statements=1002
1768291175032,htap,OLTP_BATCH,3,BATCH,72,,statements=1002
1768291175040,htap,OLTP_BATCH,6,BATCH,56,,statements=1002
1768291175042,htap,OLTP_BATCH,5,BATCH,58,,statements=1002
1768291175063,htap,OLTP_BATCH,9,BATCH,57,,statements=1002
1768291175067,htap,OLTP_BATCH,2,BATCH,60,,statements=1002
1768291175067,htap,OLTP_BATCH,0,BATCH,61,,statements=1002
1768291175070,htap,OLTP_BATCH,8,BATCH,63,,statements=1002
1768291175096,htap,OLTP_BATCH,3,BATCH,62,,statements=1002
1768291175096,htap,OLTP_BATCH,7,BATCH,62,,statements=1002
1768291175096,htap,OLTP_BATCH,4,BATCH,63,,statements=1002
1768291175102,htap,OLTP_BATCH,6,BATCH,61,,statements=1002
1768291175106,htap,OLTP_BATCH,1,BATCH,73,,statements=1002
1768291175106,htap,OLTP_BATCH,5,BATCH,62,,statements=1002
1768291175138,htap,OLTP_BATCH,9,BATCH,73,,statements=1002
1768291175140,htap,OLTP_BATCH,2,BATCH,72,,statements=1002
1768291175140,htap,OLTP_BATCH,0,BATCH,71,,statements=1002
1768291175140,htap,OLTP_BATCH,8,BATCH,68,,statements=1002
1768291175156,htap,OLTP_BATCH,7,BATCH,58,,statements=1002
1768291175159,htap,OLTP_BATCH,3,BATCH,61,,statements=1002
1768291175161,htap,OLTP_BATCH,4,BATCH,63,,statements=1002
1768291175162,htap,OLTP_BATCH,6,BATCH,58,,statements=1002
1768291175168,htap,OLTP_BATCH,1,BATCH,59,,statements=1002
1768291175183,htap,OLTP_BATCH,5,BATCH,74,,statements=1002
1768291175200,htap,OLTP_BATCH,9,BATCH,61,,statements=1002
1768291175201,htap,OLTP_BATCH,8,BATCH,59,,statements=1002
1768291175205,htap,OLTP_BATCH,0,BATCH,62,,statements=1002
1768291175208,htap,OLTP_BATCH,2,BATCH,65,,statements=1002
1768291175221,htap,OLAP_QUERY,3,MAIN_OLAP,29,29140,
1768291175223,htap,OLTP_BATCH,7,BATCH,65,,statements=1002
1768291175224,htap,OLTP_BATCH,6,BATCH,61,,statements=1002
1768291175224,htap,OLTP_BATCH,3,BATCH,64,,statements=1002
1768291175231,htap,OLTP_BATCH,4,BATCH,67,,statements=1002
1768291175233,htap,OLTP_BATCH,1,BATCH,63,,statements=1002
1768291175251,htap,OLTP_BATCH,5,BATCH,66,,statements=1002
1768291175269,htap,OLTP_BATCH,8,BATCH,65,,statements=1002
1768291175269,htap,OLTP_BATCH,0,BATCH,62,,statements=1002
1768291175277,htap,OLTP_BATCH,9,BATCH,74,,statements=1002
1768291175282,htap,OLTP_BATCH,2,BATCH,72,,statements=1002
1768291175285,htap,OLTP_BATCH,7,BATCH,60,,statements=1002
1768291175289,htap,OLTP_BATCH,6,BATCH,63,,statements=1002
1768291175290,htap,OLTP_BATCH,3,BATCH,64,,statements=1002
1768291175298,htap,OLTP_BATCH,4,BATCH,66,,statements=1002
1768291175304,htap,OLTP_BATCH,1,BATCH,69,,statements=1002
1768291175320,htap,OLTP_BATCH,5,BATCH,67,,statements=1002
1768291175335,htap,OLTP_BATCH,8,BATCH,64,,statements=1002
1768291175336,htap,OLTP_BATCH,0,BATCH,66,,statements=1002
1768291175346,htap,OLTP_BATCH,9,BATCH,67,,statements=1002
1768291175347,htap,OLTP_BATCH,2,BATCH,63,,statements=1002
1768291175349,htap,OLTP_BATCH,7,BATCH,62,,statements=1002
1768291175356,htap,OLTP_BATCH,6,BATCH,65,,statements=1002
1768291175360,htap,OLTP_BATCH,3,BATCH,68,,statements=1002
1768291175365,htap,OLAP_QUERY,4,MAIN_OLAP,33,29273,
1768291175371,htap,OLTP_BATCH,4,BATCH,71,,statements=1002
1768291175372,htap,OLTP_BATCH,1,BATCH,66,,statements=1002
1768291175396,htap,OLTP_BATCH,5,BATCH,75,,statements=1002
1768291175399,htap,OLTP_BATCH,0,BATCH,60,,statements=1002
1768291175406,htap,OLTP_BATCH,8,BATCH,69,,statements=1002
1768291175411,htap,OLTP_BATCH,2,BATCH,62,,statements=1002
1768291175414,htap,OLTP_BATCH,9,BATCH,65,,statements=1002
1768291175416,htap,OLTP_BATCH,7,BATCH,64,,statements=1002
1768291175418,htap,OLTP_BATCH,6,BATCH,60,,statements=1002
1768291175437,htap,OLTP_BATCH,4,BATCH,64,,statements=1002
1768291175439,htap,OLTP_BATCH,1,BATCH,65,,statements=1002
1768291175443,htap,OLTP_BATCH,3,BATCH,81,,statements=1002
1768291175463,htap,OLTP_BATCH,0,BATCH,62,,statements=1002
1768291175472,htap,OLTP_BATCH,5,BATCH,74,,statements=1002
1768291175475,htap,OLTP_BATCH,2,BATCH,62,,statements=1002
1768291175483,htap,OLTP_BATCH,7,BATCH,66,,statements=1002
1768291175483,htap,OLTP_BATCH,8,BATCH,75,,statements=1002
1768291175487,htap,OLTP_BATCH,9,BATCH,71,,statements=1002
1768291175501,htap,OLTP_BATCH,6,BATCH,81,,statements=1002
1768291175507,htap,OLTP_BATCH,4,BATCH,68,,statements=1002
1768291175508,htap,OLTP_BATCH,1,BATCH,64,,statements=1002
1768291175523,htap,OLAP_QUERY,2,MAIN_OLAP,43,29419,
1768291175523,htap,OLAP_QUERY,0,MAIN_OLAP,42,29422,
1768291175537,htap,OLTP_BATCH,0,BATCH,72,,statements=1002
1768291175537,htap,OLTP_BATCH,3,BATCH,92,,statements=1002
1768291175539,htap,OLAP_QUERY,1,MAIN_OLAP,52,29424,
1768291175544,htap,OLTP_BATCH,5,BATCH,71,,statements=1002
1768291175550,htap,OLTP_BATCH,2,BATCH,73,,statements=1002
1768291175550,htap,OLTP_BATCH,9,BATCH,60,,statements=1002
1768291175551,htap,OLTP_BATCH,8,BATCH,66,,statements=1002
1768291175552,htap,OLTP_BATCH,7,BATCH,67,,statements=1002
1768291175569,htap,OLTP_BATCH,4,BATCH,60,,statements=1002
1768291175570,htap,OLTP_BATCH,1,BATCH,61,,statements=1002
1768291175571,htap,OLTP_BATCH,6,BATCH,68,,statements=1002
1768291175616,htap,OLTP_BATCH,3,BATCH,76,,statements=1002
1768291175616,htap,OLTP_BATCH,0,BATCH,77,,statements=1002
1768291175616,htap,OLTP_BATCH,5,BATCH,70,,statements=1002
1768291175616,htap,OLTP_BATCH,7,BATCH,62,,statements=1002
1768291175617,htap,OLTP_BATCH,2,BATCH,65,,statements=1002
1768291175619,htap,OLTP_BATCH,8,BATCH,65,,statements=1002
1768291175622,htap,OLTP_BATCH,9,BATCH,69,,statements=1002
1768291175629,htap,OLTP_BATCH,4,BATCH,59,,statements=1002
1768291175630,htap,OLTP_BATCH,1,BATCH,58,,statements=1002
1768291175639,htap,OLTP_BATCH,6,BATCH,66,,statements=1002
1768291175656,monitor,OLAP_FRESHNESS,-1,MONITOR_QUERY,0,29605,
1768291175676,htap,OLTP_BATCH,3,BATCH,58,,statements=1002
1768291175677,htap,OLTP_BATCH,2,BATCH,58,,statements=1002
1768291175678,htap,OLTP_BATCH,8,BATCH,58,,statements=1002
1768291175680,htap,OLTP_BATCH,5,BATCH,62,,statements=1002
1768291175680,htap,OLTP_BATCH,0,BATCH,62,,statements=1002
1768291175680,htap,OLTP_BATCH,7,BATCH,62,,statements=1002
1768291175684,htap,OLTP_BATCH,1,BATCH,52,,statements=1002
1768291175686,htap,OLTP_BATCH,9,BATCH,62,,statements=1002
1768291175697,htap,OLTP_BATCH,4,BATCH,66,,statements=1002
1768291175702,htap,OLTP_BATCH,6,BATCH,61,,statements=1002
1768291175739,htap,OLTP_BATCH,2,BATCH,61,,statements=1002
1768291175739,htap,OLTP_BATCH,5,BATCH,58,,statements=1002
1768291175741,htap,OLTP_BATCH,3,BATCH,63,,statements=1002
1768291175744,htap,OLTP_BATCH,8,BATCH,64,,statements=1002
1768291175750,htap,OLTP_BATCH,9,BATCH,62,,statements=1002
1768291175750,htap,OLTP_BATCH,1,BATCH,64,,statements=1002
1768291175753,htap,OLTP_BATCH,0,BATCH,71,,statements=1002
1768291175760,htap,OLAP_QUERY,3,MAIN_OLAP,31,29674,
1768291175763,htap,OLTP_BATCH,7,BATCH,81,,statements=1002
1768291175766,htap,OLTP_BATCH,6,BATCH,62,,statements=1002
1768291175766,htap,OLTP_BATCH,4,BATCH,67,,statements=1002
1768291175810,htap,OLTP_BATCH,8,BATCH,64,,statements=1002
1768291175810,htap,OLTP_BATCH,2,BATCH,69,,statements=1002
1768291175810,htap,OLTP_BATCH,3,BATCH,68,,statements=1002
1768291175812,htap,OLTP_BATCH,9,BATCH,60,,statements=1002
1768291175813,htap,OLTP_BATCH,5,BATCH,72,,statements=1002
1768291175818,htap,OLTP_BATCH,0,BATCH,63,,statements=1002
1768291175821,htap,OLTP_BATCH,1,BATCH,69,,statements=1002
1768291175829,htap,OLTP_BATCH,7,BATCH,64,,statements=1002
1768291175834,htap,OLTP_BATCH,6,BATCH,66,,statements=1002
1768291175842,htap,OLTP_BATCH,4,BATCH,74,,statements=1002
1768291175876,htap,OLTP_BATCH,8,BATCH,64,,statements=1002
1768291175881,htap,OLTP_BATCH,5,BATCH,66,,statements=1002
1768291175884,htap,OLTP_BATCH,3,BATCH,72,,statements=1002
1768291175889,htap,OLTP_BATCH,7,BATCH,58,,statements=1002
1768291175891,htap,OLTP_BATCH,9,BATCH,77,,statements=1002
1768291175891,htap,OLTP_BATCH,1,BATCH,67,,statements=1002
1768291175891,htap,OLTP_BATCH,2,BATCH,79,,statements=1002
1768291175892,htap,OLTP_BATCH,0,BATCH,72,,statements=1002
1768291175906,htap,OLTP_BATCH,4,BATCH,62,,statements=1002
1768291175910,htap,OLAP_QUERY,4,MAIN_OLAP,40,29711,
1768291175922,htap,OLTP_BATCH,6,BATCH,87,,statements=1002
1768291175945,htap,OLTP_BATCH,5,BATCH,62,,statements=1002
1768291175945,htap,OLTP_BATCH,8,BATCH,67,,statements=1002
1768291175946,htap,OLTP_BATCH,3,BATCH,60,,statements=1002
1768291175953,htap,OLTP_BATCH,7,BATCH,62,,statements=1002
1768291175955,htap,OLTP_BATCH,0,BATCH,61,,statements=1002
1768291175957,htap,OLTP_BATCH,9,BATCH,64,,statements=1002
1768291175958,htap,OLTP_BATCH,2,BATCH,65,,statements=1002
1768291175959,htap,OLTP_BATCH,1,BATCH,65,,statements=1002
1768291175974,htap,OLTP_BATCH,4,BATCH,66,,statements=1002
1768291175985,htap,OLTP_BATCH,6,BATCH,61,,statements=1002
1768291176007,htap,OLTP_BATCH,5,BATCH,60,,statements=1002
1768291176011,htap,OLTP_BATCH,8,BATCH,64,,statements=1002
1768291176014,htap,OLTP_BATCH,3,BATCH,66,,statements=1002
1768291176022,htap,OLTP_BATCH,7,BATCH,67,,statements=1002
1768291176022,htap,OLTP_BATCH,9,BATCH,63,,statements=1002
1768291176024,htap,OLTP_BATCH,2,BATCH,63,,statements=1002
1768291176027,htap,OLTP_BATCH,0,BATCH,70,,statements=1002
1768291176039,htap,OLTP_BATCH,1,BATCH,78,,statements=1002
1768291176057,htap,OLTP_BATCH,4,BATCH,81,,statements=1002
1768291176090,htap,OLTP_BATCH,6,BATCH,103,,statements=1002
1768291176096,htap,OLTP_BATCH,3,BATCH,80,,statements=1002
1768291176096,htap,OLTP_BATCH,5,BATCH,87,,statements=1002
1768291176100,htap,OLAP_QUERY,0,MAIN_OLAP,56,29869,
1768291176107,htap,OLAP_QUERY,2,MAIN_OLAP,55,29869,
1768291176123,htap,OLTP_BATCH,2,BATCH,97,,statements=1002
1768291176126,htap,OLTP_BATCH,0,BATCH,97,,statements=1002
1768291176131,htap,OLTP_BATCH,4,BATCH,72,,statements=1002
1768291176133,htap,OLTP_BATCH,1,BATCH,92,,statements=1002
1768291176136,htap,OLTP_BATCH,7,BATCH,112,,statements=1002
1768291176137,htap,OLTP_BATCH,9,BATCH,112,,statements=1002
1768291176137,htap,OLAP_QUERY,1,MAIN_OLAP,80,29885,
1768291176139,htap,OLTP_BATCH,8,BATCH,124,,statements=1002
1768291176168,htap,OLTP_BATCH,3,BATCH,70,,statements=1002
1768291176171,htap,OLTP_BATCH,6,BATCH,79,,statements=1002
1768291176188,htap,OLTP_BATCH,5,BATCH,90,,statements=1002
1768291176191,htap,OLTP_BATCH,2,BATCH,66,,statements=1002
1768291176195,htap,OLTP_BATCH,0,BATCH,61,,statements=1002
1768291176206,htap,OLTP_BATCH,4,BATCH,73,,statements=1002
1768291176206,htap,OLTP_BATCH,8,BATCH,65,,statements=1002
1768291176207,htap,OLTP_BATCH,9,BATCH,64,,statements=1002
1768291176213,htap,OLTP_BATCH,7,BATCH,75,,statements=1002
1768291176215,htap,OLTP_BATCH,1,BATCH,80,,statements=1002
1768291176234,htap,OLTP_BATCH,6,BATCH,61,,statements=1002
1768291176243,htap,OLTP_BATCH,3,BATCH,73,,statements=1002
1768291176263,htap,OLTP_BATCH,0,BATCH,66,,statements=1002
1768291176269,htap,OLTP_BATCH,4,BATCH,61,,statements=1002
1768291176271,htap,OLTP_BATCH,2,BATCH,78,,statements=1002
1768291176279,htap,OLTP_BATCH,9,BATCH,70,,statements=1002
1768291176280,htap,OLTP_BATCH,7,BATCH,65,,statements=1002
1768291176281,htap,OLTP_BATCH,5,BATCH,91,,statements=1002
1768291176290,htap,OLTP_BATCH,8,BATCH,82,,statements=1002
1768291176291,htap,OLTP_BATCH,1,BATCH,74,,statements=1002
1768291176305,htap,OLTP_BATCH,6,BATCH,69,,statements=1002
1768291176313,htap,OLAP_QUERY,3,MAIN_OLAP,43,30106,
1768291176320,htap,OLTP_BATCH,3,BATCH,75,,statements=1002
1768291176334,htap,OLTP_BATCH,0,BATCH,69,,statements=1002
1768291176343,htap,OLTP_BATCH,2,BATCH,70,,statements=1002
1768291176343,htap,OLTP_BATCH,4,BATCH,72,,statements=1002
1768291176351,htap,OLTP_BATCH,5,BATCH,67,,statements=1002
1768291176351,htap,OLTP_BATCH,9,BATCH,70,,statements=1002
1768291176354,htap,OLTP_BATCH,7,BATCH,72,,statements=1002
1768291176369,htap,OLTP_BATCH,8,BATCH,77,,statements=1002
1768291176369,htap,OLTP_BATCH,6,BATCH,61,,statements=1002
1768291176370,htap,OLTP_BATCH,1,BATCH,77,,statements=1002
1768291176393,htap,OLTP_BATCH,3,BATCH,71,,statements=1002
1768291176398,htap,OLTP_BATCH,0,BATCH,61,,statements=1002
1768291176409,htap,OLTP_BATCH,4,BATCH,65,,statements=1002
1768291176410,htap,OLTP_BATCH,7,BATCH,55,,statements=1002
1768291176411,htap,OLTP_BATCH,9,BATCH,58,,statements=1002
1768291176413,htap,OLTP_BATCH,2,BATCH,68,,statements=1002
1768291176422,htap,OLTP_BATCH,5,BATCH,70,,statements=1002
1768291176439,htap,OLTP_BATCH,1,BATCH,67,,statements=1002
1768291176439,htap,OLTP_BATCH,8,BATCH,68,,statements=1002
1768291176449,htap,OLTP_BATCH,6,BATCH,78,,statements=1002
1768291176450,htap,OLAP_QUERY,4,MAIN_OLAP,35,30256,
1768291176469,htap,OLTP_BATCH,0,BATCH,68,,statements=1002
1768291176471,htap,OLTP_BATCH,3,BATCH,76,,statements=1002
1768291176476,htap,OLTP_BATCH,9,BATCH,62,,statements=1002
1768291176481,htap,OLTP_BATCH,2,BATCH,66,,statements=1002
1768291176481,htap,OLTP_BATCH,4,BATCH,70,,statements=1002
1768291176498,htap,OLTP_BATCH,5,BATCH,74,,statements=1002
1768291176498,htap,OLTP_BATCH,8,BATCH,57,,statements=1002
1768291176498,htap,OLTP_BATCH,7,BATCH,86,,statements=1002
1768291176502,htap,OLTP_BATCH,1,BATCH,61,,statements=1002
1768291176521,htap,OLTP_BATCH,6,BATCH,70,,statements=1002
1768291176532,htap,OLTP_BATCH,3,BATCH,59,,statements=1002
1768291176535,htap,OLTP_BATCH,0,BATCH,63,,statements=1002
1768291176541,htap,OLTP_BATCH,9,BATCH,63,,statements=1002
1768291176545,htap,OLTP_BATCH,2,BATCH,63,,statements=1002
1768291176546,htap,OLTP_BATCH,4,BATCH,63,,statements=1002
1768291176575,htap,OLTP_BATCH,5,BATCH,75,,statements=1002
1768291176575,htap,OLTP_BATCH,8,BATCH,76,,statements=1002
1768291176575,htap,OLTP_BATCH,1,BATCH,71,,statements=1002
1768291176575,htap,OLTP_BATCH,7,BATCH,74,,statements=1002
1768291176584,htap,OLTP_BATCH,6,BATCH,60,,statements=1002
1768291176591,htap,OLTP_BATCH,3,BATCH,57,,statements=1002
1768291176595,htap,OLTP_BATCH,0,BATCH,58,,statements=1002
1768291176596,htap,OLTP_BATCH,9,BATCH,53,,statements=1002
1768291176612,htap,OLTP_BATCH,2,BATCH,65,,statements=1002
1768291176616,htap,OLTP_BATCH,4,BATCH,69,,statements=1002
1768291176646,htap,OLAP_QUERY,0,MAIN_OLAP,35,30447,
1768291176649,htap,OLTP_BATCH,7,BATCH,72,,statements=1002
1768291176649,htap,OLTP_BATCH,5,BATCH,72,,statements=1002
1768291176654,htap,OLTP_BATCH,1,BATCH,77,,statements=1002
1768291176659,htap,OLTP_BATCH,6,BATCH,73,,statements=1002
1768291176663,htap,OLTP_BATCH,3,BATCH,69,,statements=1002
1768291176665,monitor,OLAP_FRESHNESS,-1,MONITOR_QUERY,0,30503,
1768291176671,htap,OLAP_QUERY,2,MAIN_OLAP,38,30453,
1768291176672,htap,OLTP_BATCH,8,BATCH,95,,statements=1002
1768291176672,htap,OLTP_BATCH,9,BATCH,74,,statements=1002
1768291176683,htap,OLTP_BATCH,0,BATCH,86,,statements=1002
1768291176685,htap,OLTP_BATCH,4,BATCH,67,,statements=1002
1768291176696,htap,OLAP_QUERY,1,MAIN_OLAP,49,30420,
1768291176698,htap,OLTP_BATCH,2,BATCH,84,,statements=1002
1768291176713,htap,OLTP_BATCH,5,BATCH,61,,statements=1002
1768291176719,htap,OLTP_BATCH,7,BATCH,68,,statements=1002
1768291176724,htap,OLTP_BATCH,1,BATCH,68,,statements=1002
1768291176726,htap,OLTP_BATCH,6,BATCH,66,,statements=1002
1768291176726,htap,OLTP_BATCH,3,BATCH,61,,statements=1002
1768291176739,htap,OLTP_BATCH,9,BATCH,65,,statements=1002
1768291176744,htap,OLTP_BATCH,8,BATCH,70,,statements=1002
1768291176751,htap,OLTP_BATCH,0,BATCH,66,,statements=1002
1768291176752,htap,OLTP_BATCH,4,BATCH,65,,statements=1002
1768291176761,htap,OLTP_BATCH,2,BATCH,61,,statements=1002
1768291176775,htap,OLTP_BATCH,5,BATCH,60,,statements=1002
1768291176783,htap,OLTP_BATCH,7,BATCH,63,,statements=1002
1768291176788,htap,OLTP_BATCH,1,BATCH,62,,statements=1002
1768291176790,htap,OLTP_BATCH,6,BATCH,63,,statements=1002
1768291176797,htap,OLTP_BATCH,3,BATCH,69,,statements=1002
1768291176802,htap,OLTP_BATCH,9,BATCH,61,,statements=1002
1768291176807,htap,OLTP_BATCH,8,BATCH,61,,statements=1002
1768291176832,htap,OLTP_BATCH,4,BATCH,78,,statements=1002
1768291176834,htap,OLTP_BATCH,0,BATCH,81,,statements=1002
1768291176836,htap,OLTP_BATCH,2,BATCH,73,,statements=1002
1768291176847,htap,OLTP_BATCH,5,BATCH,70,,statements=1002
1768291176860,htap,OLTP_BATCH,7,BATCH,75,,statements=1002
1768291176862,htap,OLTP_BATCH,3,BATCH,63,,statements=1002
1768291176863,htap,OLTP_BATCH,1,BATCH,72,,statements=1002
1768291176865,htap,OLTP_BATCH,6,BATCH,74,,statements=1002
1768291176869,htap,OLAP_QUERY,3,MAIN_OLAP,38,30596,
1768291176880,htap,OLTP_BATCH,8,BATCH,71,,statements=1002
1768291176887,htap,OLTP_BATCH,9,BATCH,83,,statements=1002
1768291176903,htap,OLTP_BATCH,4,BATCH,69,,statements=1002
1768291176904,htap,OLTP_BATCH,0,BATCH,68,,statements=1002
1768291176910,htap,OLTP_BATCH,5,BATCH,61,,statements=1002
1768291176919,htap,OLTP_BATCH,7,BATCH,57,,statements=1002
1768291176925,htap,OLTP_BATCH,2,BATCH,87,,statements=1002
1768291176930,htap,OLTP_BATCH,1,BATCH,65,,statements=1002
1768291176932,htap,OLTP_BATCH,6,BATCH,65,,statements=1002
1768291176940,htap,OLTP_BATCH,3,BATCH,75,,statements=1002
1768291176945,htap,OLTP_BATCH,8,BATCH,64,,statements=1002
1768291176964,htap,OLTP_BATCH,9,BATCH,75,,statements=1002
1768291176979,htap,OLTP_BATCH,4,BATCH,74,,statements=1002
1768291176989,htap,OLTP_BATCH,7,BATCH,67,,statements=1002
1768291176992,htap,OLAP_QUERY,4,MAIN_OLAP,33,30733,
1768291176995,htap,OLTP_BATCH,2,BATCH,68,,statements=1002
1768291176995,htap,OLTP_BATCH,0,BATCH,89,,statements=1002
1768291177002,htap,OLTP_BATCH,1,BATCH,70,,statements=1002
1768291177002,htap,OLTP_BATCH,5,BATCH,90,,statements=1002
1768291177006,htap,OLTP_BATCH,6,BATCH,72,,statements=1002
1768291177011,htap,OLTP_BATCH,3,BATCH,68,,statements=1002
1768291177021,htap,OLTP_BATCH,8,BATCH,74,,statements=1002
1768291177059,htap,OLTP_BATCH,9,BATCH,93,,statements=1002
1768291177061,htap,OLTP_BATCH,0,BATCH,64,,statements=1002
1768291177061,htap,OLTP_BATCH,4,BATCH,80,,statements=1002
1768291177067,htap,OLTP_BATCH,7,BATCH,76,,statements=1002
1768291177068,htap,OLTP_BATCH,2,BATCH,71,,statements=1002
1768291177072,htap,OLTP_BATCH,5,BATCH,68,,statements=1002
1768291177074,htap,OLTP_BATCH,3,BATCH,61,,statements=1002
1768291177075,htap,OLTP_BATCH,6,BATCH,66,,statements=1002
1768291177080,htap,OLTP_BATCH,1,BATCH,76,,statements=1002
1768291177095,htap,OLTP_BATCH,8,BATCH,73,,statements=1002
1768291177124,htap,OLTP_BATCH,0,BATCH,61,,statements=1002
1768291177128,htap,OLTP_BATCH,4,BATCH,65,,statements=1002
1768291177131,htap,OLTP_BATCH,9,BATCH,70,,statements=1002
1768291177135,htap,OLTP_BATCH,7,BATCH,66,,statements=1002
1768291177142,htap,OLTP_BATCH,5,BATCH,68,,statements=1002
1768291177142,htap,OLTP_BATCH,3,BATCH,66,,statements=1002
1768291177145,htap,OLTP_BATCH,2,BATCH,74,,statements=1002
1768291177146,htap,OLTP_BATCH,6,BATCH,69,,statements=1002
1768291177152,htap,OLTP_BATCH,1,BATCH,70,,statements=1002
1768291177182,htap,OLTP_BATCH,8,BATCH,85,,statements=1002
1768291177194,htap,OLTP_BATCH,0,BATCH,68,,statements=1002
1768291177200,htap,OLAP_QUERY,0,MAIN_OLAP,37,30929,
1768291177209,htap,OLTP_BATCH,7,BATCH,72,,statements=1002
1768291177209,htap,OLTP_BATCH,9,BATCH,76,,statements=1002
1768291177217,htap,OLTP_BATCH,5,BATCH,73,,statements=1002
1768291177226,htap,OLTP_BATCH,4,BATCH,96,,statements=1002
1768291177239,htap,OLTP_BATCH,3,BATCH,95,,statements=1002
1768291177239,htap,OLTP_BATCH,2,BATCH,92,,statements=1002
1768291177240,htap,OLAP_QUERY,2,MAIN_OLAP,54,30955,
1768291177240,htap,OLTP_BATCH,1,BATCH,86,,statements=1002
1768291177243,htap,OLTP_BATCH,6,BATCH,95,,statements=1002
1768291177257,htap,OLTP_BATCH,8,BATCH,73,,statements=1002
1768291177268,htap,OLAP_QUERY,1,MAIN_OLAP,53,30979,
1768291177271,htap,OLTP_BATCH,0,BATCH,74,,statements=1002
1768291177276,htap,OLTP_BATCH,7,BATCH,65,,statements=1002
1768291177283,htap,OLTP_BATCH,9,BATCH,72,,statements=1002
1768291177285,htap,OLTP_BATCH,5,BATCH,60,,statements=1002
1768291177286,htap,OLTP_BATCH,4,BATCH,57,,statements=1002
1768291177303,htap,OLTP_BATCH,3,BATCH,61,,statements=1002
1768291177305,htap,OLTP_BATCH,2,BATCH,64,,statements=1002
1768291177306,htap,OLTP_BATCH,1,BATCH,64,,statements=1002
1768291177313,htap,OLTP_BATCH,6,BATCH,68,,statements=1002
1768291177319,htap,OLTP_BATCH,8,BATCH,60,,statements=1002
1768291177337,htap,OLTP_BATCH,0,BATCH,64,,statements=1002
1768291177340,htap,OLTP_BATCH,7,BATCH,62,,statements=1002
1768291177345,htap,OLTP_BATCH,9,BATCH,60,,statements=1002
1768291177347,htap,OLTP_BATCH,4,BATCH,59,,statements=1002
1768291177352,htap,OLTP_BATCH,5,BATCH,65,,statements=1002
1768291177371,htap,OLTP_BATCH,3,BATCH,67,,statements=1002
1768291177371,htap,OLTP_BATCH,2,BATCH,65,,statements=1002
1768291177374,htap,OLTP_BATCH,1,BATCH,66,,statements=1002
1768291177377,htap,OLTP_BATCH,6,BATCH,61,,statements=1002
1768291177381,htap,OLTP_BATCH,8,BATCH,60,,statements=1002
1768291177400,htap,OLTP_BATCH,0,BATCH,61,,statements=1002
1768291177404,htap,OLAP_QUERY,3,MAIN_OLAP,29,31152,
1768291177404,htap,OLTP_BATCH,7,BATCH,62,,statements=1002
1768291177407,htap,OLTP_BATCH,9,BATCH,60,,statements=1002
1768291177412,htap,OLTP_BATCH,4,BATCH,63,,statements=1002
1768291177414,htap,OLTP_BATCH,5,BATCH,60,,statements=1002
1768291177431,htap,OLTP_BATCH,3,BATCH,58,,statements=1002
1768291177435,htap,OLTP_BATCH,2,BATCH,62,,statements=1002
1768291177439,htap,OLTP_BATCH,1,BATCH,64,,statements=1002
1768291177439,htap,OLTP_BATCH,6,BATCH,59,,statements=1002
1768291177442,htap,OLTP_BATCH,8,BATCH,59,,statements=1002
1768291177465,htap,OLTP_BATCH,0,BATCH,64,,statements=1002
1768291177468,htap,OLTP_BATCH,9,BATCH,59,,statements=1002
1768291177469,htap,OLTP_BATCH,7,BATCH,63,,statements=1002
1768291177477,htap,OLTP_BATCH,5,BATCH,61,,statements=1002
1768291177479,htap,OLTP_BATCH,4,BATCH,65,,statements=1002
1768291177489,htap,OLTP_BATCH,3,BATCH,56,,statements=1002
1768291177500,htap,OLTP_BATCH,8,BATCH,56,,statements=1002
1768291177502,htap,OLTP_BATCH,1,BATCH,61,,statements=1002
1768291177503,htap,OLTP_BATCH,6,BATCH,63,,statements=1002
1768291177503,htap,OLTP_BATCH,2,BATCH,67,,statements=1002
1768291177542,htap,OLAP_QUERY,4,MAIN_OLAP,36,31210,
1768291177544,htap,OLTP_BATCH,0,BATCH,77,,statements=1002
1768291177544,htap,OLTP_BATCH,5,BATCH,65,,statements=1002
1768291177544,htap,OLTP_BATCH,4,BATCH,63,,statements=1002
1768291177546,htap,OLTP_BATCH,7,BATCH,75,,statements=1002
1768291177553,htap,OLTP_BATCH,9,BATCH,83,,statements=1002
1768291177563,htap,OLTP_BATCH,3,BATCH,73,,statements=1002
1768291177569,htap,OLTP_BATCH,1,BATCH,65,,statements=1002
1768291177571,htap,OLTP_BATCH,8,BATCH,69,,statements=1002
1768291177571,htap,OLTP_BATCH,2,BATCH,66,,statements=1002
1768291177572,htap,OLTP_BATCH,6,BATCH,67,,statements=1002
1768291177608,htap,OLTP_BATCH,5,BATCH,62,,statements=1002
1768291177614,htap,OLTP_BATCH,7,BATCH,66,,statements=1002
1768291177615,htap,OLTP_BATCH,4,BATCH,68,,statements=1002
1768291177617,htap,OLTP_BATCH,0,BATCH,71,,statements=1002
1768291177618,htap,OLTP_BATCH,9,BATCH,63,,statements=1002
1768291177630,htap,OLTP_BATCH,3,BATCH,65,,statements=1002
1768291177638,htap,OLTP_BATCH,1,BATCH,67,,statements=1002
1768291177641,htap,OLTP_BATCH,2,BATCH,68,,statements=1002
1768291177647,htap,OLTP_BATCH,8,BATCH,74,,statements=1002
1768291177648,htap,OLTP_BATCH,6,BATCH,73,,statements=1002
1768291177670,monitor,OLAP_FRESHNESS,-1,MONITOR_QUERY,0,31383,
1768291177679,htap,OLTP_BATCH,5,BATCH,69,,statements=1002
1768291177681,htap,OLTP_BATCH,7,BATCH,65,,statements=1002
1768291177683,htap,OLTP_BATCH,9,BATCH,63,,statements=1002
1768291177692,htap,OLTP_BATCH,4,BATCH,75,,statements=1002
1768291177693,htap,OLTP_BATCH,3,BATCH,60,,statements=1002
1768291177697,htap,OLTP_BATCH,0,BATCH,78,,statements=1002
1768291177709,htap,OLTP_BATCH,2,BATCH,65,,statements=1002
1768291177712,htap,OLTP_BATCH,1,BATCH,72,,statements=1002
1768291177717,htap,OLTP_BATCH,8,BATCH,68,,statements=1002
1768291177723,htap,OLTP_BATCH,6,BATCH,74,,statements=1002
1768291177749,htap,OLTP_BATCH,5,BATCH,68,,statements=1002
1768291177761,htap,OLAP_QUERY,0,MAIN_OLAP,37,31418,
1768291177763,htap,OLTP_BATCH,3,BATCH,68,,statements=1002
1768291177766,htap,OLTP_BATCH,7,BATCH,83,,statements=1002
1768291177767,htap,OLTP_BATCH,9,BATCH,82,,statements=1002
1768291177772,htap,OLTP_BATCH,4,BATCH,77,,statements=1002
1768291177772,htap,OLTP_BATCH,0,BATCH,73,,statements=1002
1768291177786,htap,OLTP_BATCH,1,BATCH,72,,statements=1002
1768291177796,htap,OLTP_BATCH,2,BATCH,85,,statements=1002
1768291177797,htap,OLTP_BATCH,6,BATCH,72,,statements=1002
1768291177797,htap,OLAP_QUERY,2,MAIN_OLAP,37,31458,
1768291177804,htap,OLTP_BATCH,8,BATCH,85,,statements=1002
1768291177810,htap,OLAP_QUERY,1,MAIN_OLAP,33,31486,
1768291177818,htap,OLTP_BATCH,5,BATCH,66,,statements=1002
1768291177829,htap,OLTP_BATCH,3,BATCH,64,,statements=1002
1768291177838,htap,OLTP_BATCH,0,BATCH,64,,statements=1002
1768291177838,htap,OLTP_BATCH,4,BATCH,64,,statements=1002
1768291177840,htap,OLTP_BATCH,9,BATCH,71,,statements=1002
1768291177843,htap,OLTP_BATCH,7,BATCH,75,,statements=1002
1768291177857,htap,OLTP_BATCH,1,BATCH,68,,statements=1002
1768291177859,htap,OLTP_BATCH,2,BATCH,61,,statements=1002
1768291177860,htap,OLTP_BATCH,6,BATCH,61,,statements=1002
1768291177863,htap,OLTP_BATCH,8,BATCH,57,,statements=1002
1768291177887,htap,OLTP_BATCH,5,BATCH,67,,statements=1002
1768291177890,htap,OLTP_BATCH,3,BATCH,59,,statements=1002
1768291177899,htap,OLTP_BATCH,0,BATCH,59,,statements=1002
1768291177902,htap,OLTP_BATCH,4,BATCH,62,,statements=1002
1768291177905,htap,OLTP_BATCH,9,BATCH,62,,statements=1002
1768291177918,htap,OLTP_BATCH,7,BATCH,74,,statements=1002
1768291177926,htap,OLTP_BATCH,1,BATCH,67,,statements=1002
1768291177929,htap,OLTP_BATCH,2,BATCH,67,,statements=1002
1768291177930,htap,OLTP_BATCH,6,BATCH,69,,statements=1002
1768291177930,htap,OLTP_BATCH,8,BATCH,65,,statements=1002
1768291177941,htap,OLAP_QUERY,3,MAIN_OLAP,26,31622,
1768291177952,htap,OLTP_BATCH,0,BATCH,52,,statements=804
1768291177957,htap,OLTP_BATCH,3,BATCH,65,,statements=1002
1768291177957,htap,OLTP_BATCH,5,BATCH,67,,statements=1002
1768291177972,htap,OLTP_BATCH,4,BATCH,68,,statements=1002
1768291177975,htap,OLTP_BATCH,9,BATCH,68,,statements=1002
1768291177995,htap,OLTP_BATCH,7,BATCH,76,,statements=1002
1768291177995,htap,OLTP_BATCH,6,BATCH,63,,statements=1002
1768291177995,htap,OLTP_BATCH,1,BATCH,67,,statements=1002
1768291177995,htap,OLTP_BATCH,8,BATCH,63,,statements=1002
1768291177995,htap,OLTP_BATCH,2,BATCH,65,,statements=1002
1768291178019,htap,OLTP_BATCH,5,BATCH,60,,statements=1002
1768291178022,htap,OLTP_BATCH,3,BATCH,63,,statements=1002
1768291178031,htap,OLTP_BATCH,4,BATCH,57,,statements=1002
1768291178038,htap,OLTP_BATCH,9,BATCH,61,,statements=1002
1768291178055,htap,OLTP_BATCH,2,BATCH,58,,statements=1002
1768291178061,htap,OLTP_BATCH,1,BATCH,64,,statements=1002
1768291178061,htap,OLTP_BATCH,6,BATCH,64,,statements=1002
1768291178063,htap,OLTP_BATCH,7,BATCH,66,,statements=1002
1768291178066,htap,OLTP_BATCH,8,BATCH,69,,statements=1002
1768291178080,htap,OLAP_QUERY,4,MAIN_OLAP,20,31760,
1768291178087,htap,OLTP_BATCH,5,BATCH,66,,statements=1002
1768291178090,htap,OLTP_BATCH,3,BATCH,66,,statements=1002
1768291178094,htap,OLTP_BATCH,4,BATCH,61,,statements=1002
1768291178106,htap,OLTP_BATCH,9,BATCH,66,,statements=1002
1768291178117,htap,OLTP_BATCH,2,BATCH,60,,statements=1002
1768291178119,htap,OLTP_BATCH,6,BATCH,56,,statements=1002
1768291178122,htap,OLTP_BATCH,1,BATCH,60,,statements=1002
1768291178131,htap,OLTP_BATCH,8,BATCH,63,,statements=1002
1768291178131,htap,OLTP_BATCH,7,BATCH,67,,statements=1002
1768291178146,htap,OLTP_BATCH,3,BATCH,54,,statements=1002
1768291178146,htap,OLTP_BATCH,5,BATCH,58,,statements=1002
1768291178155,htap,OLTP_BATCH,4,BATCH,59,,statements=1002
1768291178163,htap,OLTP_BATCH,9,BATCH,56,,statements=1002
1768291178183,htap,OLTP_BATCH,2,BATCH,65,,statements=1002
1768291178184,htap,OLTP_BATCH,6,BATCH,64,,statements=1002
1768291178193,htap,OLTP_BATCH,1,BATCH,69,,statements=1002
1768291178198,htap,OLTP_BATCH,8,BATCH,66,,statements=1002
1768291178198,htap,OLTP_BATCH,7,BATCH,65,,statements=1002
1768291178220,htap,OLTP_BATCH,3,BATCH,72,,statements=1002
1768291178223,htap,OLTP_BATCH,5,BATCH,75,,statements=1002
1768291178239,htap,OLTP_BATCH,4,BATCH,82,,statements=1002
1768291178247,htap,OLTP_BATCH,9,BATCH,82,,statements=1002
1768291178262,htap,OLTP_BATCH,2,BATCH,76,,statements=1002
1768291178263,htap,OLTP_BATCH,1,BATCH,69,,statements=1002
1768291178273,htap,OLTP_BATCH,6,BATCH,87,,statements=1002
1768291178275,htap,OLTP_BATCH,8,BATCH,75,,statements=1002
1768291178282,htap,OLTP_BATCH,7,BATCH,82,,statements=1002
1768291178296,htap,OLTP_BATCH,3,BATCH,74,,statements=1002
1768291178299,htap,OLTP_BATCH,5,BATCH,74,,statements=1002
1768291178326,htap,OLTP_BATCH,4,BATCH,85,,statements=1002
1768291178345,htap,OLTP_BATCH,1,BATCH,80,,statements=1002
1768291178348,htap,OLTP_BATCH,8,BATCH,71,,statements=1002
1768291178351,htap,OLTP_BATCH,9,BATCH,102,,statements=1002
1768291178352,htap,OLAP_QUERY,0,MAIN_OLAP,46,31874,
1768291178359,htap,OLAP_QUERY,2,MAIN_OLAP,53,31910,
1768291178361,htap,OLTP_BATCH,6,BATCH,85,,statements=1002
1768291178366,htap,OLTP_BATCH,7,BATCH,82,,statements=1002
1768291178367,htap,OLAP_QUERY,1,MAIN_OLAP,40,31923,
1768291178391,htap,OLTP_BATCH,2,BATCH,127,,statements=1002
1768291178394,htap,OLTP_BATCH,5,BATCH,92,,statements=1002
1768291178394,htap,OLTP_BATCH,3,BATCH,96,,statements=1002
1768291178394,htap,OLTP_BATCH,4,BATCH,66,,statements=1002
1768291178414,htap,OLTP_BATCH,8,BATCH,64,,statements=1002
1768291178417,htap,OLTP_BATCH,1,BATCH,70,,statements=1002
1768291178430,htap,OLTP_BATCH,9,BATCH,77,,statements=1002
1768291178435,htap,OLTP_BATCH,7,BATCH,67,,statements=1002
1768291178442,htap,OLTP_BATCH,6,BATCH,79,,statements=1002
1768291178458,htap,OLTP_BATCH,3,BATCH,59,,statements=1002
1768291178459,htap,OLTP_BATCH,2,BATCH,65,,statements=1002
1768291178471,htap,OLTP_BATCH,5,BATCH,72,,statements=1002
1768291178471,htap,OLTP_BATCH,4,BATCH,72,,statements=1002
1768291178485,htap,OLTP_BATCH,8,BATCH,69,,statements=1002
1768291178488,htap,OLAP_QUERY,3,MAIN_OLAP,39,32056,
1768291178490,htap,OLTP_BATCH,1,BATCH,71,,statements=1002
1768291178493,htap,OLTP_BATCH,9,BATCH,61,,statements=1002
1768291178501,htap,OLTP_BATCH,7,BATCH,64,,statements=1002
1768291178512,htap,OLTP_BATCH,6,BATCH,68,,statements=1002
1768291178541,htap,OLTP_BATCH,2,BATCH,80,,statements=1002
1768291178542,htap,OLTP_BATCH,5,BATCH,69,,statements=1002
1768291178542,htap,OLTP_BATCH,4,BATCH,69,,statements=1002
1768291178545,htap,OLTP_BATCH,3,BATCH,85,,statements=1002
1768291178555,htap,OLTP_BATCH,8,BATCH,68,,statements=1002
1768291178556,htap,OLTP_BATCH,9,BATCH,61,,statements=1002
1768291178563,htap,OLTP_BATCH,1,BATCH,71,,statements=1002
1768291178577,htap,OLTP_BATCH,7,BATCH,74,,statements=1002
1768291178577,htap,OLTP_BATCH,6,BATCH,63,,statements=1002
1768291178605,htap,OLAP_QUERY,4,MAIN_OLAP,20,32193,
1768291178606,htap,OLTP_BATCH,4,BATCH,62,,statements=1002
1768291178606,htap,OLTP_BATCH,2,BATCH,63,,statements=1002
1768291178609,htap,OLTP_BATCH,5,BATCH,65,,statements=1002
1768291178613,htap,OLTP_BATCH,3,BATCH,66,,statements=1002
1768291178616,htap,OLTP_BATCH,8,BATCH,59,,statements=1002
1768291178617,htap,OLTP_BATCH,9,BATCH,59,,statements=1002
1768291178625,htap,OLTP_BATCH,1,BATCH,60,,statements=1002
1768291178641,htap,OLTP_BATCH,7,BATCH,62,,statements=1002
1768291178641,htap,OLTP_BATCH,6,BATCH,61,,statements=1002
1768291178667,htap,OLTP_BATCH,5,BATCH,57,,statements=1002
1768291178667,htap,OLTP_BATCH,2,BATCH,59,,statements=1002
1768291178674,htap,OLTP_BATCH,9,BATCH,55,,statements=1002
1768291178674,htap,OLTP_BATCH,4,BATCH,66,,statements=1002
1768291178675,monitor,OLAP_FRESHNESS,-1,MONITOR_QUERY,0,32283,
1768291178675,htap,OLTP_BATCH,8,BATCH,57,,statements=1002
1768291178682,htap,OLTP_BATCH,3,BATCH,67,,statements=1002
1768291178687,htap,OLTP_BATCH,1,BATCH,61,,statements=1002
1768291178701,htap,OLTP_BATCH,7,BATCH,58,,statements=1002
1768291178708,htap,OLTP_BATCH,6,BATCH,65,,statements=1002
1768291178729,htap,OLTP_BATCH,2,BATCH,60,,statements=1002
1768291178729,htap,OLTP_BATCH,5,BATCH,61,,statements=1002
1768291178732,htap,OLTP_BATCH,9,BATCH,56,,statements=1002
1768291178741,htap,OLTP_BATCH,8,BATCH,64,,statements=1002
1768291178743,htap,OLTP_BATCH,1,BATCH,54,,statements=1002
1768291178743,htap,OLTP_BATCH,4,BATCH,66,,statements=1002
1768291178759,htap,OLTP_BATCH,3,BATCH,75,,statements=1002
1768291178770,htap,OLTP_BATCH,7,BATCH,67,,statements=1002
1768291178771,htap,OLTP_BATCH,6,BATCH,62,,statements=1002
1768291178790,htap,OLTP_BATCH,2,BATCH,59,,statements=1002
1768291178791,htap,OLTP_BATCH,5,BATCH,60,,statements=1002
1768291178798,htap,OLTP_BATCH,9,BATCH,64,,statements=1002
1768291178803,htap,OLTP_BATCH,1,BATCH,58,,statements=1002
1768291178804,htap,OLTP_BATCH,4,BATCH,60,,statements=1002
1768291178805,htap,OLTP_BATCH,8,BATCH,62,,statements=1002
1768291178823,htap,OLTP_BATCH,3,BATCH,62,,statements=1002
1768291178828,htap,OLTP_BATCH,7,BATCH,56,,statements=1002
1768291178831,htap,OLTP_BATCH,6,BATCH,58,,statements=1002
1768291178850,htap,OLTP_BATCH,5,BATCH,57,,statements=1002
1768291178851,htap,OLTP_BATCH,2,BATCH,59,,statements=1002
1768291178855,htap,OLTP_BATCH,9,BATCH,55,,statements=1002
1768291178870,htap,OLTP_BATCH,4,BATCH,65,,statements=1002
1768291178878,htap,OLTP_BATCH,8,BATCH,71,,statements=1002
1768291178885,htap,OLTP_BATCH,3,BATCH,61,,statements=1002
1768291178885,htap,OLTP_BATCH,1,BATCH,80,,statements=1002
1768291178892,htap,OLTP_BATCH,7,BATCH,62,,statements=1002
1768291178905,htap,OLTP_BATCH,6,BATCH,72,,statements=1002
1768291178912,htap,OLAP_QUERY,2,MAIN_OLAP,23,32476,
1768291178912,htap,OLAP_QUERY,0,MAIN_OLAP,34,32465,
1768291178914,htap,OLTP_BATCH,5,BATCH,63,,statements=1002
1768291178920,htap,OLTP_BATCH,2,BATCH,67,,statements=1002
1768291178930,htap,OLTP_BATCH,9,BATCH,73,,statements=1002
1768291178930,htap,OLAP_QUERY,1,MAIN_OLAP,55,32480,
1768291178939,htap,OLTP_BATCH,4,BATCH,67,,statements=1002
1768291178945,htap,OLTP_BATCH,8,BATCH,65,,statements=1002
1768291178951,htap,OLTP_BATCH,1,BATCH,63,,statements=1002
1768291178953,htap,OLTP_BATCH,3,BATCH,66,,statements=1002
1768291178954,htap,OLTP_BATCH,7,BATCH,60,,statements=1002
1768291178970,htap,OLTP_BATCH,6,BATCH,63,,statements=1002
1768291178975,htap,OLTP_BATCH,5,BATCH,59,,statements=1002
1768291178979,htap,OLTP_BATCH,2,BATCH,58,,statements=1002
1768291178994,htap,OLTP_BATCH,9,BATCH,62,,statements=1002
1768291179023,htap,OLTP_BATCH,4,BATCH,82,,statements=1002
1768291179024,htap,OLTP_BATCH,1,BATCH,71,,statements=1002
1768291179024,htap,OLTP_BATCH,3,BATCH,69,,statements=1002
1768291179024,htap,OLTP_BATCH,8,BATCH,77,,statements=1002
1768291179024,htap,OLTP_BATCH,7,BATCH,68,,statements=1002
1768291179027,htap,OLAP_QUERY,3,MAIN_OLAP,33,32601,
1768291179032,htap,OLTP_BATCH,6,BATCH,60,,statements=1002
1768291179033,htap,OLTP_BATCH,5,BATCH,56,,statements=1002
1768291179046,htap,OLTP_BATCH,2,BATCH,65,,statements=1002
1768291179061,htap,OLTP_BATCH,9,BATCH,62,,statements=1002
1768291179088,htap,OLTP_BATCH,4,BATCH,62,,statements=1002
1768291179089,htap,OLTP_BATCH,5,BATCH,54,,statements=1002
1768291179089,htap,OLTP_BATCH,1,BATCH,63,,statements=1002
1768291179089,htap,OLTP_BATCH,8,BATCH,63,,statements=1002
1768291179090,htap,OLTP_BATCH,3,BATCH,64,,statements=1002
1768291179092,htap,OLTP_BATCH,7,BATCH,66,,statements=1002
1768291179093,htap,OLTP_BATCH,6,BATCH,59,,statements=1002
1768291179102,htap,OLTP_BATCH,2,BATCH,55,,statements=1002
1768291179128,htap,OLAP_QUERY,4,MAIN_OLAP,18,32625,
1768291179131,htap,OLTP_BATCH,9,BATCH,68,,statements=1002
1768291179152,htap,OLTP_BATCH,8,BATCH,60,,statements=1002
1768291179156,htap,OLTP_BATCH,4,BATCH,66,,statements=1002
1768291179159,htap,OLTP_BATCH,5,BATCH,68,,statements=1002
1768291179159,htap,OLTP_BATCH,7,BATCH,65,,statements=1002
1768291179159,htap,OLTP_BATCH,1,BATCH,68,,statements=1002
1768291179161,htap,OLTP_BATCH,6,BATCH,66,,statements=1002
1768291179164,htap,OLTP_BATCH,3,BATCH,71,,statements=1002
1768291179173,htap,OLTP_BATCH,2,BATCH,70,,statements=1002
1768291179196,htap,OLTP_BATCH,9,BATCH,64,,statements=1002
1768291179215,htap,OLTP_BATCH,7,BATCH,54,,statements=1002
1768291179217,htap,OLTP_BATCH,4,BATCH,60,,statements=1002
1768291179220,htap,OLTP_BATCH,1,BATCH,59,,statements=1002
1768291179222,htap,OLTP_BATCH,3,BATCH,57,,statements=1002
1768291179222,htap,OLTP_BATCH,8,BATCH,68,,statements=1002
1768291179228,htap,OLTP_BATCH,5,BATCH,67,,statements=1002
1768291179239,htap,OLTP_BATCH,6,BATCH,77,,statements=1002
1768291179245,htap,OLTP_BATCH,2,BATCH,70,,statements=1002
1768291179258,htap,OLTP_BATCH,9,BATCH,59,,statements=1002
1768291179281,htap,OLTP_BATCH,7,BATCH,64,,statements=1002
1768291179282,htap,OLTP_BATCH,4,BATCH,63,,statements=1002
1768291179287,htap,OLTP_BATCH,1,BATCH,66,,statements=1002
1768291179289,htap,OLTP_BATCH,8,BATCH,65,,statements=1002
1768291179298,htap,OLTP_BATCH,3,BATCH,75,,statements=1002
1768291179298,htap,OLTP_BATCH,5,BATCH,68,,statements=1002
1768291179309,htap,OLTP_BATCH,6,BATCH,68,,statements=1002
1768291179318,htap,OLTP_BATCH,2,BATCH,71,,statements=1002
1768291179322,htap,OLTP_BATCH,9,BATCH,61,,statements=1002
1768291179340,htap,OLTP_BATCH,7,BATCH,56,,statements=1002
1768291179348,htap,OLTP_BATCH,4,BATCH,64,,statements=1002
1768291179351,htap,OLTP_BATCH,1,BATCH,62,,statements=1002
1768291179357,htap,OLTP_BATCH,5,BATCH,58,,statements=1002
1768291179358,htap,OLTP_BATCH,3,BATCH,58,,statements=1002
1768291179359,htap,OLTP_BATCH,8,BATCH,68,,statements=1002
1768291179374,htap,OLTP_BATCH,6,BATCH,63,,statements=1002
1768291179382,htap,OLTP_BATCH,2,BATCH,63,,statements=1002
1768291179384,htap,OLTP_BATCH,9,BATCH,61,,statements=1002
1768291179398,htap,OLTP_BATCH,7,BATCH,57,,statements=1002
1768291179407,htap,OLTP_BATCH,1,BATCH,54,,statements=1002
1768291179409,htap,OLTP_BATCH,4,BATCH,59,,statements=1002
1768291179427,htap,OLTP_BATCH,5,BATCH,68,,statements=1002
1768291179427,htap,OLTP_BATCH,3,BATCH,67,,statements=1002
1768291179429,htap,OLTP_BATCH,8,BATCH,68,,statements=1002
1768291179449,htap,OLTP_BATCH,2,BATCH,65,,statements=1002
1768291179455,htap,OLTP_BATCH,9,BATCH,69,,statements=1002
1768291179458,htap,OLTP_BATCH,6,BATCH,82,,statements=1002
1768291179462,htap,OLTP_BATCH,7,BATCH,62,,statements=1002
1768291179472,htap,OLAP_QUERY,1,MAIN_OLAP,37,32949,
1768291179473,htap,OLAP_QUERY,2,MAIN_OLAP,48,32931,
1768291179475,htap,OLTP_BATCH,1,BATCH,66,,statements=1002
1768291179488,htap,OLAP_QUERY,0,MAIN_OLAP,61,32931,
1768291179493,htap,OLTP_BATCH,8,BATCH,62,,statements=1002
1768291179493,htap,OLTP_BATCH,4,BATCH,82,,statements=1002
1768291179496,htap,OLTP_BATCH,5,BATCH,67,,statements=1002
1768291179517,htap,OLTP_BATCH,3,BATCH,89,,statements=1002
1768291179518,htap,OLTP_BATCH,9,BATCH,61,,statements=1002
1768291179522,htap,OLTP_BATCH,2,BATCH,71,,statements=1002
1768291179523,htap,OLTP_BATCH,7,BATCH,59,,statements=1002
1768291179528,htap,OLTP_BATCH,6,BATCH,68,,statements=1002
1768291179536,htap,OLTP_BATCH,1,BATCH,59,,statements=1002
1768291179557,htap,OLTP_BATCH,8,BATCH,62,,statements=1002
1768291179561,htap,OLTP_BATCH,5,BATCH,63,,statements=1002
1768291179563,htap,OLTP_BATCH,4,BATCH,68,,statements=1002
1768291179576,htap,OLAP_QUERY,3,MAIN_OLAP,26,33046,
1768291179577,htap,OLTP_BATCH,9,BATCH,57,,statements=1002
1768291179581,htap,OLTP_BATCH,3,BATCH,62,,statements=1002
1768291179585,htap,OLTP_BATCH,2,BATCH,61,,statements=1002
1768291179589,htap,OLTP_BATCH,7,BATCH,64,,statements=1002
1768291179595,htap,OLTP_BATCH,6,BATCH,65,,statements=1002
1768291179602,htap,OLTP_BATCH,1,BATCH,64,,statements=1002
1768291179621,htap,OLTP_BATCH,8,BATCH,63,,statements=1002
1768291179623,htap,OLTP_BATCH,4,BATCH,57,,statements=1002
1768291179626,htap,OLTP_BATCH,5,BATCH,64,,statements=1002
1768291179639,htap,OLTP_BATCH,9,BATCH,60,,statements=1002
1768291179647,htap,OLTP_BATCH,3,BATCH,64,,statements=1002
1768291179660,htap,OLTP_BATCH,2,BATCH,74,,statements=1002
1768291179660,htap,OLTP_BATCH,6,BATCH,63,,statements=1002
1768291179661,htap,OLTP_BATCH,1,BATCH,57,,statements=804
1768291179663,htap,OLTP_BATCH,7,BATCH,68,,statements=1002
1768291179665,htap,OLAP_QUERY,4,MAIN_OLAP,33,33147,
1768291179683,htap,OLTP_BATCH,4,BATCH,58,,statements=1002
1768291179684,htap,OLTP_BATCH,8,BATCH,61,,statements=1002
1768291179684,monitor,OLAP_FRESHNESS,-1,MONITOR_QUERY,0,33194,
1768291179691,htap,OLTP_BATCH,5,BATCH,63,,statements=1002
1768291179709,htap,OLTP_BATCH,9,BATCH,68,,statements=1002
1768291179713,htap,OLTP_BATCH,3,BATCH,64,,statements=1002
1768291179714,htap,OLTP_BATCH,2,BATCH,52,,statements=1002
1768291179717,htap,OLTP_BATCH,6,BATCH,54,,statements=1002
1768291179720,htap,OLTP_BATCH,7,BATCH,55,,statements=1002
1768291179747,htap,OLTP_BATCH,5,BATCH,54,,statements=1002
1768291179748,htap,OLTP_BATCH,8,BATCH,61,,statements=1002
1768291179751,htap,OLTP_BATCH,4,BATCH,66,,statements=1002
1768291179766,htap,OLTP_BATCH,9,BATCH,55,,statements=1002
1768291179768,htap,OLTP_BATCH,6,BATCH,49,,statements=1002
1768291179777,htap,OLTP_BATCH,7,BATCH,55,,statements=1002
1768291179778,htap,OLTP_BATCH,2,BATCH,63,,statements=1002
1768291179778,htap,OLTP_BATCH,3,BATCH,63,,statements=1002
1768291179803,htap,OLTP_BATCH,4,BATCH,50,,statements=1002
1768291179810,htap,OLTP_BATCH,5,BATCH,60,,statements=1002
1768291179811,htap,OLTP_BATCH,8,BATCH,61,,statements=1002
1768291179819,htap,OLTP_BATCH,9,BATCH,51,,statements=1002
1768291179822,htap,OLTP_BATCH,6,BATCH,52,,statements=1002
1768291179828,htap,OLTP_BATCH,3,BATCH,48,,statements=1002
1768291179836,htap,OLTP_BATCH,7,BATCH,57,,statements=1002
1768291179837,htap,OLTP_BATCH,2,BATCH,57,,statements=1002
1768291179866,htap,OLTP_BATCH,4,BATCH,61,,statements=1002
1768291179873,htap,OLTP_BATCH,8,BATCH,60,,statements=1002
1768291179877,htap,OLTP_BATCH,9,BATCH,56,,statements=1002
1768291179881,htap,OLTP_BATCH,5,BATCH,68,,statements=1002
1768291179885,htap,OLTP_BATCH,3,BATCH,55,,statements=1002
1768291179885,htap,OLTP_BATCH,6,BATCH,61,,statements=1002
1768291179893,htap,OLTP_BATCH,7,BATCH,55,,statements=1002
1768291179901,htap,OLTP_BATCH,2,BATCH,62,,statements=1002
1768291179931,htap,OLTP_BATCH,5,BATCH,48,,statements=1002
1768291179933,htap,OLTP_BATCH,4,BATCH,65,,statements=1002
1768291179935,htap,OLTP_BATCH,8,BATCH,60,,statements=1002
1768291179935,htap,OLTP_BATCH,9,BATCH,57,,statements=1002
1768291179947,htap,OLTP_BATCH,6,BATCH,59,,statements=1002
1768291179947,htap,OLTP_BATCH,7,BATCH,51,,statements=1002
1768291179949,htap,OLTP_BATCH,3,BATCH,62,,statements=1002
1768291179961,htap,OLTP_BATCH,2,BATCH,59,,statements=1002
1768291180018,htap,OLAP_QUERY,1,MAIN_OLAP,41,33370,
1768291180025,htap,OLAP_QUERY,0,MAIN_OLAP,33,33386,
1768291180025,htap,OLAP_QUERY,2,MAIN_OLAP,48,33371,
1768291180034,htap,OLTP_BATCH,5,BATCH,101,,statements=1002
1768291180034,htap,OLTP_BATCH,8,BATCH,97,,statements=1002
1768291180034,htap,OLTP_BATCH,3,BATCH,83,,statements=1002
1768291180034,htap,OLTP_BATCH,4,BATCH,99,,statements=1002
1768291180034,htap,OLTP_BATCH,7,BATCH,85,,statements=1002
1768291180034,htap,OLTP_BATCH,9,BATCH,98,,statements=1002
1768291180035,htap,OLTP_BATCH,6,BATCH,86,,statements=1002
1768291180047,htap,OLTP_BATCH,2,BATCH,84,,statements=1002
1768291180090,htap,OLTP_BATCH,4,BATCH,53,,statements=1002
1768291180092,htap,OLTP_BATCH,5,BATCH,55,,statements=1002
1768291180098,htap,OLTP_BATCH,9,BATCH,61,,statements=1002
1768291180098,htap,OLTP_BATCH,2,BATCH,50,,statements=1002
1768291180099,htap,OLTP_BATCH,8,BATCH,63,,statements=1002
1768291180099,htap,OLTP_BATCH,3,BATCH,62,,statements=1002
1768291180104,htap,OLTP_BATCH,6,BATCH,68,,statements=1002
1768291180106,htap,OLTP_BATCH,7,BATCH,70,,statements=1002
1768291180112,htap,OLAP_QUERY,3,MAIN_OLAP,32,33474,
1768291180148,htap,OLTP_BATCH,4,BATCH,56,,statements=1002
1768291180152,htap,OLTP_BATCH,5,BATCH,58,,statements=1002
1768291180154,htap,OLTP_BATCH,9,BATCH,54,,statements=1002
1768291180159,htap,OLTP_BATCH,6,BATCH,54,,statements=1002
1768291180159,htap,OLTP_BATCH,3,BATCH,58,,statements=1002
1768291180163,htap,OLTP_BATCH,2,BATCH,62,,statements=1002
1768291180164,htap,OLTP_BATCH,7,BATCH,55,,statements=1002
1768291180170,htap,OLTP_BATCH,8,BATCH,69,,statements=1002
1768291180200,htap,OLAP_QUERY,4,MAIN_OLAP,31,33563,
1768291180210,htap,OLTP_BATCH,5,BATCH,56,,statements=1002
1768291180212,htap,OLTP_BATCH,4,BATCH,61,,statements=1002
1768291180214,htap,OLTP_BATCH,9,BATCH,58,,statements=1002
1768291180216,htap,OLTP_BATCH,3,BATCH,55,,statements=1002
1768291180218,htap,OLTP_BATCH,6,BATCH,58,,statements=1002
1768291180226,htap,OLTP_BATCH,7,BATCH,60,,statements=1002
1768291180227,htap,OLTP_BATCH,2,BATCH,62,,statements=1002
1768291180232,htap,OLTP_BATCH,8,BATCH,61,,statements=1002
1768291180270,htap,OLTP_BATCH,5,BATCH,58,,statements=1002
1768291180275,htap,OLTP_BATCH,3,BATCH,57,,statements=1002
1768291180277,htap,OLTP_BATCH,4,BATCH,63,,statements=1002
1768291180280,htap,OLTP_BATCH,9,BATCH,64,,statements=1002
1768291180281,htap,OLTP_BATCH,6,BATCH,61,,statements=1002
1768291180290,htap,OLTP_BATCH,7,BATCH,62,,statements=1002
1768291180298,htap,OLTP_BATCH,2,BATCH,70,,statements=1002
1768291180299,htap,OLTP_BATCH,8,BATCH,63,,statements=1002
1768291180335,htap,OLTP_BATCH,4,BATCH,56,,statements=1002
1768291180335,htap,OLTP_BATCH,5,BATCH,63,,statements=1002
1768291180337,htap,OLTP_BATCH,3,BATCH,60,,statements=1002
1768291180339,htap,OLTP_BATCH,9,BATCH,58,,statements=1002
1768291180339,htap,OLTP_BATCH,6,BATCH,56,,statements=1002
1768291180355,htap,OLTP_BATCH,7,BATCH,63,,statements=1002
1768291180366,htap,OLTP_BATCH,2,BATCH,66,,statements=1002
1768291180366,htap,OLTP_BATCH,8,BATCH,65,,statements=1002
1768291180398,htap,OLTP_BATCH,5,BATCH,61,,statements=1002
1768291180402,htap,OLTP_BATCH,3,BATCH,63,,statements=1002
1768291180406,htap,OLTP_BATCH,4,BATCH,69,,statements=1002
1768291180407,htap,OLTP_BATCH,9,BATCH,66,,statements=1002
1768291180408,htap,OLTP_BATCH,6,BATCH,67,,statements=1002
1768291180426,htap,OLTP_BATCH,7,BATCH,70,,statements=1002
1768291180432,htap,OLTP_BATCH,2,BATCH,64,,statements=1002
1768291180436,htap,OLTP_BATCH,8,BATCH,67,,statements=1002
1768291180459,htap,OLTP_BATCH,3,BATCH,55,,statements=1002
1768291180461,htap,OLTP_BATCH,5,BATCH,60,,statements=1002
1768291180464,htap,OLTP_BATCH,9,BATCH,55,,statements=1002
1768291180467,htap,OLTP_BATCH,6,BATCH,57,,statements=1002
1768291180470,htap,OLTP_BATCH,4,BATCH,62,,statements=1002
1768291180480,htap,OLTP_BATCH,7,BATCH,52,,statements=1002
1768291180494,htap,OLTP_BATCH,8,BATCH,56,,statements=1002
1768291180494,htap,OLTP_BATCH,2,BATCH,61,,statements=1002
1768291180518,htap,OLTP_BATCH,3,BATCH,57,,statements=1002
1768291180521,htap,OLTP_BATCH,5,BATCH,58,,statements=1002
1768291180525,htap,OLTP_BATCH,9,BATCH,59,,statements=1002
1768291180539,htap,OLTP_BATCH,6,BATCH,70,,statements=1002
1768291180539,htap,OLTP_BATCH,4,BATCH,67,,statements=1002
1768291180545,htap,OLTP_BATCH,7,BATCH,63,,statements=1002
1768291180569,htap,OLTP_BATCH,8,BATCH,73,,statements=1002
1768291180572,htap,OLTP_BATCH,2,BATCH,76,,statements=1002
1768291180572,htap,OLAP_QUERY,1,MAIN_OLAP,42,33916,
1768291180573,htap,OLAP_QUERY,0,MAIN_OLAP,41,33923,
1768291180581,htap,OLAP_QUERY,2,MAIN_OLAP,44,33923,
1768291180586,htap,OLTP_BATCH,9,BATCH,59,,statements=1002
1768291180592,htap,OLTP_BATCH,5,BATCH,69,,statements=1002
1768291180597,htap,OLTP_BATCH,3,BATCH,77,,statements=1002
1768291180601,htap,OLTP_BATCH,6,BATCH,60,,statements=1002
1768291180605,htap,OLTP_BATCH,4,BATCH,63,,statements=1002
1768291180611,htap,OLTP_BATCH,7,BATCH,63,,statements=1002
1768291180620,htap,OLTP_BATCH,2,BATCH,47,,statements=804
1768291180633,htap,OLTP_BATCH,8,BATCH,62,,statements=1002
1768291180649,htap,OLTP_BATCH,9,BATCH,62,,statements=1002
1768291180651,htap,OLTP_BATCH,5,BATCH,57,,statements=1002
1768291180655,htap,OLTP_BATCH,3,BATCH,56,,statements=1002
1768291180656,htap,OLTP_BATCH,6,BATCH,53,,statements=1002
1768291180657,htap,OLAP_QUERY,3,MAIN_OLAP,36,34010,
1768291180666,htap,OLTP_BATCH,4,BATCH,60,,statements=1002
1768291180674,htap,OLTP_BATCH,7,BATCH,61,,statements=1002
1768291180690,monitor,OLAP_FRESHNESS,-1,MONITOR_QUERY,0,33968,
1768291180693,htap,OLTP_BATCH,8,BATCH,58,,statements=1002
1768291180710,htap,OLTP_BATCH,9,BATCH,60,,statements=1002
1768291180719,htap,OLTP_BATCH,6,BATCH,61,,statements=1002
1768291180723,htap,OLTP_BATCH,3,BATCH,66,,statements=1002
1768291180726,htap,OLTP_BATCH,5,BATCH,73,,statements=1002
1768291180729,htap,OLAP_QUERY,4,MAIN_OLAP,24,33984,
1768291180732,htap,OLTP_BATCH,4,BATCH,64,,statements=1002
1768291180746,htap,OLTP_BATCH,7,BATCH,70,,statements=1002
1768291180751,htap,OLTP_BATCH,8,BATCH,56,,statements=1002
1768291180766,htap,OLTP_BATCH,9,BATCH,54,,statements=1002
1768291180785,htap,OLTP_BATCH,6,BATCH,64,,statements=1002
1768291180788,htap,OLTP_BATCH,4,BATCH,55,,statements=1002
1768291180791,htap,OLTP_BATCH,3,BATCH,66,,statements=1002
1768291180795,htap,OLTP_BATCH,5,BATCH,67,,statements=1002
1768291180810,htap,OLTP_BATCH,7,BATCH,62,,statements=1002
1768291180814,htap,OLTP_BATCH,8,BATCH,61,,statements=1002
1768291180831,htap,OLTP_BATCH,9,BATCH,63,,statements=1002
1768291180838,htap,OLTP_BATCH,6,BATCH,51,,statements=1002
1768291180849,htap,OLTP_BATCH,4,BATCH,59,,statements=1002
1768291180855,htap,OLTP_BATCH,5,BATCH,58,,statements=1002
1768291180855,htap,OLTP_BATCH,3,BATCH,63,,statements=1002
1768291180869,htap,OLTP_BATCH,8,BATCH,53,,statements=1002
1768291180870,htap,OLTP_BATCH,7,BATCH,58,,statements=1002
1768291180897,htap,OLTP_BATCH,9,BATCH,64,,statements=1002
1768291180897,htap,OLTP_BATCH,6,BATCH,58,,statements=1002
1768291180904,htap,OLTP_BATCH,4,BATCH,53,,statements=1002
1768291180920,htap,OLTP_BATCH,5,BATCH,63,,statements=1002
1768291180923,htap,OLTP_BATCH,8,BATCH,52,,statements=1002
1768291180923,htap,OLTP_BATCH,3,BATCH,65,,statements=1002
1768291180930,htap,OLTP_BATCH,7,BATCH,58,,statements=1002
1768291180953,htap,OLTP_BATCH,9,BATCH,54,,statements=1002
1768291180955,htap,OLTP_BATCH,4,BATCH,49,,statements=1002
1768291180964,htap,OLTP_BATCH,6,BATCH,65,,statements=1002
1768291180975,htap,OLTP_BATCH,5,BATCH,54,,statements=1002
1768291180978,htap,OLTP_BATCH,8,BATCH,54,,statements=1002
1768291180984,htap,OLTP_BATCH,3,BATCH,58,,statements=1002
1768291180991,htap,OLTP_BATCH,7,BATCH,57,,statements=1002
1768291181009,htap,OLTP_BATCH,9,BATCH,54,,statements=1002
1768291181013,htap,OLTP_BATCH,4,BATCH,55,,statements=1002
1768291181019,htap,OLTP_BATCH,6,BATCH,53,,statements=1002
1768291181030,htap,OLTP_BATCH,5,BATCH,53,,statements=1002
1768291181032,htap,OLTP_BATCH,8,BATCH,52,,statements=1002
1768291181034,htap,OLTP_BATCH,3,BATCH,48,,statements=804
1768291181048,htap,OLTP_BATCH,7,BATCH,55,,statements=1002
1768291181055,htap,OLTP_BATCH,4,BATCH,41,,statements=804
1768291181067,htap,OLTP_BATCH,9,BATCH,56,,statements=1002
1768291181073,htap,OLTP_BATCH,6,BATCH,53,,statements=1002
1768291181083,htap,OLTP_BATCH,5,BATCH,51,,statements=1002
1768291181096,htap,OLTP_BATCH,8,BATCH,63,,statements=1002
1768291181111,htap,OLTP_BATCH,7,BATCH,62,,statements=1002
1768291181125,htap,OLAP_QUERY,1,MAIN_OLAP,48,34355,
1768291181126,htap,OLAP_QUERY,2,MAIN_OLAP,39,34364,
1768291181130,htap,OLTP_BATCH,9,BATCH,61,,statements=1002
1768291181133,htap,OLAP_QUERY,0,MAIN_OLAP,56,34356,
1768291181141,htap,OLTP_BATCH,6,BATCH,66,,statements=1002
1768291181144,htap,OLTP_BATCH,5,BATCH,59,,statements=1002
1768291181174,htap,OLTP_BATCH,8,BATCH,76,,statements=1002
1768291181174,htap,OLTP_BATCH,7,BATCH,60,,statements=1002
1768291181177,htap,OLTP_BATCH,9,BATCH,45,,statements=804
1768291181181,htap,OLAP_QUERY,3,MAIN_OLAP,20,34440,
1768291181191,htap,OLTP_BATCH,6,BATCH,47,,statements=1002
1768291181212,htap,OLTP_BATCH,5,BATCH,66,,statements=1002
1768291181219,htap,OLTP_BATCH,7,BATCH,43,,statements=1002
1768291181240,htap,OLTP_BATCH,6,BATCH,48,,statements=1002
1768291181244,htap,OLTP_BATCH,8,BATCH,68,,statements=1002
1768291181250,htap,OLAP_QUERY,4,MAIN_OLAP,18,34512,
1768291181262,htap,OLTP_BATCH,5,BATCH,48,,statements=1002
1768291181266,htap,OLTP_BATCH,7,BATCH,46,,statements=1002
1768291181293,htap,OLTP_BATCH,8,BATCH,47,,statements=1002
1768291181298,htap,OLTP_BATCH,6,BATCH,56,,statements=1002
1768291181317,htap,OLTP_BATCH,7,BATCH,49,,statements=1002
1768291181318,htap,OLTP_BATCH,5,BATCH,54,,statements=1002
1768291181341,htap,OLTP_BATCH,8,BATCH,46,,statements=1002
1768291181346,htap,OLTP_BATCH,6,BATCH,47,,statements=1002
1768291181354,htap,OLTP_BATCH,5,BATCH,35,,statements=804
1768291181380,htap,OLTP_BATCH,7,BATCH,61,,statements=1002
1768291181390,htap,OLTP_BATCH,8,BATCH,46,,statements=1002
1768291181395,htap,OLTP_BATCH,6,BATCH,48,,statements=1002
1768291181435,htap,OLTP_BATCH,7,BATCH,54,,statements=1002
1768291181435,htap,OLTP_BATCH,6,BATCH,39,,statements=804
1768291181442,htap,OLTP_BATCH,8,BATCH,50,,statements=1002
1768291181481,htap,OLTP_BATCH,7,BATCH,45,,statements=1002
1768291181490,htap,OLTP_BATCH,8,BATCH,46,,statements=1002
1768291181520,htap,OLTP_BATCH,7,BATCH,38,,statements=804
1768291181537,htap,OLTP_BATCH,8,BATCH,45,,statements=1002
1768291181583,htap,OLTP_BATCH,8,BATCH,44,,statements=1002
1768291181625,htap,OLTP_BATCH,8,BATCH,41,,statements=1002
1768291181661,htap,OLAP_QUERY,1,MAIN_OLAP,29,34723,
1768291181663,htap,OLAP_QUERY,2,MAIN_OLAP,30,34723,
1768291181666,htap,OLAP_QUERY,0,MAIN_OLAP,28,34730,
1768291181683,htap,OLTP_BATCH,8,BATCH,56,,statements=1002
1768291181697,monitor,OLAP_FRESHNESS,-1,MONITOR_QUERY,0,34787,
1768291181700,htap,OLAP_QUERY,3,MAIN_OLAP,16,34778,
1768291181727,htap,OLTP_BATCH,8,BATCH,42,,statements=1002
1768291181769,htap,OLTP_BATCH,8,BATCH,41,,statements=804
1768291181769,htap,OLAP_QUERY,4,MAIN_OLAP,16,34847,
1768291182196,htap,OLAP_QUERY,1,MAIN_OLAP,30,35258,
1768291182197,htap,OLAP_QUERY,2,MAIN_OLAP,30,35260,
1768291182204,htap,OLAP_QUERY,0,MAIN_OLAP,34,35263,
1768291182221,htap,OLAP_QUERY,3,MAIN_OLAP,18,35297,
1768291182296,htap,OLAP_QUERY,4,MAIN_OLAP,22,35175,
1768291182732,monitor,OLAP_FRESHNESS,-1,MONITOR_QUERY,0,35602,
1768291182763,htap,OLAP_QUERY,1,MAIN_OLAP,56,35601,
1768291182766,htap,OLAP_QUERY,0,MAIN_OLAP,57,35609,
1768291182766,htap,OLAP_QUERY,2,MAIN_OLAP,63,35602,
1768291182770,htap,OLAP_QUERY,3,MAIN_OLAP,46,35626,
1768291182816,htap,OLAP_QUERY,4,MAIN_OLAP,17,35701,
1768291183314,htap,OLAP_QUERY,1,MAIN_OLAP,43,35952,
1768291183330,htap,OLAP_QUERY,0,MAIN_OLAP,50,35955,
1768291183333,htap,OLAP_QUERY,3,MAIN_OLAP,49,35962,
1768291183333,htap,OLAP_QUERY,2,MAIN_OLAP,51,35955,
1768291183341,htap,OLAP_QUERY,4,MAIN_OLAP,22,36005,
1768291183738,monitor,OLAP_FRESHNESS,-1,MONITOR_QUERY,0,36421,
1768291183844,htap,OLAP_QUERY,1,MAIN_OLAP,17,36503,
1768291183888,htap,OLAP_QUERY,0,MAIN_OLAP,49,36280,
1768291183892,htap,OLAP_QUERY,2,MAIN_OLAP,55,36283,
1768291183892,htap,OLAP_QUERY,4,MAIN_OLAP,48,36291,
1768291183893,htap,OLAP_QUERY,3,MAIN_OLAP,55,36283,
1768291184370,htap,OLAP_QUERY,1,MAIN_OLAP,21,36794,
1768291184438,htap,OLAP_QUERY,4,MAIN_OLAP,41,36842,
1768291184440,htap,OLAP_QUERY,0,MAIN_OLAP,43,36838,
1768291184441,htap,OLAP_QUERY,3,MAIN_OLAP,44,36843,
1768291184443,htap,OLAP_QUERY,2,MAIN_OLAP,47,36842,
1768291184742,monitor,OLAP_FRESHNESS,-1,MONITOR_QUERY,0,36981,
1768291184892,htap,OLAP_QUERY,1,MAIN_OLAP,19,37113,
1768291184989,htap,OLAP_QUERY,0,MAIN_OLAP,44,37183,
1768291184990,htap,OLAP_QUERY,4,MAIN_OLAP,44,37181,
1768291184996,htap,OLAP_QUERY,3,MAIN_OLAP,52,37184,
1768291184996,htap,OLAP_QUERY,2,MAIN_OLAP,50,37186,
1768291185416,htap,OLAP_QUERY,1,MAIN_OLAP,21,37635,
1768291185551,htap,OLAP_QUERY,4,MAIN_OLAP,55,37504,
1768291185552,htap,OLAP_QUERY,3,MAIN_OLAP,52,37510,
1768291185552,htap,OLAP_QUERY,0,MAIN_OLAP,59,37503,
1768291185559,htap,OLAP_QUERY,2,MAIN_OLAP,58,37511,
1768291185745,monitor,OLAP_FRESHNESS,-1,MONITOR_QUERY,0,37756,
1768291185938,htap,OLAP_QUERY,1,MAIN_OLAP,18,37930,
1768291186107,htap,OLAP_QUERY,0,MAIN_OLAP,48,38066,
1768291186107,htap,OLAP_QUERY,4,MAIN_OLAP,49,38067,
1768291186108,htap,OLAP_QUERY,3,MAIN_OLAP,50,38066,
1768291186112,htap,OLAP_QUERY,2,MAIN_OLAP,49,38073,
1768291186457,htap,OLAP_QUERY,1,MAIN_OLAP,16,38226,
1768291186662,htap,OLAP_QUERY,3,MAIN_OLAP,49,38396,
1768291186664,htap,OLAP_QUERY,0,MAIN_OLAP,53,38395,
1768291186665,htap,OLAP_QUERY,4,MAIN_OLAP,53,38395,
1768291186665,htap,OLAP_QUERY,2,MAIN_OLAP,48,38402,
1768291186749,monitor,OLAP_FRESHNESS,-1,MONITOR_QUERY,0,38533,
1768291186977,htap,OLAP_QUERY,1,MAIN_OLAP,17,38745,
1768291187219,htap,OLAP_QUERY,2,MAIN_OLAP,50,38703,
1768291187219,htap,OLAP_QUERY,3,MAIN_OLAP,51,38701,
1768291187220,htap,OLAP_QUERY,0,MAIN_OLAP,52,38702,
1768291187220,htap,OLAP_QUERY,4,MAIN_OLAP,50,38703,
1768291187498,htap,OLAP_QUERY,1,MAIN_OLAP,17,39015,
1768291187764,monitor,OLAP_FRESHNESS,-1,MONITOR_QUERY,0,39287,
1768291187775,htap,OLAP_QUERY,3,MAIN_OLAP,51,39257,
1768291187775,htap,OLAP_QUERY,4,MAIN_OLAP,48,39259,
1768291187779,htap,OLAP_QUERY,2,MAIN_OLAP,57,39257,
1768291187779,htap,OLAP_QUERY,0,MAIN_OLAP,55,39259,
1768291188021,htap,OLAP_QUERY,1,MAIN_OLAP,19,39326,
1768291188324,htap,OLAP_QUERY,4,MAIN_OLAP,40,39603,
1768291188329,htap,OLAP_QUERY,3,MAIN_OLAP,45,39603,
1768291188334,htap,OLAP_QUERY,2,MAIN_OLAP,50,39608,
1768291188336,htap,OLAP_QUERY,0,MAIN_OLAP,52,39608,
1768291188544,htap,OLAP_QUERY,1,MAIN_OLAP,19,39849,
1768291188768,monitor,OLAP_FRESHNESS,-1,MONITOR_QUERY,0,39867,
1768291188882,htap,OLAP_QUERY,3,MAIN_OLAP,43,39933,
1768291188887,htap,OLAP_QUERY,0,MAIN_OLAP,46,39939,
1768291188891,htap,OLAP_QUERY,4,MAIN_OLAP,64,39927,
1768291188893,htap,OLAP_QUERY,2,MAIN_OLAP,55,39937,
1768291189067,htap,OLAP_QUERY,1,MAIN_OLAP,20,40147,
1768291189438,htap,OLAP_QUERY,3,MAIN_OLAP,49,40485,
1768291189439,htap,OLAP_QUERY,0,MAIN_OLAP,45,40490,
1768291189446,htap,OLAP_QUERY,4,MAIN_OLAP,51,40494,
1768291189448,htap,OLAP_QUERY,2,MAIN_OLAP,50,40496,
1768291189594,htap,OLAP_QUERY,1,MAIN_OLAP,24,40463,
1768291189772,monitor,OLAP_FRESHNESS,-1,MONITOR_QUERY,0,40664,
1768291190001,htap,OLAP_QUERY,4,MAIN_OLAP,47,40842,
1768291190002,htap,OLAP_QUERY,3,MAIN_OLAP,55,40834,
1768291190003,htap,OLAP_QUERY,0,MAIN_OLAP,55,40835,
1768291190007,htap,OLAP_QUERY,2,MAIN_OLAP,56,40844,
1768291190118,htap,OLAP_QUERY,1,MAIN_OLAP,20,40990,
1768291190564,htap,OLAP_QUERY,0,MAIN_OLAP,57,41170,
1768291190564,htap,OLAP_QUERY,2,MAIN_OLAP,53,41174,
1768291190564,htap,OLAP_QUERY,3,MAIN_OLAP,58,41169,
1768291190565,htap,OLAP_QUERY,4,MAIN_OLAP,59,41168,
1768291190640,htap,OLAP_QUERY,1,MAIN_OLAP,18,41285,
1768291190776,monitor,OLAP_FRESHNESS,-1,MONITOR_QUERY,0,41439,
1768291191129,htap,OLAP_QUERY,0,MAIN_OLAP,60,41491,
1768291191129,htap,OLAP_QUERY,4,MAIN_OLAP,59,41492,
1768291191129,htap,OLAP_QUERY,2,MAIN_OLAP,60,41491,
1768291191133,htap,OLAP_QUERY,3,MAIN_OLAP,65,41491,
1768291191162,htap,OLAP_QUERY,1,MAIN_OLAP,19,41567,
1768291191707,htap,OLAP_QUERY,3,MAIN_OLAP,67,42060,
1768291191707,htap,OLAP_QUERY,2,MAIN_OLAP,69,42057,
1768291191707,htap,OLAP_QUERY,4,MAIN_OLAP,70,42056,
1768291191707,htap,OLAP_QUERY,0,MAIN_OLAP,70,42056,
1768291191711,htap,OLAP_QUERY,1,MAIN_OLAP,45,42089,
1768291191784,monitor,OLAP_FRESHNESS,-1,MONITOR_QUERY,0,42203,
1768291192284,htap,OLAP_QUERY,4,MAIN_OLAP,68,42431,
1768291192284,htap,OLAP_QUERY,3,MAIN_OLAP,68,42431,
1768291192288,htap,OLAP_QUERY,2,MAIN_OLAP,69,42431,
1768291192290,htap,OLAP_QUERY,0,MAIN_OLAP,78,42431,
1768291192290,htap,OLAP_QUERY,1,MAIN_OLAP,74,42435,
1768291192788,monitor,OLAP_FRESHNESS,-1,MONITOR_QUERY,0,42778,
1768291192872,htap,OLAP_QUERY,2,MAIN_OLAP,78,42782,
1768291192872,htap,OLAP_QUERY,4,MAIN_OLAP,82,42778,
1768291192875,htap,OLAP_QUERY,3,MAIN_OLAP,86,42778,
1768291192876,htap,OLAP_QUERY,1,MAIN_OLAP,82,42784,
1768291192877,htap,OLAP_QUERY,0,MAIN_OLAP,83,42785,
1768291193458,htap,OLAP_QUERY,2,MAIN_OLAP,81,43366,
1768291193458,htap,OLAP_QUERY,1,MAIN_OLAP,78,43370,
1768291193458,htap,OLAP_QUERY,4,MAIN_OLAP,81,43366,
1768291193458,htap,OLAP_QUERY,3,MAIN_OLAP,78,43369,
1768291193460,htap,OLAP_QUERY,0,MAIN_OLAP,80,43371,
1768291193792,monitor,OLAP_FRESHNESS,-1,MONITOR_QUERY,0,43571,
1768291194043,htap,OLAP_QUERY,1,MAIN_OLAP,75,43741,
1768291194047,htap,OLAP_QUERY,3,MAIN_OLAP,85,43741,
1768291194047,htap,OLAP_QUERY,0,MAIN_OLAP,78,43743,
1768291194052,htap,OLAP_QUERY,2,MAIN_OLAP,80,43741,
1768291194057,htap,OLAP_QUERY,4,MAIN_OLAP,94,43741,
1768291194630,htap,OLAP_QUERY,3,MAIN_OLAP,72,44097,
1768291194631,htap,OLAP_QUERY,1,MAIN_OLAP,76,44093,
1768291194634,htap,OLAP_QUERY,4,MAIN_OLAP,73,44107,
1768291194634,htap,OLAP_QUERY,0,MAIN_OLAP,82,44097,
1768291194634,htap,OLAP_QUERY,2,MAIN_OLAP,77,44102,
1768291194796,monitor,OLAP_FRESHNESS,-1,MONITOR_QUERY,0,44342,
1768291195221,htap,OLAP_QUERY,4,MAIN_OLAP,66,44456,
1768291195231,htap,OLAP_QUERY,2,MAIN_OLAP,90,44456,
1768291195233,htap,OLAP_QUERY,1,MAIN_OLAP,97,44453,
1768291195234,htap,OLAP_QUERY,3,MAIN_OLAP,97,44452,
1768291195235,htap,OLAP_QUERY,0,MAIN_OLAP,90,44461,
1768291195816,htap,OLAP_QUERY,4,MAIN_OLAP,69,45043,
1768291195818,monitor,OLAP_FRESHNESS,-1,MONITOR_QUERY,0,45118,
1768291195824,htap,OLAP_QUERY,1,MAIN_OLAP,81,45056,
1768291195824,htap,OLAP_QUERY,0,MAIN_OLAP,80,45057,
1768291195824,htap,OLAP_QUERY,2,MAIN_OLAP,86,45053,
1768291195829,htap,OLAP_QUERY,3,MAIN_OLAP,91,45056,
1768291196418,htap,OLAP_QUERY,2,MAIN_OLAP,85,45436,
1768291196418,htap,OLAP_QUERY,4,MAIN_OLAP,93,45428,
1768291196421,htap,OLAP_QUERY,3,MAIN_OLAP,88,45441,
1768291196423,htap,OLAP_QUERY,1,MAIN_OLAP,94,45436,
1768291196424,htap,OLAP_QUERY,0,MAIN_OLAP,93,45436,
1768291196822,monitor,OLAP_FRESHNESS,-1,MONITOR_QUERY,0,45709,
1768291197009,htap,OLAP_QUERY,4,MAIN_OLAP,83,45809,
1768291197013,htap,OLAP_QUERY,3,MAIN_OLAP,86,45812,
1768291197014,htap,OLAP_QUERY,0,MAIN_OLAP,81,45818,
1768291197017,htap,OLAP_QUERY,2,MAIN_OLAP,95,45809,
1768291197017,htap,OLAP_QUERY,1,MAIN_OLAP,90,45814,
1768291197604,htap,OLAP_QUERY,4,MAIN_OLAP,89,46198,
1768291197606,htap,OLAP_QUERY,1,MAIN_OLAP,83,46206,
1768291197606,htap,OLAP_QUERY,2,MAIN_OLAP,85,46206,
1768291197606,htap,OLAP_QUERY,0,MAIN_OLAP,88,46203,
1768291197608,htap,OLAP_QUERY,3,MAIN_OLAP,90,46203,
1768291197826,monitor,OLAP_FRESHNESS,-1,MONITOR_QUERY,0,46511,
1768291198192,htap,OLAP_QUERY,1,MAIN_OLAP,75,46795,
1768291198192,htap,OLAP_QUERY,0,MAIN_OLAP,80,46795,
1768291198192,htap,OLAP_QUERY,4,MAIN_OLAP,81,46793,
1768291198193,htap,OLAP_QUERY,2,MAIN_OLAP,79,46795,
1768291198196,htap,OLAP_QUERY,3,MAIN_OLAP,84,46797,
1768291198783,htap,OLAP_QUERY,4,MAIN_OLAP,80,47177,
1768291198785,htap,OLAP_QUERY,1,MAIN_OLAP,85,47177,
1768291198785,htap,OLAP_QUERY,2,MAIN_OLAP,83,47179,
1768291198786,htap,OLAP_QUERY,0,MAIN_OLAP,87,47177,
1768291198788,htap,OLAP_QUERY,3,MAIN_OLAP,88,47181,
1768291198831,monitor,OLAP_FRESHNESS,-1,MONITOR_QUERY,0,47311,
1768291199381,htap,OLAP_QUERY,4,MAIN_OLAP,85,47537,
1768291199382,htap,OLAP_QUERY,0,MAIN_OLAP,82,47540,
1768291199385,htap,OLAP_QUERY,1,MAIN_OLAP,96,47539,
1768291199386,htap,OLAP_QUERY,3,MAIN_OLAP,94,47542,
1768291199387,htap,OLAP_QUERY,2,MAIN_OLAP,98,47539,
1768291199835,monitor,OLAP_FRESHNESS,-1,MONITOR_QUERY,0,48085,
1768291199983,htap,OLAP_QUERY,4,MAIN_OLAP,87,47916,
1768291199984,htap,OLAP_QUERY,1,MAIN_OLAP,86,47920,
1768291199987,htap,OLAP_QUERY,0,MAIN_OLAP,100,47917,
1768291199988,htap,OLAP_QUERY,3,MAIN_OLAP,93,47926,
1768291199988,htap,OLAP_QUERY,2,MAIN_OLAP,97,47922,
1768291200584,htap,OLAP_QUERY,3,MAIN_OLAP,90,48523,
1768291200585,htap,OLAP_QUERY,4,MAIN_OLAP,93,48518,
1768291200585,htap,OLAP_QUERY,0,MAIN_OLAP,87,48527,
1768291200585,htap,OLAP_QUERY,1,MAIN_OLAP,88,48519,
1768291200589,htap,OLAP_QUERY,2,MAIN_OLAP,96,48523,
1768291200839,monitor,OLAP_FRESHNESS,-1,MONITOR_QUERY,0,48676,
1768291201179,htap,OLAP_QUERY,1,MAIN_OLAP,85,48925,
1768291201180,htap,OLAP_QUERY,3,MAIN_OLAP,79,48924,
1768291201181,htap,OLAP_QUERY,0,MAIN_OLAP,90,48925,
1768291201183,htap,OLAP_QUERY,4,MAIN_OLAP,95,48925,
1768291201183,htap,OLAP_QUERY,2,MAIN_OLAP,91,48929,
1768291201778,htap,OLAP_QUERY,3,MAIN_OLAP,87,49313,
1768291201778,htap,OLAP_QUERY,0,MAIN_OLAP,91,49314,
1768291201781,htap,OLAP_QUERY,1,MAIN_OLAP,95,49312,
1768291201781,htap,OLAP_QUERY,2,MAIN_OLAP,94,49316,
1768291201787,htap,OLAP_QUERY,4,MAIN_OLAP,100,49316,
1768291201843,monitor,OLAP_FRESHNESS,-1,MONITOR_QUERY,0,49472,
1768291202371,htap,OLAP_QUERY,3,MAIN_OLAP,71,49675,
1768291202381,htap,OLAP_QUERY,0,MAIN_OLAP,98,49676,
1768291202381,htap,OLAP_QUERY,1,MAIN_OLAP,97,49678,
1768291202381,htap,OLAP_QUERY,4,MAIN_OLAP,89,49684,
1768291202384,htap,OLAP_QUERY,2,MAIN_OLAP,97,49678,
1768291202847,monitor,OLAP_FRESHNESS,-1,MONITOR_QUERY,0,50240,
1768291202963,htap,OLAP_QUERY,0,MAIN_OLAP,72,50279,
1768291202963,htap,OLAP_QUERY,3,MAIN_OLAP,83,50268,
1768291202964,htap,OLAP_QUERY,4,MAIN_OLAP,76,50279,
1768291202968,htap,OLAP_QUERY,1,MAIN_OLAP,82,50279,
1768291202979,htap,OLAP_QUERY,2,MAIN_OLAP,91,50281,
